username,Chapter,Correct,Incorrect,Total,accuracy
review,5,1,0,1,
review,6,1,0,1,
review,3,1,0,1,
review,2,1,0,1,
review,1,1,0,1,
review,4,1,0,1,
rdm,1,6,1,7,0.8571428571428571
rdm,2,6,1,7,0.8571428571428571
rdm,3,6,1,7,0.8571428571428571
rdm,6,6,2,8,0.75
rdm,4,6,1,7,0.8571428571428571
rdm,5,6,1,7,0.8571428571428571
