event_id,user_id,timestamp,event_type,payload
dd003aa3-268c-4fa1-8c3a-873b1d832645,08a5fa48-2936-465e-affa-5558331c8a8d,2026-01-01 00:00:00,user_created,"{""location"": ""CA"", ""age"": 12, ""gender"": ""male"", ""sample_id"": ""dev_1""}"
3bbfc52a-468c-407b-8731-f6974c968fb8,08a5fa48-2936-465e-affa-5558331c8a8d,2026-01-01 17:13:54,play_attempt,"{""level_attempt_id"": ""1b8c91bb-2139-4435-be82-53656be92ecc"", ""level"": 1, ""device"": ""tablet"", ""completed"": false, ""passed"": false, ""session_duration_seconds"": 66, ""sample_id"": ""dev_1""}"
bef8ca88-fbf1-4ece-bf84-3d4e693e9015,08a5fa48-2936-465e-affa-5558331c8a8d,2026-01-01 17:15:00.058973,play_attempt,"{""level_attempt_id"": ""5e6122f5-0799-42b8-af4b-eaf2d9ed7e84"", ""level"": 1, ""device"": ""tablet"", ""completed"": true, ""passed"": true, ""session_duration_seconds"": 221, ""sample_id"": ""dev_1""}"
4eed36a3-419b-443a-91d9-b23bbe15ecef,08a5fa48-2936-465e-affa-5558331c8a8d,2026-01-01 17:18:41.547024,play_attempt,"{""level_attempt_id"": ""fb1e8299-5fb6-4955-a6b0-c4469adf8db6"", ""level"": 2, ""device"": ""tablet"", ""completed"": true, ""passed"": true, ""session_duration_seconds"": 143, ""sample_id"": ""dev_1""}"
f74d53b5-7871-44a3-a2bd-f41fdd2650e0,08a5fa48-2936-465e-affa-5558331c8a8d,2026-01-01 17:21:04.984842,play_attempt,"{""level_attempt_id"": ""60fe191d-4d48-466e-8223-3f398b15a2cc"", ""level"": 3, ""device"": ""phone"", ""completed"": false, ""passed"": false, ""session_duration_seconds"": 415, ""sample_id"": ""dev_1""}"
d286615c-83ef-4a2c-a2fb-96b24ab2a952,08a5fa48-2936-465e-affa-5558331c8a8d,2026-01-01 17:28:00.881217,play_attempt,"{""level_attempt_id"": ""a4a5c03a-f4ac-43b2-be08-5c5b43f5848b"", ""level"": 3, ""device"": ""phone"", ""completed"": true, ""passed"": true, ""session_duration_seconds"": 549, ""sample_id"": ""dev_1""}"
94bb97e4-a063-437a-a383-c7a097bbf3d1,08a5fa48-2936-465e-affa-5558331c8a8d,2026-01-01 17:37:10.362819,play_attempt,"{""level_attempt_id"": ""7fbd4b5e-f7a8-4c30-8bfc-4f66c60614cc"", ""level"": 4, ""device"": ""desktop"", ""completed"": true, ""passed"": true, ""session_duration_seconds"": 249, ""sample_id"": ""dev_1""}"
9dc5f82e-a2c2-4db3-87fc-7d371d6379e1,08a5fa48-2936-465e-affa-5558331c8a8d,2026-01-02 17:41:20.036237,play_attempt,"{""level_attempt_id"": ""0fd20b75-a880-4e7d-ac8c-5289850ec910"", ""level"": 5, ""device"": ""desktop"", ""completed"": true, ""passed"": true, ""session_duration_seconds"": 528, ""sample_id"": ""dev_1""}"
7313c197-ea63-4790-ba22-e410434342b5,08a5fa48-2936-465e-affa-5558331c8a8d,2026-01-30 17:50:08.775766,play_attempt,"{""level_attempt_id"": ""5e1e0fb6-b2ac-45cf-bcdb-7c448911f09c"", ""level"": 6, ""device"": ""desktop"", ""completed"": true, ""passed"": true, ""session_duration_seconds"": 192, ""sample_id"": ""dev_1""}"
188e1197-bf46-406d-a5e6-cada7dbcb3ab,08a5fa48-2936-465e-affa-5558331c8a8d,2026-01-30 17:53:20.883713,play_attempt,"{""level_attempt_id"": ""55f7405d-d413-4119-bfc3-a0ed81f0b9d5"", ""level"": 7, ""device"": ""desktop"", ""completed"": true, ""passed"": true, ""session_duration_seconds"": 368, ""sample_id"": ""dev_1""}"
455a5727-7bcd-4112-aa7c-6d086e2ab960,08a5fa48-2936-465e-affa-5558331c8a8d,2026-02-28 17:59:29.538225,play_attempt,"{""level_attempt_id"": ""f76f073b-eb5d-4e7b-bd31-c8ece5fdfa1b"", ""level"": 8, ""device"": ""desktop"", ""completed"": true, ""passed"": true, ""session_duration_seconds"": 287, ""sample_id"": ""dev_1""}"
948ed7d3-e363-476c-8182-55c922b392d7,08a5fa48-2936-465e-affa-5558331c8a8d,2026-02-28 18:04:16.542541,play_attempt,"{""level_attempt_id"": ""a7ddeec6-46de-48e0-b916-63994fdfc9b6"", ""level"": 9, ""device"": ""desktop"", ""completed"": false, ""passed"": false, ""session_duration_seconds"": 275, ""sample_id"": ""dev_1""}"
4afa8415-0c57-4aa5-95ee-482c2c20c058,08a5fa48-2936-465e-affa-5558331c8a8d,2026-02-28 18:08:51.544841,play_attempt,"{""level_attempt_id"": ""c197b7d3-4b8e-4604-b175-24c06c2ef474"", ""level"": 9, ""device"": ""phone"", ""completed"": false, ""passed"": false, ""session_duration_seconds"": 314, ""sample_id"": ""dev_1""}"
d5d966ce-eacf-44eb-b8a7-636109399c82,08a5fa48-2936-465e-affa-5558331c8a8d,2026-02-28 18:14:06.27033,play_attempt,"{""level_attempt_id"": ""a93a81da-8369-4d8e-a84d-3271d1ee882e"", ""level"": 9, ""device"": ""phone"", ""completed"": true, ""passed"": true, ""session_duration_seconds"": 192, ""sample_id"": ""dev_1""}"
d60c3645-b2b1-42d7-9584-bdcd15b99b0c,08a5fa48-2936-465e-affa-5558331c8a8d,2026-02-28 18:17:18.936958,play_attempt,"{""level_attempt_id"": ""95e38a32-6c8d-44b0-ad8d-db27e4ccbac7"", ""level"": 10, ""device"": ""tablet"", ""completed"": true, ""passed"": true, ""session_duration_seconds"": 279, ""sample_id"": ""dev_1""}"
eadc54b8-1673-4196-93db-1ee44a15533c,08a5fa48-2936-465e-affa-5558331c8a8d,2026-02-28 18:21:58.47595,play_attempt,"{""level_attempt_id"": ""cb45233d-be51-40d5-a37b-dbc1d4997a8d"", ""level"": 11, ""device"": ""tablet"", ""completed"": true, ""passed"": true, ""session_duration_seconds"": 419, ""sample_id"": ""dev_1""}"
6320cc5a-292d-4e5d-a9e8-bb04d51da5bb,08a5fa48-2936-465e-affa-5558331c8a8d,2026-02-28 18:28:57.834692,play_attempt,"{""level_attempt_id"": ""e6167001-9fba-4d0b-8ff2-7154f06afbbc"", ""level"": 12, ""device"": ""tablet"", ""completed"": false, ""passed"": false, ""session_duration_seconds"": 356, ""sample_id"": ""dev_1""}"
c011247e-0c2e-47a9-b3ec-fc6b7579d320,08a5fa48-2936-465e-affa-5558331c8a8d,2026-02-28 18:34:54.42735,play_attempt,"{""level_attempt_id"": ""527723c1-4523-4413-a156-98d87237765e"", ""level"": 12, ""device"": ""tablet"", ""completed"": true, ""passed"": false, ""session_duration_seconds"": 209, ""sample_id"": ""dev_1""}"
b8814ce3-cc16-47ec-8f0a-a3473667c880,08a5fa48-2936-465e-affa-5558331c8a8d,2026-02-28 18:38:24.305771,play_attempt,"{""level_attempt_id"": ""509468bd-d1dc-4ae6-9989-b2dc76751cd9"", ""level"": 12, ""device"": ""tablet"", ""completed"": false, ""passed"": false, ""session_duration_seconds"": 333, ""sample_id"": ""dev_1""}"
4f707440-f2d6-4ae7-aff9-24b1ea211078,08a5fa48-2936-465e-affa-5558331c8a8d,2026-02-28 18:43:57.868121,play_attempt,"{""level_attempt_id"": ""7bb4c193-fc39-4ae7-b333-8df7d0cfab6a"", ""level"": 12, ""device"": ""tablet"", ""completed"": true, ""passed"": true, ""session_duration_seconds"": 485, ""sample_id"": ""dev_1""}"
fd8f68d9-9961-428f-bda6-5e95b120ab57,08a5fa48-2936-465e-affa-5558331c8a8d,2026-02-28 18:52:02.90778,play_attempt,"{""level_attempt_id"": ""f8279eb8-0b37-45fb-a4bb-4a84900c43f9"", ""level"": 13, ""device"": ""tablet"", ""completed"": true, ""passed"": true, ""session_duration_seconds"": 344, ""sample_id"": ""dev_1""}"
ce1d1132-a88c-44f7-9e7d-8beb83c47736,08a5fa48-2936-465e-affa-5558331c8a8d,2026-02-28 18:57:47.559063,play_attempt,"{""level_attempt_id"": ""f55ccf8a-60e9-47c0-b384-c972a53405b7"", ""level"": 14, ""device"": ""phone"", ""completed"": true, ""passed"": false, ""session_duration_seconds"": 222, ""sample_id"": ""dev_1""}"
f586c564-eec1-4793-9a26-dd5dbf98f80b,08a5fa48-2936-465e-affa-5558331c8a8d,2026-02-28 19:01:30.02281,play_attempt,"{""level_attempt_id"": ""904f5e14-4d0e-4ba1-b5ca-6109685db4d7"", ""level"": 14, ""device"": ""desktop"", ""completed"": true, ""passed"": true, ""session_duration_seconds"": 267, ""sample_id"": ""dev_1""}"
55a07aa2-dea8-47da-a216-77f8c46f3437,08a5fa48-2936-465e-affa-5558331c8a8d,2026-03-01 19:05:57.347159,play_attempt,"{""level_attempt_id"": ""2ef154fe-1c63-43c2-9c7f-27b455e91b13"", ""level"": 15, ""device"": ""desktop"", ""completed"": false, ""passed"": false, ""session_duration_seconds"": 351, ""sample_id"": ""dev_1""}"
b5fdcd5a-cfbf-4a25-aaa1-3a127573504c,08a5fa48-2936-465e-affa-5558331c8a8d,2026-03-01 19:11:49.144506,play_attempt,"{""level_attempt_id"": ""e3ed8724-61f2-46a7-84ed-63aeac3049d6"", ""level"": 15, ""device"": ""desktop"", ""completed"": true, ""passed"": true, ""session_duration_seconds"": 215, ""sample_id"": ""dev_1""}"
ec8e2fe6-8d7f-4e88-8a50-5f327bc3ea61,08a5fa48-2936-465e-affa-5558331c8a8d,2026-03-01 19:15:25.081294,play_attempt,"{""level_attempt_id"": ""900b9ca9-6e86-4399-b024-30ba24582269"", ""level"": 16, ""device"": ""phone"", ""completed"": false, ""passed"": false, ""session_duration_seconds"": 441, ""sample_id"": ""dev_1""}"
c7fbf6e9-0593-4abe-b1f5-e982921567f3,08a5fa48-2936-465e-affa-5558331c8a8d,2026-03-01 19:22:46.199276,play_attempt,"{""level_attempt_id"": ""fa1a71e0-173e-4f2c-a908-649b0e3053f6"", ""level"": 16, ""device"": ""phone"", ""completed"": true, ""passed"": true, ""session_duration_seconds"": 367, ""sample_id"": ""dev_1""}"
47dc54e0-b42e-4c3f-8a59-e3eeac39065b,08a5fa48-2936-465e-affa-5558331c8a8d,2026-03-01 19:28:53.823235,play_attempt,"{""level_attempt_id"": ""b2c88c99-54bc-42ae-a981-da8ee3c2350e"", ""level"": 17, ""device"": ""phone"", ""completed"": true, ""passed"": true, ""session_duration_seconds"": 273, ""sample_id"": ""dev_1""}"
6d62a81a-5b96-4639-9066-09bb26c24823,08a5fa48-2936-465e-affa-5558331c8a8d,2026-03-01 19:33:27.333078,play_attempt,"{""level_attempt_id"": ""e70184dc-6bdb-4cd9-81e0-fa251d3a88c7"", ""level"": 18, ""device"": ""desktop"", ""completed"": false, ""passed"": false, ""session_duration_seconds"": 239, ""sample_id"": ""dev_1""}"
99de44a3-93fd-41dd-ab03-b7c9ded048f4,08a5fa48-2936-465e-affa-5558331c8a8d,2026-03-01 19:37:27.304292,play_attempt,"{""level_attempt_id"": ""df2b69d9-5182-480e-a3ed-45750cc3f161"", ""level"": 18, ""device"": ""desktop"", ""completed"": true, ""passed"": true, ""session_duration_seconds"": 538, ""sample_id"": ""dev_1""}"
e7d79aec-2306-48d0-bc82-48de5f2edc25,08a5fa48-2936-465e-affa-5558331c8a8d,2026-03-01 19:46:26.115609,play_attempt,"{""level_attempt_id"": ""3cf17eb9-d607-4694-80df-6d3187e1be55"", ""level"": 19, ""device"": ""desktop"", ""completed"": true, ""passed"": false, ""session_duration_seconds"": 485, ""sample_id"": ""dev_1""}"
cd7918cc-e996-4226-b95b-da62524b74f8,08a5fa48-2936-465e-affa-5558331c8a8d,2026-03-01 19:54:31.351583,play_attempt,"{""level_attempt_id"": ""322f0399-2280-4097-9662-614392fb0e33"", ""level"": 19, ""device"": ""tablet"", ""completed"": false, ""passed"": false, ""session_duration_seconds"": 351, ""sample_id"": ""dev_1""}"
ce3a8aa7-0acb-447d-94de-9ed849e92dc9,08a5fa48-2936-465e-affa-5558331c8a8d,2026-03-01 20:00:23.135894,play_attempt,"{""level_attempt_id"": ""fab9d198-8a73-4ab8-8f7d-2c0b6fef00f0"", ""level"": 19, ""device"": ""tablet"", ""completed"": true, ""passed"": true, ""session_duration_seconds"": 357, ""sample_id"": ""dev_1""}"
8aa84bdf-1b2a-4e58-a509-d9f3a4e26eb1,08a5fa48-2936-465e-affa-5558331c8a8d,2026-03-01 20:06:20.532933,play_attempt,"{""level_attempt_id"": ""18cbf8b6-6470-4c81-85f1-c077153d73b4"", ""level"": 20, ""device"": ""tablet"", ""completed"": true, ""passed"": true, ""session_duration_seconds"": 382, ""sample_id"": ""dev_1""}"
fee3902a-f786-4029-945f-f82e88ddf31a,08a5fa48-2936-465e-affa-5558331c8a8d,2026-03-01 20:12:43.083327,play_attempt,"{""level_attempt_id"": ""11dc92cb-c7ca-4504-b7ac-37d8f179e94d"", ""level"": 21, ""device"": ""tablet"", ""completed"": true, ""passed"": true, ""session_duration_seconds"": 415, ""sample_id"": ""dev_1""}"
550d10f4-475a-40e4-b972-fb88bf63b5ff,08a5fa48-2936-465e-affa-5558331c8a8d,2026-03-01 20:19:38.857656,play_attempt,"{""level_attempt_id"": ""5633e3bb-e50e-424b-a095-5c6e544a7c9f"", ""level"": 22, ""device"": ""tablet"", ""completed"": true, ""passed"": true, ""session_duration_seconds"": 307, ""sample_id"": ""dev_1""}"
053d4632-6bec-4c6a-8ca2-250f58b517d9,08a5fa48-2936-465e-affa-5558331c8a8d,2026-03-03 20:24:46.16879,play_attempt,"{""level_attempt_id"": ""338bbf18-a00f-4604-99a4-892591f0b1a3"", ""level"": 23, ""device"": ""tablet"", ""completed"": true, ""passed"": true, ""session_duration_seconds"": 304, ""sample_id"": ""dev_1""}"
fc6bfcd6-1312-4372-93fb-57e0514f8337,08a5fa48-2936-465e-affa-5558331c8a8d,2026-03-03 20:29:50.894093,play_attempt,"{""level_attempt_id"": ""a174d9eb-7db1-4c7b-b67d-1bcb5730bd76"", ""level"": 24, ""device"": ""tablet"", ""completed"": true, ""passed"": true, ""session_duration_seconds"": 437, ""sample_id"": ""dev_1""}"
e2bea135-051f-4f7a-bc6e-e5187640aad3,08a5fa48-2936-465e-affa-5558331c8a8d,2026-03-03 20:37:07.968587,play_attempt,"{""level_attempt_id"": ""f07e7deb-af4a-49c7-8f1e-ad2f80576688"", ""level"": 25, ""device"": ""tablet"", ""completed"": true, ""passed"": true, ""session_duration_seconds"": 318, ""sample_id"": ""dev_1""}"
a05a84be-743c-469e-b5ef-282a9d944ffa,08a5fa48-2936-465e-affa-5558331c8a8d,2026-03-03 20:42:26.82529,play_attempt,"{""level_attempt_id"": ""fb27b600-63e0-47ed-a13a-858f40f5377f"", ""level"": 26, ""device"": ""tablet"", ""completed"": true, ""passed"": false, ""session_duration_seconds"": 329, ""sample_id"": ""dev_1""}"
a4288e87-721e-4412-873b-d0714a0914ff,08a5fa48-2936-465e-affa-5558331c8a8d,2026-03-03 20:47:56.060659,play_attempt,"{""level_attempt_id"": ""1f21366c-e6dc-41b4-a50c-54a9b6a8e3ae"", ""level"": 26, ""device"": ""tablet"", ""completed"": false, ""passed"": false, ""session_duration_seconds"": 293, ""sample_id"": ""dev_1""}"
17680fc6-367a-4757-9f9e-64d12dccc1c0,08a5fa48-2936-465e-affa-5558331c8a8d,2026-03-03 20:52:49.522269,play_attempt,"{""level_attempt_id"": ""61fcf61e-88d3-4dde-b33f-c9a5530e58c8"", ""level"": 26, ""device"": ""tablet"", ""completed"": false, ""passed"": false, ""session_duration_seconds"": 591, ""sample_id"": ""dev_1""}"
a5d3a9db-20fa-43a0-a78e-543c9c7167d7,08a5fa48-2936-465e-affa-5558331c8a8d,2026-03-03 21:02:41.00323,play_attempt,"{""level_attempt_id"": ""d48a37db-5016-453e-ae68-4ca17cbbf78a"", ""level"": 26, ""device"": ""tablet"", ""completed"": false, ""passed"": false, ""session_duration_seconds"": 391, ""sample_id"": ""dev_1""}"
41c1df84-53ac-458b-a98a-103ae6379e22,08a5fa48-2936-465e-affa-5558331c8a8d,2026-03-03 21:09:12.44135,play_attempt,"{""level_attempt_id"": ""c88bbd17-cb8a-4b8c-b20b-b05dfac343c3"", ""level"": 26, ""device"": ""tablet"", ""completed"": true, ""passed"": true, ""session_duration_seconds"": 415, ""sample_id"": ""dev_1""}"
bee03ec8-cc0a-447b-9ca8-9936637ca615,08a5fa48-2936-465e-affa-5558331c8a8d,2026-03-09 21:16:08.165292,play_attempt,"{""level_attempt_id"": ""3816a006-4095-4d7e-b5d9-cfc8ace79294"", ""level"": 27, ""device"": ""tablet"", ""completed"": true, ""passed"": true, ""session_duration_seconds"": 324, ""sample_id"": ""dev_1""}"
cb5c7f50-10f5-4415-bdac-89dc31a916ee,08a5fa48-2936-465e-affa-5558331c8a8d,2026-03-10 21:21:32.446709,play_attempt,"{""level_attempt_id"": ""d42e579f-a0c4-44dd-872c-c280042012ef"", ""level"": 28, ""device"": ""tablet"", ""completed"": true, ""passed"": true, ""session_duration_seconds"": 206, ""sample_id"": ""dev_1""}"
5cc75716-09bf-46a4-90a6-085b9d595d1f,08a5fa48-2936-465e-affa-5558331c8a8d,2026-03-10 21:24:59.171941,play_attempt,"{""level_attempt_id"": ""a6ecd451-1d90-426d-a94b-3127f1d0d51d"", ""level"": 29, ""device"": ""phone"", ""completed"": false, ""passed"": false, ""session_duration_seconds"": 482, ""sample_id"": ""dev_1""}"
93ee1e8d-9e94-47c8-915f-a2bd708c2fa4,08a5fa48-2936-465e-affa-5558331c8a8d,2026-03-10 21:33:01.297408,play_attempt,"{""level_attempt_id"": ""0cb35cf1-82c8-4d35-8593-60d2a0a892f3"", ""level"": 29, ""device"": ""phone"", ""completed"": true, ""passed"": false, ""session_duration_seconds"": 458, ""sample_id"": ""dev_1""}"
74610243-9b32-43e3-88a7-a2e7a8a4bbd5,08a5fa48-2936-465e-affa-5558331c8a8d,2026-03-10 21:40:40.004838,play_attempt,"{""level_attempt_id"": ""6e778fae-f80a-47d9-a064-4252df6840c1"", ""level"": 29, ""device"": ""phone"", ""completed"": true, ""passed"": true, ""session_duration_seconds"": 248, ""sample_id"": ""dev_1""}"
88d2b7bd-971a-49cc-81a4-c80bb5bf0cd9,08a5fa48-2936-465e-affa-5558331c8a8d,2026-03-11 21:44:48.261013,play_attempt,"{""level_attempt_id"": ""7b4ef069-46cd-493b-96fb-61bcc98185ce"", ""level"": 30, ""device"": ""phone"", ""completed"": true, ""passed"": false, ""session_duration_seconds"": 201, ""sample_id"": ""dev_1""}"
ee30547e-6c48-4d87-b057-c8790d87b0d0,08a5fa48-2936-465e-affa-5558331c8a8d,2026-03-11 21:48:09.993537,play_attempt,"{""level_attempt_id"": ""ea851d07-1c01-4553-83cb-e9d349e05cc6"", ""level"": 30, ""device"": ""desktop"", ""completed"": true, ""passed"": true, ""session_duration_seconds"": 294, ""sample_id"": ""dev_1""}"
c8dc93fb-4f3f-4bfc-b0e3-f4e032448282,08a5fa48-2936-465e-affa-5558331c8a8d,2026-03-11 21:53:04.854167,play_attempt,"{""level_attempt_id"": ""9b3e7900-2316-476b-a3d7-b9597b7c5c47"", ""level"": 31, ""device"": ""desktop"", ""completed"": true, ""passed"": false, ""session_duration_seconds"": 226, ""sample_id"": ""dev_1""}"
c50f7758-b1d2-4686-bc9e-6d7acdf30693,08a5fa48-2936-465e-affa-5558331c8a8d,2026-03-11 21:56:51.285736,play_attempt,"{""level_attempt_id"": ""6dd534c4-7b00-493b-935f-b25e9512396b"", ""level"": 31, ""device"": ""tablet"", ""completed"": true, ""passed"": false, ""session_duration_seconds"": 305, ""sample_id"": ""dev_1""}"
3dd6afd4-b6e7-41ff-84fa-4054582b4f14,08a5fa48-2936-465e-affa-5558331c8a8d,2026-03-11 22:01:56.514997,play_attempt,"{""level_attempt_id"": ""fd1c3a62-cdc3-4ab8-84a7-1b687ac107eb"", ""level"": 31, ""device"": ""tablet"", ""completed"": true, ""passed"": true, ""session_duration_seconds"": 261, ""sample_id"": ""dev_1""}"
b53b3456-b152-4090-9cc0-a52c22933cf5,08a5fa48-2936-465e-affa-5558331c8a8d,2026-03-11 22:06:18.101608,play_attempt,"{""level_attempt_id"": ""c36273f4-a498-421e-a950-89389d766625"", ""level"": 32, ""device"": ""tablet"", ""completed"": true, ""passed"": true, ""session_duration_seconds"": 303, ""sample_id"": ""dev_1""}"
2844195c-a360-49fe-959f-44e7157a2657,08a5fa48-2936-465e-affa-5558331c8a8d,2026-03-11 22:11:21.81453,play_attempt,"{""level_attempt_id"": ""b484e366-7a9c-4252-8d3b-7548d45d909a"", ""level"": 33, ""device"": ""tablet"", ""completed"": true, ""passed"": false, ""session_duration_seconds"": 231, ""sample_id"": ""dev_1""}"
ddfeacee-fefd-4e40-850b-0dbe26dbeb32,08a5fa48-2936-465e-affa-5558331c8a8d,2026-03-11 22:15:12.947434,play_attempt,"{""level_attempt_id"": ""2f56748d-efb3-4de6-86e8-fb36271a6594"", ""level"": 33, ""device"": ""tablet"", ""completed"": true, ""passed"": false, ""session_duration_seconds"": 588, ""sample_id"": ""dev_1""}"
3d85c6d4-cc08-48b6-be9a-07997d6a94ec,08a5fa48-2936-465e-affa-5558331c8a8d,2026-03-11 22:25:01.601933,play_attempt,"{""level_attempt_id"": ""d49876bd-b25d-4c8e-b3d5-bc999fc89c15"", ""level"": 33, ""device"": ""desktop"", ""completed"": true, ""passed"": true, ""session_duration_seconds"": 510, ""sample_id"": ""dev_1""}"
0191272b-1198-4f3a-885f-6d51a835d1fc,08a5fa48-2936-465e-affa-5558331c8a8d,2026-03-12 22:33:31.793235,play_attempt,"{""level_attempt_id"": ""7fa8cdd5-0b53-4b81-ae56-e436defd0f99"", ""level"": 34, ""device"": ""phone"", ""completed"": false, ""passed"": false, ""session_duration_seconds"": 340, ""sample_id"": ""dev_1""}"
dc657ef7-c6f2-445d-91ad-dccfea7034d2,08a5fa48-2936-465e-affa-5558331c8a8d,2026-03-12 22:39:12.517244,play_attempt,"{""level_attempt_id"": ""c72671b5-9113-41ab-bad9-2e1a28ea3edc"", ""level"": 34, ""device"": ""phone"", ""completed"": true, ""passed"": true, ""session_duration_seconds"": 181, ""sample_id"": ""dev_1""}"
a4cd15a1-cecf-44fc-b510-84716525af5f,08a5fa48-2936-465e-affa-5558331c8a8d,2026-03-12 22:42:13.919923,play_attempt,"{""level_attempt_id"": ""665efb32-5f0a-4291-8797-51dc557f24d1"", ""level"": 35, ""device"": ""desktop"", ""completed"": true, ""passed"": false, ""session_duration_seconds"": 239, ""sample_id"": ""dev_1""}"
80de81b3-c96c-4f76-b7be-2abe9a39c1a6,08a5fa48-2936-465e-affa-5558331c8a8d,2026-03-12 22:46:12.957864,play_attempt,"{""level_attempt_id"": ""69c36eab-f3ba-4f52-9706-1f838dd7d5ff"", ""level"": 35, ""device"": ""phone"", ""completed"": true, ""passed"": true, ""session_duration_seconds"": 195, ""sample_id"": ""dev_1""}"
740c562d-f633-4c9d-a4f4-5f001a0b1d54,08a5fa48-2936-465e-affa-5558331c8a8d,2026-03-12 22:49:28.501438,play_attempt,"{""level_attempt_id"": ""b16a37c9-86e0-437b-8fc9-13020f649769"", ""level"": 36, ""device"": ""phone"", ""completed"": true, ""passed"": true, ""session_duration_seconds"": 472, ""sample_id"": ""dev_1""}"
8d4b8a1b-9dc8-4a5c-abcb-09429372a351,08a5fa48-2936-465e-affa-5558331c8a8d,2026-04-11 22:57:21.211386,play_attempt,"{""level_attempt_id"": ""7e2bb0fb-2feb-4b1f-9547-c7df7b31bf7d"", ""level"": 37, ""device"": ""desktop"", ""completed"": true, ""passed"": true, ""session_duration_seconds"": 566, ""sample_id"": ""dev_1""}"
1536e1c1-c5a1-4a63-bb47-3a7f1a239cd6,08a5fa48-2936-465e-affa-5558331c8a8d,2026-04-12 23:06:47.813025,play_attempt,"{""level_attempt_id"": ""7e5a21d6-9def-46bc-b1d6-3ba78d47137a"", ""level"": 38, ""device"": ""desktop"", ""completed"": false, ""passed"": false, ""session_duration_seconds"": 482, ""sample_id"": ""dev_1""}"
12e5c092-110f-4b77-930a-34daf0f979e4,08a5fa48-2936-465e-affa-5558331c8a8d,2026-04-12 23:14:50.262713,play_attempt,"{""level_attempt_id"": ""411dec9d-2162-4c93-8b99-c8504f73e262"", ""level"": 38, ""device"": ""phone"", ""completed"": true, ""passed"": true, ""session_duration_seconds"": 235, ""sample_id"": ""dev_1""}"
9fdc93c7-5a24-4177-8067-82ebd6796689,08a5fa48-2936-465e-affa-5558331c8a8d,2026-04-12 23:18:46.232534,play_attempt,"{""level_attempt_id"": ""1d26c11b-50d0-4727-bfc9-fe344ac186e9"", ""level"": 39, ""device"": ""phone"", ""completed"": true, ""passed"": true, ""session_duration_seconds"": 371, ""sample_id"": ""dev_1""}"
979002ff-0773-42f5-9c86-79b38e388673,08a5fa48-2936-465e-affa-5558331c8a8d,2026-04-20 23:24:57.535512,play_attempt,"{""level_attempt_id"": ""51f14028-3129-4f6a-a46c-0eb812775949"", ""level"": 40, ""device"": ""phone"", ""completed"": true, ""passed"": true, ""session_duration_seconds"": 314, ""sample_id"": ""dev_1""}"
573a2868-a722-4616-8bd2-81f64789bd24,08a5fa48-2936-465e-affa-5558331c8a8d,2026-04-20 23:30:11.921611,play_attempt,"{""level_attempt_id"": ""947f25c6-34cf-4a6a-9005-de9530af53c9"", ""level"": 41, ""device"": ""phone"", ""completed"": true, ""passed"": true, ""session_duration_seconds"": 259, ""sample_id"": ""dev_1""}"
08520838-9c5e-4671-a67c-da9720575bf1,08a5fa48-2936-465e-affa-5558331c8a8d,2026-04-20 23:34:31.124413,play_attempt,"{""level_attempt_id"": ""990a2523-c3e9-4d66-adb7-924e09792435"", ""level"": 42, ""device"": ""desktop"", ""completed"": true, ""passed"": true, ""session_duration_seconds"": 232, ""sample_id"": ""dev_1""}"
36a00374-3cd6-4e2d-852a-0cd13ce73beb,08a5fa48-2936-465e-affa-5558331c8a8d,2026-04-20 23:38:23.175299,play_attempt,"{""level_attempt_id"": ""54c3d1d1-ca7f-4aeb-ae7f-5ffe8b9df927"", ""level"": 43, ""device"": ""desktop"", ""completed"": true, ""passed"": true, ""session_duration_seconds"": 301, ""sample_id"": ""dev_1""}"
39870dd3-4537-4629-b4e5-0466dfee5828,08a5fa48-2936-465e-affa-5558331c8a8d,2026-04-20 23:43:25.156249,play_attempt,"{""level_attempt_id"": ""606b2571-635c-46b9-83ca-9220f5729730"", ""level"": 44, ""device"": ""phone"", ""completed"": true, ""passed"": false, ""session_duration_seconds"": 380, ""sample_id"": ""dev_1""}"
d6a597e1-b91d-4220-a727-6a171ad9bfe6,08a5fa48-2936-465e-affa-5558331c8a8d,2026-04-20 23:49:46.1082,play_attempt,"{""level_attempt_id"": ""0902800e-01a0-48c2-acc3-c42f3da08417"", ""level"": 44, ""device"": ""tablet"", ""completed"": true, ""passed"": true, ""session_duration_seconds"": 469, ""sample_id"": ""dev_1""}"
ba939c80-4e1d-49e8-bcf7-eba58a59f5df,08a5fa48-2936-465e-affa-5558331c8a8d,2026-04-20 23:57:35.910493,play_attempt,"{""level_attempt_id"": ""cbca1d00-e22f-4ae0-89d7-e1db0f6b3d25"", ""level"": 45, ""device"": ""tablet"", ""completed"": true, ""passed"": false, ""session_duration_seconds"": 276, ""sample_id"": ""dev_1""}"
944f5c47-f3dc-4e2c-9a39-fcc3cc8c9578,08a5fa48-2936-465e-affa-5558331c8a8d,2026-04-21 00:02:12.191836,play_attempt,"{""level_attempt_id"": ""87d7b78e-9152-4212-bf48-2c4319921256"", ""level"": 45, ""device"": ""tablet"", ""completed"": false, ""passed"": false, ""session_duration_seconds"": 134, ""sample_id"": ""dev_1""}"
53bf7c85-3570-443d-a100-5c1417fe5049,08a5fa48-2936-465e-affa-5558331c8a8d,2026-04-21 00:04:26.25309,play_attempt,"{""level_attempt_id"": ""27f76f62-dc79-4a6e-963a-07de5139060c"", ""level"": 45, ""device"": ""phone"", ""completed"": true, ""passed"": false, ""session_duration_seconds"": 383, ""sample_id"": ""dev_1""}"
fc18094a-a25e-4415-8a64-faca73e200a7,08a5fa48-2936-465e-affa-5558331c8a8d,2026-04-21 00:10:49.949749,play_attempt,"{""level_attempt_id"": ""3a18b5c2-4984-4124-a229-58756172c298"", ""level"": 45, ""device"": ""tablet"", ""completed"": false, ""passed"": false, ""session_duration_seconds"": 284, ""sample_id"": ""dev_1""}"
2ab5bd26-cf35-40bb-932a-ce4e05fb2967,08a5fa48-2936-465e-affa-5558331c8a8d,2026-04-21 00:15:34.165711,play_attempt,"{""level_attempt_id"": ""78de13e9-6fb8-4622-88b9-005bdf25376f"", ""level"": 45, ""device"": ""desktop"", ""completed"": true, ""passed"": true, ""session_duration_seconds"": 161, ""sample_id"": ""dev_1""}"
3801c5f6-a013-4441-b6c2-fbc37648aebb,08a5fa48-2936-465e-affa-5558331c8a8d,2026-04-21 00:18:15.610311,play_attempt,"{""level_attempt_id"": ""c2e34d34-8f85-4041-a336-25d077728e16"", ""level"": 46, ""device"": ""phone"", ""completed"": true, ""passed"": true, ""session_duration_seconds"": 251, ""sample_id"": ""dev_1""}"
fe454717-8f47-4d40-92d8-28e708fa9c0c,08a5fa48-2936-465e-affa-5558331c8a8d,2026-05-16 00:22:27.273055,play_attempt,"{""level_attempt_id"": ""d483b269-0ee8-484b-a0a0-22eccb12a0fe"", ""level"": 47, ""device"": ""phone"", ""completed"": true, ""passed"": true, ""session_duration_seconds"": 319, ""sample_id"": ""dev_1""}"
ea712678-5879-4d86-bf71-afb0d9431f58,08a5fa48-2936-465e-affa-5558331c8a8d,2026-05-16 00:27:47.268372,play_attempt,"{""level_attempt_id"": ""e65d0cc7-6d6e-4ac3-a397-ed00edd80ab4"", ""level"": 48, ""device"": ""phone"", ""completed"": false, ""passed"": false, ""session_duration_seconds"": 291, ""sample_id"": ""dev_1""}"
f1741c36-ada0-4e43-b138-d46d54a33b4f,08a5fa48-2936-465e-affa-5558331c8a8d,2026-05-16 00:32:38.554892,play_attempt,"{""level_attempt_id"": ""be4b1587-cf94-4d2a-a67e-6d5c53c6603c"", ""level"": 48, ""device"": ""phone"", ""completed"": true, ""passed"": false, ""session_duration_seconds"": 177, ""sample_id"": ""dev_1""}"
ed057392-bb67-4147-b1b1-afa3328d6b55,08a5fa48-2936-465e-affa-5558331c8a8d,2026-05-16 00:35:36.480488,play_attempt,"{""level_attempt_id"": ""a36cbc9e-4e5f-4431-a069-11ca995229c5"", ""level"": 48, ""device"": ""phone"", ""completed"": true, ""passed"": true, ""session_duration_seconds"": 330, ""sample_id"": ""dev_1""}"
1a796c93-52d2-405a-a6d2-1a775cc17bc5,08a5fa48-2936-465e-affa-5558331c8a8d,2026-06-06 00:41:07.34681,play_attempt,"{""level_attempt_id"": ""2e2b441f-ebc7-4a57-9623-1dae56c6bde7"", ""level"": 49, ""device"": ""phone"", ""completed"": true, ""passed"": true, ""session_duration_seconds"": 246, ""sample_id"": ""dev_1""}"
c89c2a74-9c24-4b85-a39a-b358687ca3b3,08a5fa48-2936-465e-affa-5558331c8a8d,2026-06-06 00:45:13.791089,play_attempt,"{""level_attempt_id"": ""51ec38da-a9c5-4f13-ae28-43c22630169e"", ""level"": 50, ""device"": ""desktop"", ""completed"": true, ""passed"": true, ""session_duration_seconds"": 179, ""sample_id"": ""dev_1""}"
9b8cfedd-f886-474e-810f-9bc65d5b2b19,08a5fa48-2936-465e-affa-5558331c8a8d,2026-06-25 00:48:13.787317,play_attempt,"{""level_attempt_id"": ""05ec3193-9381-487a-b09c-36f7a1570a41"", ""level"": 51, ""device"": ""desktop"", ""completed"": true, ""passed"": true, ""session_duration_seconds"": 296, ""sample_id"": ""dev_1""}"
93d28a69-b3de-4524-9c25-10114132ed46,08a5fa48-2936-465e-affa-5558331c8a8d,2026-06-26 00:53:10.236019,play_attempt,"{""level_attempt_id"": ""1930274c-f7ce-4f9e-a730-0565240bec82"", ""level"": 52, ""device"": ""phone"", ""completed"": true, ""passed"": true, ""session_duration_seconds"": 418, ""sample_id"": ""dev_1""}"
94c55fcd-d4d7-42f4-b6a3-95de4975906c,08a5fa48-2936-465e-affa-5558331c8a8d,2026-06-26 01:00:08.613284,play_attempt,"{""level_attempt_id"": ""362db09a-f103-436e-adea-7cfdec5630b1"", ""level"": 53, ""device"": ""phone"", ""completed"": true, ""passed"": false, ""session_duration_seconds"": 235, ""sample_id"": ""dev_1""}"
762aa5b7-fa72-49d7-8941-631b2e6efbf5,08a5fa48-2936-465e-affa-5558331c8a8d,2026-06-26 01:04:04.507782,play_attempt,"{""level_attempt_id"": ""68994027-5fc6-4bc4-afda-b071a91f579d"", ""level"": 53, ""device"": ""phone"", ""completed"": true, ""passed"": true, ""session_duration_seconds"": 388, ""sample_id"": ""dev_1""}"
e136248f-d5ed-44ca-aa8b-61c46b77192f,08a5fa48-2936-465e-affa-5558331c8a8d,2026-06-26 01:10:32.991417,play_attempt,"{""level_attempt_id"": ""c86a9338-401d-40cc-8cef-0f9a5ada55d8"", ""level"": 54, ""device"": ""phone"", ""completed"": false, ""passed"": false, ""session_duration_seconds"": 32, ""sample_id"": ""dev_1""}"
9e3aa074-9079-444a-aad8-1a14906fb119,08a5fa48-2936-465e-affa-5558331c8a8d,2026-06-26 01:11:05.098277,play_attempt,"{""level_attempt_id"": ""28a09205-28c6-4d5d-ab7e-1a9e403bb3c3"", ""level"": 54, ""device"": ""phone"", ""completed"": true, ""passed"": false, ""session_duration_seconds"": 178, ""sample_id"": ""dev_1""}"
09319abf-04c6-4861-86e7-03e2c5a3a47d,08a5fa48-2936-465e-affa-5558331c8a8d,2026-06-26 01:14:03.856951,play_attempt,"{""level_attempt_id"": ""16c31d89-8250-46c7-99f7-8aeb77e0b326"", ""level"": 54, ""device"": ""phone"", ""completed"": true, ""passed"": true, ""session_duration_seconds"": 249, ""sample_id"": ""dev_1""}"
fb9a25a6-1fbd-4c0e-81c2-ee5bfc159f20,08a5fa48-2936-465e-affa-5558331c8a8d,2026-06-26 01:18:13.439949,play_attempt,"{""level_attempt_id"": ""1324ec08-59c1-41d6-8254-2706f41a91e2"", ""level"": 55, ""device"": ""phone"", ""completed"": true, ""passed"": true, ""session_duration_seconds"": 380, ""sample_id"": ""dev_1""}"
e66e25ed-5cc7-4b25-8ca5-37ff8279511f,08a5fa48-2936-465e-affa-5558331c8a8d,2026-06-27 01:24:34.177821,play_attempt,"{""level_attempt_id"": ""bbe5aef9-67b6-41c2-8dbc-0758eec9537a"", ""level"": 56, ""device"": ""phone"", ""completed"": true, ""passed"": false, ""session_duration_seconds"": 373, ""sample_id"": ""dev_1""}"
3e23126d-82cb-4726-bed9-f0adcd5a45dc,08a5fa48-2936-465e-affa-5558331c8a8d,2026-06-27 01:30:47.988161,play_attempt,"{""level_attempt_id"": ""5980313d-8f7f-4852-80cd-c178a29ad571"", ""level"": 56, ""device"": ""phone"", ""completed"": false, ""passed"": false, ""session_duration_seconds"": 436, ""sample_id"": ""dev_1""}"
3461f0df-b5b3-47d9-bbde-c903945ee2dd,08a5fa48-2936-465e-affa-5558331c8a8d,2026-06-27 01:38:04.434477,play_attempt,"{""level_attempt_id"": ""b5f37111-d134-4db5-94c1-11a60494139b"", ""level"": 56, ""device"": ""phone"", ""completed"": true, ""passed"": true, ""session_duration_seconds"": 245, ""sample_id"": ""dev_1""}"
a3b3171b-c687-4942-9280-13324725437f,08a5fa48-2936-465e-affa-5558331c8a8d,2026-06-27 01:42:10.141481,play_attempt,"{""level_attempt_id"": ""594c7de1-a88a-4939-b894-8e001c6e8e78"", ""level"": 57, ""device"": ""phone"", ""completed"": true, ""passed"": false, ""session_duration_seconds"": 419, ""sample_id"": ""dev_1""}"
fd2d3c47-b90f-4f8b-82c6-ea31e559601f,08a5fa48-2936-465e-affa-5558331c8a8d,2026-06-27 01:49:09.92149,play_attempt,"{""level_attempt_id"": ""93fe9047-955d-4676-9a68-c29174f7da1f"", ""level"": 57, ""device"": ""phone"", ""completed"": true, ""passed"": false, ""session_duration_seconds"": 274, ""sample_id"": ""dev_1""}"
cefef478-7479-492d-a730-e8e3d9d6b194,08a5fa48-2936-465e-affa-5558331c8a8d,2026-06-27 01:53:44.31514,play_attempt,"{""level_attempt_id"": ""7e0b7f89-dadd-4a04-a925-2d0826ccc9a0"", ""level"": 57, ""device"": ""desktop"", ""completed"": true, ""passed"": false, ""session_duration_seconds"": 228, ""sample_id"": ""dev_1""}"
67553c4b-ed55-44ed-b149-f6d40f51630f,08a5fa48-2936-465e-affa-5558331c8a8d,2026-06-27 01:57:32.33832,play_attempt,"{""level_attempt_id"": ""52b6112a-8c54-4220-8a8a-bd145c453506"", ""level"": 57, ""device"": ""phone"", ""completed"": true, ""passed"": false, ""session_duration_seconds"": 295, ""sample_id"": ""dev_1""}"
128789aa-6aa7-4eec-99c6-7ab85bc36b7f,08a5fa48-2936-465e-affa-5558331c8a8d,2026-06-27 02:02:28.262095,play_attempt,"{""level_attempt_id"": ""67e0e6af-6897-4255-9d4a-f4921e61ef85"", ""level"": 57, ""device"": ""phone"", ""completed"": false, ""passed"": false, ""session_duration_seconds"": 17, ""sample_id"": ""dev_1""}"
b61d2df4-ccea-4f49-978c-42834dc21cdc,08a5fa48-2936-465e-affa-5558331c8a8d,2026-06-27 02:02:46.054505,play_attempt,"{""level_attempt_id"": ""c8aedab2-8c1b-4b1e-90db-64a5b23777d8"", ""level"": 57, ""device"": ""phone"", ""completed"": true, ""passed"": false, ""session_duration_seconds"": 358, ""sample_id"": ""dev_1""}"
8755d448-f258-49c0-86c2-c5e7ce69b2fe,08a5fa48-2936-465e-affa-5558331c8a8d,2026-06-27 02:08:44.524867,play_attempt,"{""level_attempt_id"": ""ddd3fffc-0916-4cf9-8825-c35278e878e5"", ""level"": 57, ""device"": ""phone"", ""completed"": false, ""passed"": false, ""session_duration_seconds"": 61, ""sample_id"": ""dev_1""}"
97df5b18-4605-449f-be8a-40bfa340427c,08a5fa48-2936-465e-affa-5558331c8a8d,2026-06-27 02:09:46.158214,play_attempt,"{""level_attempt_id"": ""b6109e1d-9904-424a-9498-af8c89f99bb5"", ""level"": 57, ""device"": ""phone"", ""completed"": true, ""passed"": false, ""session_duration_seconds"": 486, ""sample_id"": ""dev_1""}"
561d06c5-081a-42f2-893f-eb1b5416cc7d,08a5fa48-2936-465e-affa-5558331c8a8d,2026-06-27 02:17:52.452256,play_attempt,"{""level_attempt_id"": ""994cfd16-8f28-485f-92e2-0b7e8134cdb0"", ""level"": 57, ""device"": ""phone"", ""completed"": true, ""passed"": false, ""session_duration_seconds"": 406, ""sample_id"": ""dev_1""}"
4bfb3f53-5f91-4d53-b16f-96c26eb7a6c7,08a5fa48-2936-465e-affa-5558331c8a8d,2026-06-27 02:24:38.855347,play_attempt,"{""level_attempt_id"": ""a65f6d1e-d9cb-4c2b-8c67-e9cbd4e01736"", ""level"": 57, ""device"": ""phone"", ""completed"": false, ""passed"": false, ""session_duration_seconds"": 358, ""sample_id"": ""dev_1""}"
75b17e5f-503b-42aa-807a-56119d4e9577,08a5fa48-2936-465e-affa-5558331c8a8d,2026-06-27 02:30:37.318055,play_attempt,"{""level_attempt_id"": ""832c131c-ff77-4fe2-9c53-5c7b32c67f5c"", ""level"": 57, ""device"": ""phone"", ""completed"": true, ""passed"": false, ""session_duration_seconds"": 527, ""sample_id"": ""dev_1""}"
fae61649-0c52-4f91-9528-75238876f477,08a5fa48-2936-465e-affa-5558331c8a8d,2026-06-27 02:39:25.08142,play_attempt,"{""level_attempt_id"": ""c222b2b5-1337-4db1-8aec-7cffd4dd0653"", ""level"": 57, ""device"": ""phone"", ""completed"": true, ""passed"": true, ""session_duration_seconds"": 254, ""sample_id"": ""dev_1""}"
c8db56b6-7511-47b2-a7c4-f762aaef4219,08a5fa48-2936-465e-affa-5558331c8a8d,2026-06-27 02:43:39.43248,play_attempt,"{""level_attempt_id"": ""fb064d75-6c12-4488-9fcd-5734f585ac1b"", ""level"": 58, ""device"": ""phone"", ""completed"": true, ""passed"": false, ""session_duration_seconds"": 261, ""sample_id"": ""dev_1""}"
a8ac6699-a822-49a7-8aa5-aad79fdc7835,08a5fa48-2936-465e-affa-5558331c8a8d,2026-06-27 02:48:01.078675,play_attempt,"{""level_attempt_id"": ""66d73c9c-6cae-4c9e-8971-e7c41f1fc5ce"", ""level"": 58, ""device"": ""phone"", ""completed"": true, ""passed"": true, ""session_duration_seconds"": 223, ""sample_id"": ""dev_1""}"
a2ba5199-f7fe-488b-b76b-355e4f6bceec,08a5fa48-2936-465e-affa-5558331c8a8d,2026-06-27 02:51:45.019386,play_attempt,"{""level_attempt_id"": ""a55be785-4257-4cba-b660-795e6d2b314a"", ""level"": 59, ""device"": ""phone"", ""completed"": true, ""passed"": false, ""session_duration_seconds"": 510, ""sample_id"": ""dev_1""}"
92287d8c-d0d1-4787-b4ff-f4032d13b711,08a5fa48-2936-465e-affa-5558331c8a8d,2026-06-27 03:00:15.130316,play_attempt,"{""level_attempt_id"": ""9f149576-96b8-4178-8519-d7e31cc8c38e"", ""level"": 59, ""device"": ""desktop"", ""completed"": false, ""passed"": false, ""session_duration_seconds"": 131, ""sample_id"": ""dev_1""}"
9baca8f3-845c-4b1f-945b-e73927118c17,08a5fa48-2936-465e-affa-5558331c8a8d,2026-06-27 03:02:26.230241,play_attempt,"{""level_attempt_id"": ""3d55db12-f5cb-42c9-b05d-b92635373adf"", ""level"": 59, ""device"": ""desktop"", ""completed"": false, ""passed"": false, ""session_duration_seconds"": 484, ""sample_id"": ""dev_1""}"
bb468a64-e805-4cd0-8666-2730ce7c53ce,08a5fa48-2936-465e-affa-5558331c8a8d,2026-06-27 03:10:31.224082,play_attempt,"{""level_attempt_id"": ""34ffef79-e18a-4cb2-a556-8ba0cbd9ab5d"", ""level"": 59, ""device"": ""desktop"", ""completed"": true, ""passed"": false, ""session_duration_seconds"": 418, ""sample_id"": ""dev_1""}"
e5f04aaf-575b-4b2c-b43c-9f3d7fb01ac2,08a5fa48-2936-465e-affa-5558331c8a8d,2026-06-27 03:17:29.512214,play_attempt,"{""level_attempt_id"": ""bc43d3e1-3215-42e6-bb26-dca8dbe2ce06"", ""level"": 59, ""device"": ""phone"", ""completed"": true, ""passed"": true, ""session_duration_seconds"": 261, ""sample_id"": ""dev_1""}"
fc59c1c5-ebed-44a9-8534-cecc931c867e,08a5fa48-2936-465e-affa-5558331c8a8d,2026-07-19 03:21:51.351747,play_attempt,"{""level_attempt_id"": ""d4105257-4e58-4215-8ccc-58aa9aacb570"", ""level"": 60, ""device"": ""phone"", ""completed"": true, ""passed"": false, ""session_duration_seconds"": 394, ""sample_id"": ""dev_1""}"
757c71ac-035a-43f6-b1af-da12f9af2891,08a5fa48-2936-465e-affa-5558331c8a8d,2026-07-19 03:28:26.125545,play_attempt,"{""level_attempt_id"": ""6ed0769b-d4ce-4857-93fc-c7d5a0d87481"", ""level"": 60, ""device"": ""phone"", ""completed"": true, ""passed"": true, ""session_duration_seconds"": 356, ""sample_id"": ""dev_1""}"
4a824edd-5372-4d03-84b2-1b073b36698c,08a5fa48-2936-465e-affa-5558331c8a8d,2026-07-19 03:34:22.778747,play_attempt,"{""level_attempt_id"": ""7d804411-3f22-4ec1-bb60-d699745707b1"", ""level"": 61, ""device"": ""phone"", ""completed"": true, ""passed"": true, ""session_duration_seconds"": 430, ""sample_id"": ""dev_1""}"
5af5f5ae-20e7-4376-b746-ae0dc7239c8d,08a5fa48-2936-465e-affa-5558331c8a8d,2026-08-06 03:41:33.393255,play_attempt,"{""level_attempt_id"": ""97a32fdc-120a-41e8-b327-82ef88109611"", ""level"": 62, ""device"": ""phone"", ""completed"": true, ""passed"": false, ""session_duration_seconds"": 426, ""sample_id"": ""dev_1""}"
6ade7cec-a102-4176-9f94-b84504d83192,08a5fa48-2936-465e-affa-5558331c8a8d,2026-08-06 03:48:39.824074,play_attempt,"{""level_attempt_id"": ""b778f052-3c3b-42a7-a6ca-489fd12d0f13"", ""level"": 62, ""device"": ""desktop"", ""completed"": true, ""passed"": false, ""session_duration_seconds"": 464, ""sample_id"": ""dev_1""}"
2698d3d6-9e70-4bd1-b727-6db866337306,08a5fa48-2936-465e-affa-5558331c8a8d,2026-08-06 03:56:24.182635,play_attempt,"{""level_attempt_id"": ""ad8000b9-dc7e-411d-993b-cf5f2ff7b0cd"", ""level"": 62, ""device"": ""desktop"", ""completed"": true, ""passed"": true, ""session_duration_seconds"": 274, ""sample_id"": ""dev_1""}"
75a1aa36-b0df-4f00-95ac-5830988350cd,08a5fa48-2936-465e-affa-5558331c8a8d,2026-08-06 04:00:58.270405,play_attempt,"{""level_attempt_id"": ""fc85b5d7-e5ce-46b9-b8b1-fd3d73e6ba2d"", ""level"": 63, ""device"": ""desktop"", ""completed"": true, ""passed"": true, ""session_duration_seconds"": 492, ""sample_id"": ""dev_1""}"
ee9a26ea-b3b7-43d5-947c-8d1ef0aa1ed0,08a5fa48-2936-465e-affa-5558331c8a8d,2026-08-06 04:09:10.751464,play_attempt,"{""level_attempt_id"": ""ceb2b1d1-a128-4aed-998f-92602281c482"", ""level"": 64, ""device"": ""phone"", ""completed"": true, ""passed"": true, ""session_duration_seconds"": 489, ""sample_id"": ""dev_1""}"
46c64d04-5142-4938-a401-1d2cb2e8cd1f,08a5fa48-2936-465e-affa-5558331c8a8d,2026-08-06 04:17:20.693408,play_attempt,"{""level_attempt_id"": ""fca5f0ee-b88e-4503-9153-647730faed3d"", ""level"": 65, ""device"": ""phone"", ""completed"": true, ""passed"": true, ""session_duration_seconds"": 184, ""sample_id"": ""dev_1""}"
5d8f2d90-dae7-4197-8389-163340dbfd3f,08a5fa48-2936-465e-affa-5558331c8a8d,2026-08-07 04:20:25.32206,play_attempt,"{""level_attempt_id"": ""938853c9-be2b-478b-8674-3072766529f9"", ""level"": 66, ""device"": ""phone"", ""completed"": true, ""passed"": false, ""session_duration_seconds"": 199, ""sample_id"": ""dev_1""}"
fcc6fa85-fc1c-4940-b32c-43b685d02735,08a5fa48-2936-465e-affa-5558331c8a8d,2026-08-07 04:23:44.911239,play_attempt,"{""level_attempt_id"": ""12caaeb9-26af-4606-a646-1ab11800e7ec"", ""level"": 66, ""device"": ""phone"", ""completed"": false, ""passed"": false, ""session_duration_seconds"": 283, ""sample_id"": ""dev_1""}"
6aeddeca-4175-427b-aa8b-7284a54fb063,08a5fa48-2936-465e-affa-5558331c8a8d,2026-08-07 04:28:27.946504,play_attempt,"{""level_attempt_id"": ""644f5c83-4c54-450c-9938-99ac0674fcec"", ""level"": 66, ""device"": ""phone"", ""completed"": true, ""passed"": false, ""session_duration_seconds"": 418, ""sample_id"": ""dev_1""}"
e9f0701a-4317-4c5b-92fa-a52e1e9a306a,08a5fa48-2936-465e-affa-5558331c8a8d,2026-08-07 04:35:25.94722,play_attempt,"{""level_attempt_id"": ""4085062e-0c9c-4d6a-9bb0-35b49dfd268e"", ""level"": 66, ""device"": ""phone"", ""completed"": true, ""passed"": true, ""session_duration_seconds"": 339, ""sample_id"": ""dev_1""}"
78ae3a96-15d6-441f-bf8b-381f9733c924,08a5fa48-2936-465e-affa-5558331c8a8d,2026-08-14 04:41:05.524094,play_attempt,"{""level_attempt_id"": ""52e1aae6-99d0-4f0f-917f-20da650fd1a4"", ""level"": 67, ""device"": ""phone"", ""completed"": true, ""passed"": true, ""session_duration_seconds"": 197, ""sample_id"": ""dev_1""}"
0e4c93a4-9bfd-40b7-a67d-2250ef17ce37,08a5fa48-2936-465e-affa-5558331c8a8d,2026-08-14 04:44:22.797181,play_attempt,"{""level_attempt_id"": ""c842fff6-ad28-4727-8a84-7776e508fbd3"", ""level"": 68, ""device"": ""phone"", ""completed"": false, ""passed"": false, ""session_duration_seconds"": 38, ""sample_id"": ""dev_1""}"
0bd7969a-e973-4bd7-8de1-ca11b716cdeb,08a5fa48-2936-465e-affa-5558331c8a8d,2026-08-14 04:45:00.991974,play_attempt,"{""level_attempt_id"": ""224cfe8b-da45-4ddb-ae32-7763ca05830e"", ""level"": 68, ""device"": ""tablet"", ""completed"": false, ""passed"": false, ""session_duration_seconds"": 397, ""sample_id"": ""dev_1""}"
1437a6fb-eefd-4ca9-9d49-85d6eb7f8d25,08a5fa48-2936-465e-affa-5558331c8a8d,2026-08-14 04:51:38.749215,play_attempt,"{""level_attempt_id"": ""f87b555a-ec3f-4fe8-ae5b-c54b274ba52e"", ""level"": 68, ""device"": ""tablet"", ""completed"": true, ""passed"": false, ""session_duration_seconds"": 569, ""sample_id"": ""dev_1""}"
393b83da-0b22-4343-8d70-c5faf1b95f6c,08a5fa48-2936-465e-affa-5558331c8a8d,2026-08-14 05:01:08.31563,play_attempt,"{""level_attempt_id"": ""d5f84b03-7275-4055-8d16-75963eb6558d"", ""level"": 68, ""device"": ""tablet"", ""completed"": true, ""passed"": false, ""session_duration_seconds"": 203, ""sample_id"": ""dev_1""}"
e1e11f36-ee9a-4d6c-a8bb-01b69d9da2d6,08a5fa48-2936-465e-affa-5558331c8a8d,2026-08-14 05:04:31.361984,play_attempt,"{""level_attempt_id"": ""cd7190b1-f0f6-46cf-9fbe-9c0de0d3b61b"", ""level"": 68, ""device"": ""tablet"", ""completed"": false, ""passed"": false, ""session_duration_seconds"": 484, ""sample_id"": ""dev_1""}"
e6d2184c-215c-4ffa-a14f-5504d945b263,08a5fa48-2936-465e-affa-5558331c8a8d,2026-08-14 05:12:35.553964,play_attempt,"{""level_attempt_id"": ""693a852d-c008-4e77-9b9f-08c5c3c9320b"", ""level"": 68, ""device"": ""tablet"", ""completed"": true, ""passed"": false, ""session_duration_seconds"": 170, ""sample_id"": ""dev_1""}"
3e6611f6-2f01-4b85-9c34-abda18af8af5,08a5fa48-2936-465e-affa-5558331c8a8d,2026-08-14 05:15:26.097027,play_attempt,"{""level_attempt_id"": ""efc5d3cc-a7dc-4f09-a957-10565b1562a8"", ""level"": 68, ""device"": ""phone"", ""completed"": true, ""passed"": false, ""session_duration_seconds"": 371, ""sample_id"": ""dev_1""}"
31db8a3a-ed19-4954-ab76-21d73a4f83d2,08a5fa48-2936-465e-affa-5558331c8a8d,2026-08-14 05:21:37.371162,play_attempt,"{""level_attempt_id"": ""f1a60bd7-a308-4379-8527-59072d1df0ca"", ""level"": 68, ""device"": ""phone"", ""completed"": false, ""passed"": false, ""session_duration_seconds"": 576, ""sample_id"": ""dev_1""}"
16fb371e-31c4-4ab7-ba9d-ae63bf71a87f,08a5fa48-2936-465e-affa-5558331c8a8d,2026-08-14 05:31:13.896888,play_attempt,"{""level_attempt_id"": ""7f251473-d881-41c1-8b98-bb127d820bd3"", ""level"": 68, ""device"": ""phone"", ""completed"": true, ""passed"": true, ""session_duration_seconds"": 322, ""sample_id"": ""dev_1""}"
7e3f95c5-c94f-409e-8c12-55bd8cab9183,08a5fa48-2936-465e-affa-5558331c8a8d,2026-08-14 05:36:36.266507,play_attempt,"{""level_attempt_id"": ""373d3cef-ca87-456c-b6c6-4a3f7b63b556"", ""level"": 69, ""device"": ""phone"", ""completed"": false, ""passed"": false, ""session_duration_seconds"": 407, ""sample_id"": ""dev_1""}"
5779758c-1ed7-435d-9367-85f3cc0b8a75,08a5fa48-2936-465e-affa-5558331c8a8d,2026-08-14 05:43:23.358507,play_attempt,"{""level_attempt_id"": ""d0a0d730-5b97-4ec1-a381-ea88f6899ce8"", ""level"": 69, ""device"": ""desktop"", ""completed"": false, ""passed"": false, ""session_duration_seconds"": 598, ""sample_id"": ""dev_1""}"
87cd84e5-3679-44c3-be7e-4744c1860e18,08a5fa48-2936-465e-affa-5558331c8a8d,2026-08-14 05:53:21.815789,play_attempt,"{""level_attempt_id"": ""d0059716-9243-4ad8-93b7-b5532025f4e5"", ""level"": 69, ""device"": ""desktop"", ""completed"": true, ""passed"": false, ""session_duration_seconds"": 173, ""sample_id"": ""dev_1""}"
e8603f6c-89ea-4de9-ac8b-d5c358da168f,08a5fa48-2936-465e-affa-5558331c8a8d,2026-08-14 05:56:15.56851,play_attempt,"{""level_attempt_id"": ""124f1c72-57ae-4050-927e-59da1964762a"", ""level"": 69, ""device"": ""desktop"", ""completed"": true, ""passed"": false, ""session_duration_seconds"": 260, ""sample_id"": ""dev_1""}"
1208bd24-eac4-4316-b892-2d39a9f0915a,08a5fa48-2936-465e-affa-5558331c8a8d,2026-08-14 06:00:35.766275,play_attempt,"{""level_attempt_id"": ""03bb7707-52a5-4778-b7ca-a8f82a4d4791"", ""level"": 69, ""device"": ""desktop"", ""completed"": true, ""passed"": false, ""session_duration_seconds"": 216, ""sample_id"": ""dev_1""}"
26d6e4da-246b-41bb-8ff3-ea1dfb1f14a5,08a5fa48-2936-465e-affa-5558331c8a8d,2026-08-14 06:04:12.158173,play_attempt,"{""level_attempt_id"": ""38f4c4cf-da34-4897-a934-7c993c2568e0"", ""level"": 69, ""device"": ""desktop"", ""completed"": true, ""passed"": true, ""session_duration_seconds"": 231, ""sample_id"": ""dev_1""}"
614f224c-644c-47a0-a32a-b31e86825857,08a5fa48-2936-465e-affa-5558331c8a8d,2026-08-14 06:08:03.241021,play_attempt,"{""level_attempt_id"": ""ba2a866a-1b1b-4ffa-a020-30069a04973c"", ""level"": 70, ""device"": ""desktop"", ""completed"": false, ""passed"": false, ""session_duration_seconds"": 118, ""sample_id"": ""dev_1""}"
7c8f7327-b7b8-456f-8cb4-850c8ef3ab7b,08a5fa48-2936-465e-affa-5558331c8a8d,2026-08-14 06:10:01.875781,play_attempt,"{""level_attempt_id"": ""421b4bbe-dc31-4102-b37e-486966bfab7a"", ""level"": 70, ""device"": ""desktop"", ""completed"": true, ""passed"": true, ""session_duration_seconds"": 348, ""sample_id"": ""dev_1""}"
396901b0-ca35-4d51-9e24-c37301fab88d,08a5fa48-2936-465e-affa-5558331c8a8d,2026-08-14 06:15:50.2086,play_attempt,"{""level_attempt_id"": ""395fb49d-1045-4266-9c47-8cdba026ff07"", ""level"": 71, ""device"": ""desktop"", ""completed"": true, ""passed"": false, ""session_duration_seconds"": 318, ""sample_id"": ""dev_1""}"
75c0016c-1e3d-4e40-8641-e6664049378a,08a5fa48-2936-465e-affa-5558331c8a8d,2026-08-14 06:21:08.995054,play_attempt,"{""level_attempt_id"": ""644d2a08-dfcc-44dd-a31f-f38e2492ab00"", ""level"": 71, ""device"": ""desktop"", ""completed"": true, ""passed"": false, ""session_duration_seconds"": 391, ""sample_id"": ""dev_1""}"
44dbfaca-d917-4c68-97dd-8764fe6f83f5,08a5fa48-2936-465e-affa-5558331c8a8d,2026-08-14 06:27:40.901113,play_attempt,"{""level_attempt_id"": ""00b5ef08-4ccb-4993-b8da-03bdc53f7dec"", ""level"": 71, ""device"": ""desktop"", ""completed"": false, ""passed"": false, ""session_duration_seconds"": 435, ""sample_id"": ""dev_1""}"
3a9afa15-4ac7-4532-86a3-a77006cc0b0a,08a5fa48-2936-465e-affa-5558331c8a8d,2026-08-14 06:34:56.502836,play_attempt,"{""level_attempt_id"": ""e55b89ee-9439-4826-a43e-e92a06b8b44e"", ""level"": 71, ""device"": ""desktop"", ""completed"": true, ""passed"": true, ""session_duration_seconds"": 338, ""sample_id"": ""dev_1""}"
bf91f94f-f698-40c0-82c0-72fed561ae98,08a5fa48-2936-465e-affa-5558331c8a8d,2026-08-14 06:40:35.066635,play_attempt,"{""level_attempt_id"": ""11340064-d97b-4b7c-976e-72d4f7f58413"", ""level"": 72, ""device"": ""desktop"", ""completed"": true, ""passed"": true, ""session_duration_seconds"": 361, ""sample_id"": ""dev_1""}"
be75d101-8e4d-4b02-9a43-401d06bf6d9d,08a5fa48-2936-465e-affa-5558331c8a8d,2026-08-14 06:46:36.413439,play_attempt,"{""level_attempt_id"": ""3c05125e-d8b0-4fab-b2c4-cfefe5ec8322"", ""level"": 73, ""device"": ""desktop"", ""completed"": true, ""passed"": false, ""session_duration_seconds"": 324, ""sample_id"": ""dev_1""}"
40a0dd33-728f-469b-b062-eeecf0309461,08a5fa48-2936-465e-affa-5558331c8a8d,2026-08-14 06:52:01.097972,play_attempt,"{""level_attempt_id"": ""3208b90b-c497-4622-a628-0a784839c2d4"", ""level"": 73, ""device"": ""desktop"", ""completed"": false, ""passed"": false, ""session_duration_seconds"": 507, ""sample_id"": ""dev_1""}"
c59b85cd-1037-4e32-bece-817034cc7e8d,08a5fa48-2936-465e-affa-5558331c8a8d,2026-08-14 07:00:28.31829,play_attempt,"{""level_attempt_id"": ""62cbefdc-be5a-4d51-979a-b439d2fca1ea"", ""level"": 73, ""device"": ""desktop"", ""completed"": true, ""passed"": false, ""session_duration_seconds"": 561, ""sample_id"": ""dev_1""}"
039a2d8d-52b5-4729-a57e-138756fd8fc1,08a5fa48-2936-465e-affa-5558331c8a8d,2026-08-14 07:09:49.539661,play_attempt,"{""level_attempt_id"": ""3a632863-8f96-4816-ad95-40424fae93eb"", ""level"": 73, ""device"": ""desktop"", ""completed"": false, ""passed"": false, ""session_duration_seconds"": 593, ""sample_id"": ""dev_1""}"
5375e40b-00cd-4fe2-b6d0-d5e0d179ea7a,08a5fa48-2936-465e-affa-5558331c8a8d,2026-08-14 07:19:43.045219,play_attempt,"{""level_attempt_id"": ""91826efb-f144-4201-8a1b-39d7e7d68166"", ""level"": 73, ""device"": ""desktop"", ""completed"": false, ""passed"": false, ""session_duration_seconds"": 304, ""sample_id"": ""dev_1""}"
b68cdad5-a3c5-4b03-9f58-010584b8402f,08a5fa48-2936-465e-affa-5558331c8a8d,2026-08-14 07:24:47.382907,play_attempt,"{""level_attempt_id"": ""4163e2bd-40a2-40db-8bc2-02a84c1d1c6b"", ""level"": 73, ""device"": ""desktop"", ""completed"": true, ""passed"": true, ""session_duration_seconds"": 335, ""sample_id"": ""dev_1""}"
9ddd9924-d4d5-402c-83b3-fd3542d53697,08a5fa48-2936-465e-affa-5558331c8a8d,2026-08-14 07:30:22.692575,play_attempt,"{""level_attempt_id"": ""40856ff5-ea7e-43e4-9aed-c92c863d1c2d"", ""level"": 74, ""device"": ""desktop"", ""completed"": false, ""passed"": false, ""session_duration_seconds"": 45, ""sample_id"": ""dev_1""}"
9d5913f5-4058-4828-9f26-40e3a3e3184c,08a5fa48-2936-465e-affa-5558331c8a8d,2026-08-14 07:31:08.173372,play_attempt,"{""level_attempt_id"": ""bac373c9-78c7-48ad-b3a8-2192d5247907"", ""level"": 74, ""device"": ""desktop"", ""completed"": false, ""passed"": false, ""session_duration_seconds"": 221, ""sample_id"": ""dev_1""}"
d5511f24-92ae-4bc6-a370-dcabcb47e351,08a5fa48-2936-465e-affa-5558331c8a8d,2026-08-14 07:34:49.71848,play_attempt,"{""level_attempt_id"": ""bfd16eca-a9f3-498d-8a4a-3da15ed9abb3"", ""level"": 74, ""device"": ""desktop"", ""completed"": false, ""passed"": false, ""session_duration_seconds"": 342, ""sample_id"": ""dev_1""}"
6d72288e-575e-4f8c-b021-3a8cffe5a09d,08a5fa48-2936-465e-affa-5558331c8a8d,2026-08-14 07:40:32.174231,play_attempt,"{""level_attempt_id"": ""f846c9f2-e8cb-4367-8e7a-cda4ecdb62fd"", ""level"": 74, ""device"": ""desktop"", ""completed"": true, ""passed"": false, ""session_duration_seconds"": 303, ""sample_id"": ""dev_1""}"
a4a7d9c7-7eca-4018-a5d3-45a8cdb8819d,08a5fa48-2936-465e-affa-5558331c8a8d,2026-08-14 07:45:35.990997,play_attempt,"{""level_attempt_id"": ""cec46d36-3337-496c-8c96-8ba0e97a4fe7"", ""level"": 74, ""device"": ""tablet"", ""completed"": true, ""passed"": true, ""session_duration_seconds"": 393, ""sample_id"": ""dev_1""}"
c5810324-be25-4d89-884f-212d04707c5d,08a5fa48-2936-465e-affa-5558331c8a8d,2026-08-14 07:52:09.642137,play_attempt,"{""level_attempt_id"": ""7d2e1630-e1cc-4082-b5da-5a5332f809c6"", ""level"": 75, ""device"": ""tablet"", ""completed"": true, ""passed"": true, ""session_duration_seconds"": 463, ""sample_id"": ""dev_1""}"
334df98e-c528-4727-ab3b-1c384747d3b5,08a5fa48-2936-465e-affa-5558331c8a8d,2026-08-14 07:59:53.332311,play_attempt,"{""level_attempt_id"": ""236f679e-b525-4ecb-a841-346f04e2c156"", ""level"": 76, ""device"": ""tablet"", ""completed"": true, ""passed"": true, ""session_duration_seconds"": 223, ""sample_id"": ""dev_1""}"
d213415f-eb6f-40ec-b636-7e911d3481eb,08a5fa48-2936-465e-affa-5558331c8a8d,2026-08-14 08:03:36.961554,play_attempt,"{""level_attempt_id"": ""d4ce3afc-6cc8-4183-9f91-15c0c6735ea2"", ""level"": 77, ""device"": ""tablet"", ""completed"": true, ""passed"": false, ""session_duration_seconds"": 336, ""sample_id"": ""dev_1""}"
c928316d-2ee4-41a9-a451-a0a414e44c8c,08a5fa48-2936-465e-affa-5558331c8a8d,2026-08-14 08:09:13.867484,play_attempt,"{""level_attempt_id"": ""3229ace2-5998-4d3d-a13d-517393bae57b"", ""level"": 77, ""device"": ""tablet"", ""completed"": true, ""passed"": true, ""session_duration_seconds"": 265, ""sample_id"": ""dev_1""}"
2c60a0ef-4092-44ac-9e42-25c2ff9be432,08a5fa48-2936-465e-affa-5558331c8a8d,2026-08-15 08:13:39.278241,play_attempt,"{""level_attempt_id"": ""47215696-ce24-4f67-af05-1bbe616f5b6f"", ""level"": 78, ""device"": ""tablet"", ""completed"": true, ""passed"": true, ""session_duration_seconds"": 136, ""sample_id"": ""dev_1""}"
2d1395ca-b960-49f3-bb05-c0806f0d18a5,08a5fa48-2936-465e-affa-5558331c8a8d,2026-08-15 08:15:56.16202,play_attempt,"{""level_attempt_id"": ""9aa5eae2-4e75-4752-b47f-1d82d137b85c"", ""level"": 79, ""device"": ""tablet"", ""completed"": true, ""passed"": true, ""session_duration_seconds"": 254, ""sample_id"": ""dev_1""}"
1e354b9f-d9e4-4d39-a114-d98444dcd501,08a5fa48-2936-465e-affa-5558331c8a8d,2026-08-25 08:20:10.783005,play_attempt,"{""level_attempt_id"": ""4a0dd965-3876-4b1c-b3c7-63f77ab62887"", ""level"": 80, ""device"": ""tablet"", ""completed"": true, ""passed"": true, ""session_duration_seconds"": 445, ""sample_id"": ""dev_1""}"
fb013260-9d3c-461d-b415-e9572998fc56,08a5fa48-2936-465e-affa-5558331c8a8d,2026-08-26 08:27:36.69905,play_attempt,"{""level_attempt_id"": ""aeaa593f-f3da-4d2a-a0d7-d532e507f9cf"", ""level"": 81, ""device"": ""tablet"", ""completed"": true, ""passed"": false, ""session_duration_seconds"": 364, ""sample_id"": ""dev_1""}"
ec332b7a-1f9d-4455-9559-46d59a195f02,08a5fa48-2936-465e-affa-5558331c8a8d,2026-08-26 08:33:41.054615,play_attempt,"{""level_attempt_id"": ""e2c63e28-3592-48bf-99f4-569a10fa00a7"", ""level"": 81, ""device"": ""tablet"", ""completed"": true, ""passed"": false, ""session_duration_seconds"": 401, ""sample_id"": ""dev_1""}"
616f87bb-7537-4f4e-ba30-0751a6e46e2e,08a5fa48-2936-465e-affa-5558331c8a8d,2026-08-26 08:40:22.288053,play_attempt,"{""level_attempt_id"": ""b82cf27e-8ad9-4650-847a-a490dcb435a4"", ""level"": 81, ""device"": ""tablet"", ""completed"": true, ""passed"": true, ""session_duration_seconds"": 282, ""sample_id"": ""dev_1""}"
04d92fba-2f5f-4b02-85ca-ca7cfe66c5d8,08a5fa48-2936-465e-affa-5558331c8a8d,2026-08-26 08:45:04.542647,play_attempt,"{""level_attempt_id"": ""cc786e8b-5f2c-4a3c-b66c-90140b37b447"", ""level"": 82, ""device"": ""tablet"", ""completed"": true, ""passed"": false, ""session_duration_seconds"": 296, ""sample_id"": ""dev_1""}"
eb9b97fd-c67e-4c03-a208-a0b39d42bd8c,08a5fa48-2936-465e-affa-5558331c8a8d,2026-08-26 08:50:01.209462,play_attempt,"{""level_attempt_id"": ""3fbae35a-a7e8-4548-81ee-4d2b58393fa3"", ""level"": 82, ""device"": ""tablet"", ""completed"": true, ""passed"": false, ""session_duration_seconds"": 306, ""sample_id"": ""dev_1""}"
1d434e0f-b1c1-4257-82db-6e6c5ba9b44b,08a5fa48-2936-465e-affa-5558331c8a8d,2026-08-26 08:55:07.979677,play_attempt,"{""level_attempt_id"": ""d53de75e-7980-42b3-8faa-e0322487071a"", ""level"": 82, ""device"": ""tablet"", ""completed"": true, ""passed"": true, ""session_duration_seconds"": 273, ""sample_id"": ""dev_1""}"
f39efef2-c347-446e-b1ae-525496aa556c,08a5fa48-2936-465e-affa-5558331c8a8d,2026-08-26 08:59:41.253861,play_attempt,"{""level_attempt_id"": ""454e5351-ec94-4cac-9fe7-d7b4ed7fd85e"", ""level"": 83, ""device"": ""tablet"", ""completed"": true, ""passed"": false, ""session_duration_seconds"": 399, ""sample_id"": ""dev_1""}"
08cb5f12-16fd-454c-947c-32b832c85ed8,08a5fa48-2936-465e-affa-5558331c8a8d,2026-08-26 09:06:20.915175,play_attempt,"{""level_attempt_id"": ""4cbc1b5b-b0e3-46cd-a575-06b4468d3b4e"", ""level"": 83, ""device"": ""tablet"", ""completed"": true, ""passed"": true, ""session_duration_seconds"": 223, ""sample_id"": ""dev_1""}"
aa8479dc-d434-4499-9d72-e9c04e864655,08a5fa48-2936-465e-affa-5558331c8a8d,2026-09-04 09:10:04.277128,play_attempt,"{""level_attempt_id"": ""d46d24ba-918d-447a-96df-d87892872fad"", ""level"": 84, ""device"": ""tablet"", ""completed"": true, ""passed"": false, ""session_duration_seconds"": 537, ""sample_id"": ""dev_1""}"
b1cf2d9e-4fc3-4ea4-8668-677928919740,08a5fa48-2936-465e-affa-5558331c8a8d,2026-09-04 09:19:01.729678,play_attempt,"{""level_attempt_id"": ""a005d6c8-713f-4d7e-bad7-1030f278ca5e"", ""level"": 84, ""device"": ""tablet"", ""completed"": true, ""passed"": true, ""session_duration_seconds"": 236, ""sample_id"": ""dev_1""}"
f9c85cdd-1b9c-4bc4-859c-7f1a9eb918ac,08a5fa48-2936-465e-affa-5558331c8a8d,2026-09-04 09:22:58.466246,play_attempt,"{""level_attempt_id"": ""91aa5d28-ac47-4e28-8a58-e8c6bd7cc414"", ""level"": 85, ""device"": ""tablet"", ""completed"": true, ""passed"": true, ""session_duration_seconds"": 480, ""sample_id"": ""dev_1""}"
8b25276e-29e0-4aa5-aad2-cca7ce3e6d8f,08a5fa48-2936-465e-affa-5558331c8a8d,2026-10-02 09:30:59.129989,play_attempt,"{""level_attempt_id"": ""d63b5ab9-66cb-4d35-b6c0-0c286ef046e1"", ""level"": 86, ""device"": ""tablet"", ""completed"": true, ""passed"": true, ""session_duration_seconds"": 381, ""sample_id"": ""dev_1""}"
147bb951-353b-4a55-b996-0b56343e7af3,08a5fa48-2936-465e-affa-5558331c8a8d,2026-10-02 09:37:20.806137,play_attempt,"{""level_attempt_id"": ""64280178-627a-4501-b493-0a8975c33884"", ""level"": 87, ""device"": ""phone"", ""completed"": true, ""passed"": false, ""session_duration_seconds"": 396, ""sample_id"": ""dev_1""}"
cb26f538-c2e7-402f-a442-1c034bf6dec3,08a5fa48-2936-465e-affa-5558331c8a8d,2026-10-02 09:43:57.494285,play_attempt,"{""level_attempt_id"": ""d7d4fa71-660a-4a21-b5e9-0a63c1475d41"", ""level"": 87, ""device"": ""tablet"", ""completed"": true, ""passed"": true, ""session_duration_seconds"": 165, ""sample_id"": ""dev_1""}"
c2baa4c5-927c-4bbe-84e5-89151a0c33e6,08a5fa48-2936-465e-affa-5558331c8a8d,2026-10-02 09:46:42.987365,play_attempt,"{""level_attempt_id"": ""b8e12960-d83e-41f4-9ffd-ed3910354fd2"", ""level"": 88, ""device"": ""tablet"", ""completed"": true, ""passed"": false, ""session_duration_seconds"": 265, ""sample_id"": ""dev_1""}"
8da995ff-891a-4996-9751-21d3d26d8a35,08a5fa48-2936-465e-affa-5558331c8a8d,2026-10-02 09:51:08.784713,play_attempt,"{""level_attempt_id"": ""3bc0176d-8f61-4e60-bad8-d0def800fba9"", ""level"": 88, ""device"": ""phone"", ""completed"": false, ""passed"": false, ""session_duration_seconds"": 77, ""sample_id"": ""dev_1""}"
06f05a3f-6f95-4622-806b-2d29a20d65f9,08a5fa48-2936-465e-affa-5558331c8a8d,2026-10-02 09:52:26.367575,play_attempt,"{""level_attempt_id"": ""f2ba9f2b-35bd-400e-92cc-75646afa3538"", ""level"": 88, ""device"": ""phone"", ""completed"": true, ""passed"": true, ""session_duration_seconds"": 551, ""sample_id"": ""dev_1""}"
fc191e81-6e81-499a-bb8d-17af521280a5,08a5fa48-2936-465e-affa-5558331c8a8d,2026-10-02 10:01:37.775053,play_attempt,"{""level_attempt_id"": ""f9211092-256e-4d28-b180-7f3b39acfc11"", ""level"": 89, ""device"": ""phone"", ""completed"": true, ""passed"": true, ""session_duration_seconds"": 353, ""sample_id"": ""dev_1""}"
c074fd31-2036-475f-8c89-ba4b16e231f1,08a5fa48-2936-465e-affa-5558331c8a8d,2026-10-02 10:07:31.551843,play_attempt,"{""level_attempt_id"": ""24cd45a8-0361-422c-a886-5d89e5d74b18"", ""level"": 90, ""device"": ""phone"", ""completed"": true, ""passed"": true, ""session_duration_seconds"": 277, ""sample_id"": ""dev_1""}"
9453d135-141b-46ab-91af-6b8f1d14fd98,08a5fa48-2936-465e-affa-5558331c8a8d,2026-10-02 10:12:09.511934,play_attempt,"{""level_attempt_id"": ""c6a985e9-669d-4a7b-bb0f-7375d825f28e"", ""level"": 91, ""device"": ""phone"", ""completed"": true, ""passed"": true, ""session_duration_seconds"": 283, ""sample_id"": ""dev_1""}"
66344214-7581-42ba-8ed3-6756ae92fc4d,08a5fa48-2936-465e-affa-5558331c8a8d,2026-10-02 10:16:52.70555,play_attempt,"{""level_attempt_id"": ""b2a86eba-b07f-4ddb-897d-da92d996c6c4"", ""level"": 92, ""device"": ""phone"", ""completed"": true, ""passed"": false, ""session_duration_seconds"": 357, ""sample_id"": ""dev_1""}"
44f89360-d622-49a6-8fd1-adab030b1e07,08a5fa48-2936-465e-affa-5558331c8a8d,2026-10-02 10:22:49.965984,play_attempt,"{""level_attempt_id"": ""8c11c734-e46d-42a8-b8d0-63c67bb704e3"", ""level"": 92, ""device"": ""phone"", ""completed"": true, ""passed"": false, ""session_duration_seconds"": 322, ""sample_id"": ""dev_1""}"
09ab92cd-e088-4eef-afc0-b9648e9ae39b,08a5fa48-2936-465e-affa-5558331c8a8d,2026-10-02 10:28:12.142681,play_attempt,"{""level_attempt_id"": ""dbd999ef-9049-446d-a069-622e498ede2d"", ""level"": 92, ""device"": ""phone"", ""completed"": true, ""passed"": false, ""session_duration_seconds"": 406, ""sample_id"": ""dev_1""}"
6673349e-faa2-4944-a97a-905d488f8acf,08a5fa48-2936-465e-affa-5558331c8a8d,2026-10-02 10:34:59.099489,play_attempt,"{""level_attempt_id"": ""5a01832d-0e04-4378-abca-1c551bed64b9"", ""level"": 92, ""device"": ""phone"", ""completed"": true, ""passed"": false, ""session_duration_seconds"": 334, ""sample_id"": ""dev_1""}"
d3280749-4cb5-413e-aad4-11e857a75be0,08a5fa48-2936-465e-affa-5558331c8a8d,2026-10-02 10:40:33.306127,play_attempt,"{""level_attempt_id"": ""b903a3f2-100c-49dc-a608-f7ee76580ef9"", ""level"": 92, ""device"": ""phone"", ""completed"": false, ""passed"": false, ""session_duration_seconds"": 542, ""sample_id"": ""dev_1""}"
cb3e0eb1-0582-478d-9be9-da70d6f6f3ba,08a5fa48-2936-465e-affa-5558331c8a8d,2026-10-02 10:49:35.800709,play_attempt,"{""level_attempt_id"": ""3b9f5bf7-4450-4b85-90b9-585adea1a02d"", ""level"": 92, ""device"": ""tablet"", ""completed"": true, ""passed"": true, ""session_duration_seconds"": 374, ""sample_id"": ""dev_1""}"
6a22523e-6f92-48be-ab33-2617dad8a287,08a5fa48-2936-465e-affa-5558331c8a8d,2026-10-05 10:55:50.662266,play_attempt,"{""level_attempt_id"": ""7b80a48e-e3c1-410a-b2da-fe5f1554d739"", ""level"": 93, ""device"": ""tablet"", ""completed"": true, ""passed"": true, ""session_duration_seconds"": 151, ""sample_id"": ""dev_1""}"
063a79e5-de12-48ad-b14e-8c8498c48f49,08a5fa48-2936-465e-affa-5558331c8a8d,2026-10-05 10:58:21.7297,play_attempt,"{""level_attempt_id"": ""6883d40c-0478-4409-936c-b765175a1312"", ""level"": 94, ""device"": ""tablet"", ""completed"": true, ""passed"": false, ""session_duration_seconds"": 395, ""sample_id"": ""dev_1""}"
eab01bad-8892-4a86-8d3c-451f41099e43,08a5fa48-2936-465e-affa-5558331c8a8d,2026-10-05 11:04:57.093068,play_attempt,"{""level_attempt_id"": ""1b34855f-9e0a-4dce-9eae-9bf19693e89e"", ""level"": 94, ""device"": ""tablet"", ""completed"": true, ""passed"": false, ""session_duration_seconds"": 419, ""sample_id"": ""dev_1""}"
420637d0-b4f3-4fed-a390-b7f58225ce92,08a5fa48-2936-465e-affa-5558331c8a8d,2026-10-05 11:11:56.261354,play_attempt,"{""level_attempt_id"": ""10c16602-a7a1-4a36-b557-66767a0fffa5"", ""level"": 94, ""device"": ""tablet"", ""completed"": false, ""passed"": false, ""session_duration_seconds"": 485, ""sample_id"": ""dev_1""}"
6b9bb84b-55f3-48ec-a75d-52686c39ee75,08a5fa48-2936-465e-affa-5558331c8a8d,2026-10-05 11:20:02.024599,play_attempt,"{""level_attempt_id"": ""c81a485d-024f-4e11-8ec9-e2f5a6fe6dd8"", ""level"": 94, ""device"": ""tablet"", ""completed"": true, ""passed"": true, ""session_duration_seconds"": 553, ""sample_id"": ""dev_1""}"
e73bf3ff-25c5-4a79-b603-bb0f000b624f,08a5fa48-2936-465e-affa-5558331c8a8d,2026-10-05 11:29:15.5528,play_attempt,"{""level_attempt_id"": ""efaaa175-4f2b-475e-96bc-208210776ccc"", ""level"": 95, ""device"": ""phone"", ""completed"": false, ""passed"": false, ""session_duration_seconds"": 136, ""sample_id"": ""dev_1""}"
c321ed66-8419-407a-bc4a-fef023a2dbb4,08a5fa48-2936-465e-affa-5558331c8a8d,2026-10-05 11:31:32.286262,play_attempt,"{""level_attempt_id"": ""23b64f96-755f-4172-b13b-f06ef7c0d8a9"", ""level"": 95, ""device"": ""phone"", ""completed"": true, ""passed"": false, ""session_duration_seconds"": 265, ""sample_id"": ""dev_1""}"
5d52134c-b716-48f4-887a-2a3af5f8174f,08a5fa48-2936-465e-affa-5558331c8a8d,2026-10-05 11:35:57.357705,play_attempt,"{""level_attempt_id"": ""6661a9db-8988-422d-b085-f060d4651cd5"", ""level"": 95, ""device"": ""tablet"", ""completed"": true, ""passed"": true, ""session_duration_seconds"": 391, ""sample_id"": ""dev_1""}"
f99b9fd5-8562-47fc-a8a8-06fab3c668df,08a5fa48-2936-465e-affa-5558331c8a8d,2026-10-08 11:42:29.307722,play_attempt,"{""level_attempt_id"": ""7c78df84-d804-47ba-ab1f-8d066a25a84a"", ""level"": 96, ""device"": ""tablet"", ""completed"": true, ""passed"": true, ""session_duration_seconds"": 567, ""sample_id"": ""dev_1""}"
dd9e300f-7329-4767-a376-2ff1d9c0228e,08a5fa48-2936-465e-affa-5558331c8a8d,2026-10-19 11:51:56.653565,play_attempt,"{""level_attempt_id"": ""c76a58bf-2454-4401-9c38-4842f176b3d8"", ""level"": 97, ""device"": ""phone"", ""completed"": true, ""passed"": true, ""session_duration_seconds"": 500, ""sample_id"": ""dev_1""}"
580ac447-adac-4f0e-9a20-afa38d782a0b,08a5fa48-2936-465e-affa-5558331c8a8d,2026-10-19 12:00:17.254747,play_attempt,"{""level_attempt_id"": ""20a5359c-426b-44d7-8a82-d2a6e0efd2ef"", ""level"": 98, ""device"": ""phone"", ""completed"": true, ""passed"": false, ""session_duration_seconds"": 316, ""sample_id"": ""dev_1""}"
e632a277-5f10-49b0-a1e4-f3479bbdda5d,08a5fa48-2936-465e-affa-5558331c8a8d,2026-10-19 12:05:33.446168,play_attempt,"{""level_attempt_id"": ""681fdd14-5adb-4457-9437-622d471e8710"", ""level"": 98, ""device"": ""phone"", ""completed"": true, ""passed"": false, ""session_duration_seconds"": 396, ""sample_id"": ""dev_1""}"
56563f1e-69d3-4027-8045-982727056603,08a5fa48-2936-465e-affa-5558331c8a8d,2026-10-19 12:12:09.935906,play_attempt,"{""level_attempt_id"": ""ea3c88c2-0e54-4e0c-95fd-11679cd487e9"", ""level"": 98, ""device"": ""phone"", ""completed"": true, ""passed"": false, ""session_duration_seconds"": 414, ""sample_id"": ""dev_1""}"
a2e4c1ee-0f66-409f-9343-5fac3577d100,08a5fa48-2936-465e-affa-5558331c8a8d,2026-10-19 12:19:04.054117,play_attempt,"{""level_attempt_id"": ""db7fe8b5-c8ed-4038-bfbd-bc57085722f6"", ""level"": 98, ""device"": ""phone"", ""completed"": false, ""passed"": false, ""session_duration_seconds"": 183, ""sample_id"": ""dev_1""}"
659c94b4-b6e2-4aeb-9b1f-604fb25fb403,08a5fa48-2936-465e-affa-5558331c8a8d,2026-10-19 12:22:07.684426,play_attempt,"{""level_attempt_id"": ""857b10f6-acab-4074-bd13-6d1dfee0d3a5"", ""level"": 98, ""device"": ""phone"", ""completed"": true, ""passed"": false, ""session_duration_seconds"": 155, ""sample_id"": ""dev_1""}"
876e47c0-b9d9-497e-844f-365e08cdf3ac,08a5fa48-2936-465e-affa-5558331c8a8d,2026-10-19 12:24:42.708977,play_attempt,"{""level_attempt_id"": ""5e934063-9798-41a9-a8b2-794d9d41eee8"", ""level"": 98, ""device"": ""phone"", ""completed"": true, ""passed"": true, ""session_duration_seconds"": 263, ""sample_id"": ""dev_1""}"
e7a68585-e4bd-446f-81d5-1c1f5506d678,08a5fa48-2936-465e-affa-5558331c8a8d,2026-10-25 12:29:05.961231,play_attempt,"{""level_attempt_id"": ""a851fbc9-292c-4712-a991-234d9005ba5b"", ""level"": 99, ""device"": ""phone"", ""completed"": true, ""passed"": false, ""session_duration_seconds"": 386, ""sample_id"": ""dev_1""}"
8b635556-4061-4351-919f-5add6ac287a9,08a5fa48-2936-465e-affa-5558331c8a8d,2026-10-25 12:35:32.440153,play_attempt,"{""level_attempt_id"": ""a46cfe13-1dbb-4982-9805-adb2d6ab34dc"", ""level"": 99, ""device"": ""desktop"", ""completed"": true, ""passed"": false, ""session_duration_seconds"": 248, ""sample_id"": ""dev_1""}"
f2e7eb44-8b72-47dd-96af-5816b7339deb,08a5fa48-2936-465e-affa-5558331c8a8d,2026-10-25 12:39:41.439697,play_attempt,"{""level_attempt_id"": ""95b59940-8a58-41cc-8902-57b123bd4866"", ""level"": 99, ""device"": ""desktop"", ""completed"": true, ""passed"": false, ""session_duration_seconds"": 374, ""sample_id"": ""dev_1""}"
ccda90bd-886a-4626-9876-75159332f322,08a5fa48-2936-465e-affa-5558331c8a8d,2026-10-25 12:45:55.444937,play_attempt,"{""level_attempt_id"": ""5c09e44a-912d-41e1-9929-efc1c7bb7ffd"", ""level"": 99, ""device"": ""desktop"", ""completed"": true, ""passed"": true, ""session_duration_seconds"": 464, ""sample_id"": ""dev_1""}"
6fbc5a43-45a2-4e1f-99f5-9933b1fe5a3d,08a5fa48-2936-465e-affa-5558331c8a8d,2026-10-25 12:53:39.472068,play_attempt,"{""level_attempt_id"": ""e736bdd0-ead1-43fd-a3bd-69e46d99cb0e"", ""level"": 100, ""device"": ""tablet"", ""completed"": false, ""passed"": false, ""session_duration_seconds"": 87, ""sample_id"": ""dev_1""}"
ab960357-d2e7-413c-8b52-00852d9bbc79,08a5fa48-2936-465e-affa-5558331c8a8d,2026-10-25 12:55:07.382939,play_attempt,"{""level_attempt_id"": ""79dfb4f7-8f60-48ed-b18b-0131b33d6e75"", ""level"": 100, ""device"": ""tablet"", ""completed"": true, ""passed"": true, ""session_duration_seconds"": 355, ""sample_id"": ""dev_1""}"
91cef5d0-dcdb-47ce-8205-7984af0e7f0e,abe0a742-9916-40d4-b488-e6f7539063a4,2026-01-01 00:00:00,user_created,"{""location"": ""MT"", ""age"": 18, ""gender"": ""female"", ""sample_id"": ""dev_1""}"
146421fa-c2f5-41fb-91cf-2e8357c172af,abe0a742-9916-40d4-b488-e6f7539063a4,2026-01-01 07:17:58,play_attempt,"{""level_attempt_id"": ""01f8703d-7674-42ef-8cea-be16d86492f8"", ""level"": 1, ""device"": ""desktop"", ""completed"": false, ""passed"": false, ""session_duration_seconds"": 564, ""sample_id"": ""dev_1""}"
1b9f0ac1-6132-4d13-aac2-3bb2949ee584,abe0a742-9916-40d4-b488-e6f7539063a4,2026-01-01 07:27:22.223883,play_attempt,"{""level_attempt_id"": ""3ff63176-c742-45bc-b447-9a2a67da2fe7"", ""level"": 1, ""device"": ""phone"", ""completed"": true, ""passed"": true, ""session_duration_seconds"": 254, ""sample_id"": ""dev_1""}"
94671e02-cdf9-4204-8a26-84e6d4e1f5b0,abe0a742-9916-40d4-b488-e6f7539063a4,2026-01-02 07:31:36.896344,play_attempt,"{""level_attempt_id"": ""c80f608d-558a-49ec-9f33-45577194684d"", ""level"": 2, ""device"": ""phone"", ""completed"": true, ""passed"": true, ""session_duration_seconds"": 397, ""sample_id"": ""dev_1""}"
763447af-f8e8-43f7-b531-6822de65efdb,abe0a742-9916-40d4-b488-e6f7539063a4,2026-01-05 07:38:14.335958,play_attempt,"{""level_attempt_id"": ""75952fb5-4183-4297-94b3-e521db2862b2"", ""level"": 3, ""device"": ""phone"", ""completed"": true, ""passed"": false, ""session_duration_seconds"": 183, ""sample_id"": ""dev_1""}"
22aea6bb-5b94-4b4b-92f8-4b2c49d421b1,abe0a742-9916-40d4-b488-e6f7539063a4,2026-01-05 07:41:18.144968,play_attempt,"{""level_attempt_id"": ""6fdba23c-d54d-48a1-847b-3e7ffaf9a971"", ""level"": 3, ""device"": ""desktop"", ""completed"": true, ""passed"": false, ""session_duration_seconds"": 533, ""sample_id"": ""dev_1""}"
fe13fbfe-0e95-4950-9a35-c18d79a04526,abe0a742-9916-40d4-b488-e6f7539063a4,2026-01-05 07:50:11.808587,play_attempt,"{""level_attempt_id"": ""eaf37116-faae-4cdd-8d29-984fe2e45248"", ""level"": 3, ""device"": ""desktop"", ""completed"": true, ""passed"": false, ""session_duration_seconds"": 372, ""sample_id"": ""dev_1""}"
a1148aa3-b7f3-454a-85c7-012e247d97ff,abe0a742-9916-40d4-b488-e6f7539063a4,2026-01-05 07:56:24.724664,play_attempt,"{""level_attempt_id"": ""2599b2d8-5614-4ea9-8d23-8b428d34d726"", ""level"": 3, ""device"": ""desktop"", ""completed"": true, ""passed"": true, ""session_duration_seconds"": 265, ""sample_id"": ""dev_1""}"
94ac7039-7e74-403c-be2b-4f5618700456,abe0a742-9916-40d4-b488-e6f7539063a4,2026-01-05 08:00:49.85902,play_attempt,"{""level_attempt_id"": ""e1939b1e-611c-4ed0-934b-48cb569b77d0"", ""level"": 4, ""device"": ""tablet"", ""completed"": false, ""passed"": false, ""session_duration_seconds"": 238, ""sample_id"": ""dev_1""}"
389f60c7-4e03-4b56-87f0-283f8fc7d1ad,abe0a742-9916-40d4-b488-e6f7539063a4,2026-01-05 08:04:48.255633,play_attempt,"{""level_attempt_id"": ""a6251746-4322-497f-b11b-e3be403d7e73"", ""level"": 4, ""device"": ""tablet"", ""completed"": true, ""passed"": false, ""session_duration_seconds"": 282, ""sample_id"": ""dev_1""}"
0c5d4463-1429-442c-82fb-dbdf13709ab7,abe0a742-9916-40d4-b488-e6f7539063a4,2026-01-05 08:09:30.662864,play_attempt,"{""level_attempt_id"": ""8f11d4aa-59e0-48f0-94cc-49d2d81f721b"", ""level"": 4, ""device"": ""tablet"", ""completed"": true, ""passed"": true, ""session_duration_seconds"": 375, ""sample_id"": ""dev_1""}"
2915c151-985e-40ed-9e3c-70377a08ad9c,abe0a742-9916-40d4-b488-e6f7539063a4,2026-01-05 08:15:45.772327,play_attempt,"{""level_attempt_id"": ""0d4929b8-e834-48e0-900a-61ed07bfdf48"", ""level"": 5, ""device"": ""desktop"", ""completed"": true, ""passed"": false, ""session_duration_seconds"": 275, ""sample_id"": ""dev_1""}"
cf4c4b6d-fdfe-4ab1-909e-d664f921b23f,abe0a742-9916-40d4-b488-e6f7539063a4,2026-01-05 08:20:20.966204,play_attempt,"{""level_attempt_id"": ""45b5cca1-8bfd-4bab-9fe5-793ac2406602"", ""level"": 5, ""device"": ""desktop"", ""completed"": false, ""passed"": false, ""session_duration_seconds"": 312, ""sample_id"": ""dev_1""}"
8d34ef71-1e50-429f-b608-df5eed2321bb,abe0a742-9916-40d4-b488-e6f7539063a4,2026-01-05 08:25:33.405223,play_attempt,"{""level_attempt_id"": ""51af0189-83fa-4155-bd9e-32c4ff1d20af"", ""level"": 5, ""device"": ""phone"", ""completed"": true, ""passed"": false, ""session_duration_seconds"": 308, ""sample_id"": ""dev_1""}"
37db42f6-f319-4ad2-8856-e6e2f8122272,abe0a742-9916-40d4-b488-e6f7539063a4,2026-01-05 08:30:41.580297,play_attempt,"{""level_attempt_id"": ""79e43120-88dd-417a-95d0-850836e1059f"", ""level"": 5, ""device"": ""tablet"", ""completed"": true, ""passed"": true, ""session_duration_seconds"": 379, ""sample_id"": ""dev_1""}"
bff464dc-8635-42e7-a435-52460dd15fd1,abe0a742-9916-40d4-b488-e6f7539063a4,2026-01-06 08:37:01.332055,play_attempt,"{""level_attempt_id"": ""5d2c0b46-361c-4664-978d-7b028f76fa59"", ""level"": 6, ""device"": ""tablet"", ""completed"": false, ""passed"": false, ""session_duration_seconds"": 285, ""sample_id"": ""dev_1""}"
433e7b6d-010d-47c7-92e0-604fdcbc1838,abe0a742-9916-40d4-b488-e6f7539063a4,2026-01-06 08:41:47.014665,play_attempt,"{""level_attempt_id"": ""afd78382-b4df-4bda-8a60-e3e18a944e51"", ""level"": 6, ""device"": ""tablet"", ""completed"": true, ""passed"": true, ""session_duration_seconds"": 373, ""sample_id"": ""dev_1""}"
8a38d223-9d1c-4196-bd80-d67aa9742d1e,abe0a742-9916-40d4-b488-e6f7539063a4,2026-01-07 08:48:00.214319,play_attempt,"{""level_attempt_id"": ""b3930823-40d7-4679-a8b9-378ccb76154f"", ""level"": 7, ""device"": ""phone"", ""completed"": true, ""passed"": true, ""session_duration_seconds"": 372, ""sample_id"": ""dev_1""}"
6fd5aa66-b750-44f4-a801-2b358074b46d,abe0a742-9916-40d4-b488-e6f7539063a4,2026-01-07 08:54:12.257515,play_attempt,"{""level_attempt_id"": ""037ae669-4625-4629-9dc9-8f880b127beb"", ""level"": 8, ""device"": ""phone"", ""completed"": true, ""passed"": true, ""session_duration_seconds"": 218, ""sample_id"": ""dev_1""}"
700f3ecb-4726-4a1d-90fb-1b5eabaac6c4,abe0a742-9916-40d4-b488-e6f7539063a4,2026-01-07 08:57:50.602942,play_attempt,"{""level_attempt_id"": ""f1c25288-775a-4216-a195-90b582a679a8"", ""level"": 9, ""device"": ""phone"", ""completed"": true, ""passed"": false, ""session_duration_seconds"": 356, ""sample_id"": ""dev_1""}"
94d3b574-854e-4637-8b75-14fdff3fe9ea,abe0a742-9916-40d4-b488-e6f7539063a4,2026-01-07 09:03:46.911623,play_attempt,"{""level_attempt_id"": ""7422cb1c-88ce-45bf-862c-20f4e38b1eb1"", ""level"": 9, ""device"": ""phone"", ""completed"": true, ""passed"": true, ""session_duration_seconds"": 454, ""sample_id"": ""dev_1""}"
8397413d-8cfa-4739-bdd6-c3527d317b82,abe0a742-9916-40d4-b488-e6f7539063a4,2026-01-07 09:11:21.661715,play_attempt,"{""level_attempt_id"": ""961c939b-d760-43de-8f06-089c5a708dac"", ""level"": 10, ""device"": ""phone"", ""completed"": false, ""passed"": false, ""session_duration_seconds"": 192, ""sample_id"": ""dev_1""}"
8b687981-3f76-48dd-8db2-cd6dddb45672,abe0a742-9916-40d4-b488-e6f7539063a4,2026-01-07 09:14:34.005377,play_attempt,"{""level_attempt_id"": ""e4b7be5c-9106-46ee-9255-84b6ab6535f8"", ""level"": 10, ""device"": ""phone"", ""completed"": true, ""passed"": true, ""session_duration_seconds"": 279, ""sample_id"": ""dev_1""}"
cde72252-d3ed-406a-978d-f2525f687894,abe0a742-9916-40d4-b488-e6f7539063a4,2026-01-07 09:19:13.685289,play_attempt,"{""level_attempt_id"": ""a985cef5-b908-419f-95b8-de653707e81e"", ""level"": 11, ""device"": ""phone"", ""completed"": true, ""passed"": true, ""session_duration_seconds"": 384, ""sample_id"": ""dev_1""}"
e328a51d-6d41-47f7-af04-d6c7c57ccd60,abe0a742-9916-40d4-b488-e6f7539063a4,2026-01-14 09:25:38.514275,play_attempt,"{""level_attempt_id"": ""376f5fe0-aaac-43a6-b5bd-d93e323c5690"", ""level"": 12, ""device"": ""phone"", ""completed"": false, ""passed"": false, ""session_duration_seconds"": 298, ""sample_id"": ""dev_1""}"
20eca0b6-0c09-403f-bf1b-94ce74704258,abe0a742-9916-40d4-b488-e6f7539063a4,2026-01-14 09:30:37.217333,play_attempt,"{""level_attempt_id"": ""e6d74c8b-fa12-4a90-92ec-8a7492da9b33"", ""level"": 12, ""device"": ""phone"", ""completed"": true, ""passed"": true, ""session_duration_seconds"": 409, ""sample_id"": ""dev_1""}"
4d92b797-9555-428c-a6b5-84b0a69e54b1,abe0a742-9916-40d4-b488-e6f7539063a4,2026-01-23 09:37:26.444456,play_attempt,"{""level_attempt_id"": ""5074c360-6d7f-417a-99c0-6329e5c2cdd3"", ""level"": 13, ""device"": ""phone"", ""completed"": true, ""passed"": true, ""session_duration_seconds"": 185, ""sample_id"": ""dev_1""}"
86ca904c-62b8-4124-9497-c8f9476ec00b,abe0a742-9916-40d4-b488-e6f7539063a4,2026-01-23 09:40:31.794516,play_attempt,"{""level_attempt_id"": ""ca0c28e6-91b5-42fd-824e-0aac8f84e1c8"", ""level"": 14, ""device"": ""phone"", ""completed"": true, ""passed"": true, ""session_duration_seconds"": 217, ""sample_id"": ""dev_1""}"
d7c17398-90ec-44d8-8e56-04e726b65942,abe0a742-9916-40d4-b488-e6f7539063a4,2026-01-23 09:44:08.935063,play_attempt,"{""level_attempt_id"": ""b404b43c-b7bc-4e67-92b0-c45f8f644576"", ""level"": 15, ""device"": ""phone"", ""completed"": true, ""passed"": false, ""session_duration_seconds"": 520, ""sample_id"": ""dev_1""}"
1f6734f2-185b-4d69-9712-c23265d8d3a6,abe0a742-9916-40d4-b488-e6f7539063a4,2026-01-23 09:52:49.048992,play_attempt,"{""level_attempt_id"": ""f0195769-cc47-422f-a81b-c901d7135dd9"", ""level"": 15, ""device"": ""phone"", ""completed"": true, ""passed"": true, ""session_duration_seconds"": 408, ""sample_id"": ""dev_1""}"
bc8d3e5e-ffb6-4d6e-a09a-b86c85608726,abe0a742-9916-40d4-b488-e6f7539063a4,2026-01-23 09:59:37.524298,play_attempt,"{""level_attempt_id"": ""34e4cffa-b3f4-4800-8bff-e4a694f7103d"", ""level"": 16, ""device"": ""phone"", ""completed"": true, ""passed"": true, ""session_duration_seconds"": 430, ""sample_id"": ""dev_1""}"
65facfaa-9c1c-44bd-9443-8af46b52a4ee,abe0a742-9916-40d4-b488-e6f7539063a4,2026-01-23 10:06:47.893427,play_attempt,"{""level_attempt_id"": ""6481a328-6405-4c1d-97a1-66a6434f3d21"", ""level"": 17, ""device"": ""phone"", ""completed"": true, ""passed"": true, ""session_duration_seconds"": 324, ""sample_id"": ""dev_1""}"
b8ce5f5a-7317-4926-b9bf-0f2efe5aafdf,abe0a742-9916-40d4-b488-e6f7539063a4,2026-01-24 10:12:12.839402,play_attempt,"{""level_attempt_id"": ""b370d1cf-1f41-4ae2-929c-1729d3994eee"", ""level"": 18, ""device"": ""phone"", ""completed"": true, ""passed"": false, ""session_duration_seconds"": 316, ""sample_id"": ""dev_1""}"
5a9aa52e-f4a1-4082-b9f0-9b25bb6563fd,abe0a742-9916-40d4-b488-e6f7539063a4,2026-01-24 10:17:29.080848,play_attempt,"{""level_attempt_id"": ""abacc881-0c59-43c8-b504-05020982689a"", ""level"": 18, ""device"": ""phone"", ""completed"": true, ""passed"": true, ""session_duration_seconds"": 343, ""sample_id"": ""dev_1""}"
0f346df3-40c3-435a-b126-2e31fd9a7d07,abe0a742-9916-40d4-b488-e6f7539063a4,2026-01-24 10:23:12.92515,play_attempt,"{""level_attempt_id"": ""dab4d24e-107d-4052-9853-0575a3634621"", ""level"": 19, ""device"": ""phone"", ""completed"": true, ""passed"": true, ""session_duration_seconds"": 278, ""sample_id"": ""dev_1""}"
b21bebdc-8281-4e44-b072-9f44eb388324,abe0a742-9916-40d4-b488-e6f7539063a4,2026-01-24 10:27:51.639669,play_attempt,"{""level_attempt_id"": ""6c49b7c5-1a76-4505-a762-28edfcb24510"", ""level"": 20, ""device"": ""phone"", ""completed"": true, ""passed"": true, ""session_duration_seconds"": 224, ""sample_id"": ""dev_1""}"
10dafa2d-1e07-4260-a46c-43071bccb59a,abe0a742-9916-40d4-b488-e6f7539063a4,2026-01-24 10:31:35.895209,play_attempt,"{""level_attempt_id"": ""b6d679d2-8d59-4846-878b-100a81ce2368"", ""level"": 21, ""device"": ""phone"", ""completed"": false, ""passed"": false, ""session_duration_seconds"": 241, ""sample_id"": ""dev_1""}"
52a02547-5e92-4cee-bbe3-ef92659c294a,abe0a742-9916-40d4-b488-e6f7539063a4,2026-01-24 10:35:37.120044,play_attempt,"{""level_attempt_id"": ""d3008352-73e9-4284-8b62-22bb53a27390"", ""level"": 21, ""device"": ""phone"", ""completed"": false, ""passed"": false, ""session_duration_seconds"": 73, ""sample_id"": ""dev_1""}"
1d69fe46-41a1-43ac-bb3c-f4ee3f7788e5,abe0a742-9916-40d4-b488-e6f7539063a4,2026-01-24 10:36:50.700052,play_attempt,"{""level_attempt_id"": ""bf36f04d-b518-4043-840c-66e9c2d2ea53"", ""level"": 21, ""device"": ""tablet"", ""completed"": true, ""passed"": true, ""session_duration_seconds"": 200, ""sample_id"": ""dev_1""}"
557536c2-b915-4a85-9447-19ebc3c88265,abe0a742-9916-40d4-b488-e6f7539063a4,2026-01-24 10:40:10.718843,play_attempt,"{""level_attempt_id"": ""a6efafa9-6038-4418-82b1-701aa8e0d6e5"", ""level"": 22, ""device"": ""tablet"", ""completed"": true, ""passed"": true, ""session_duration_seconds"": 242, ""sample_id"": ""dev_1""}"
aa4be181-6f10-4c90-87e3-bd47f2e7373c,abe0a742-9916-40d4-b488-e6f7539063a4,2026-01-24 10:44:13.244847,play_attempt,"{""level_attempt_id"": ""f4addb52-adcd-48a6-a31a-11b2e2f63a90"", ""level"": 23, ""device"": ""tablet"", ""completed"": true, ""passed"": false, ""session_duration_seconds"": 467, ""sample_id"": ""dev_1""}"
da1ba2bc-7dd7-4849-9c87-16f165e13d37,abe0a742-9916-40d4-b488-e6f7539063a4,2026-01-24 10:52:01.154051,play_attempt,"{""level_attempt_id"": ""cc2dd093-15dc-4e53-9bc3-e9b433df2983"", ""level"": 23, ""device"": ""tablet"", ""completed"": true, ""passed"": true, ""session_duration_seconds"": 567, ""sample_id"": ""dev_1""}"
7c96cb1b-3c0c-4ea0-b704-b61320f441f6,abe0a742-9916-40d4-b488-e6f7539063a4,2026-01-24 11:01:28.744863,play_attempt,"{""level_attempt_id"": ""93691548-788e-4eb6-a5e5-be987fedc884"", ""level"": 24, ""device"": ""tablet"", ""completed"": true, ""passed"": true, ""session_duration_seconds"": 327, ""sample_id"": ""dev_1""}"
81278f22-fbdc-416f-9e58-9633697e9e26,abe0a742-9916-40d4-b488-e6f7539063a4,2026-01-24 11:06:55.931087,play_attempt,"{""level_attempt_id"": ""8d865771-5f10-4ac5-8048-070a4594b555"", ""level"": 25, ""device"": ""tablet"", ""completed"": true, ""passed"": false, ""session_duration_seconds"": 299, ""sample_id"": ""dev_1""}"
79532c56-1188-4bd8-ab07-9cdd66b6e990,abe0a742-9916-40d4-b488-e6f7539063a4,2026-01-24 11:11:55.591379,play_attempt,"{""level_attempt_id"": ""0343b48b-d894-4101-903f-a2a0ed542223"", ""level"": 25, ""device"": ""tablet"", ""completed"": true, ""passed"": true, ""session_duration_seconds"": 268, ""sample_id"": ""dev_1""}"
f48a036e-8b47-4e55-8914-1a992dd0d914,abe0a742-9916-40d4-b488-e6f7539063a4,2026-01-24 11:16:23.665669,play_attempt,"{""level_attempt_id"": ""b59a7d49-8dcf-4649-a6cc-5ac1b0e348e6"", ""level"": 26, ""device"": ""tablet"", ""completed"": true, ""passed"": true, ""session_duration_seconds"": 386, ""sample_id"": ""dev_1""}"
e1094c34-9899-4c73-8fde-9ff07d582fc8,abe0a742-9916-40d4-b488-e6f7539063a4,2026-01-24 11:22:50.282834,play_attempt,"{""level_attempt_id"": ""ce6479cc-144c-462a-a8c3-778a0e74ca49"", ""level"": 27, ""device"": ""tablet"", ""completed"": true, ""passed"": false, ""session_duration_seconds"": 430, ""sample_id"": ""dev_1""}"
3617d161-7583-490d-989e-1b719b7f2eeb,abe0a742-9916-40d4-b488-e6f7539063a4,2026-01-24 11:30:00.530362,play_attempt,"{""level_attempt_id"": ""511dc88b-b9c3-45d7-90af-cf3468f89500"", ""level"": 27, ""device"": ""tablet"", ""completed"": true, ""passed"": true, ""session_duration_seconds"": 172, ""sample_id"": ""dev_1""}"
ced90307-bde3-40af-9bf3-24e2d4d47c2d,abe0a742-9916-40d4-b488-e6f7539063a4,2026-01-24 11:32:53.153431,play_attempt,"{""level_attempt_id"": ""f4b9850e-b512-47d1-99d3-9eaf1976df04"", ""level"": 28, ""device"": ""tablet"", ""completed"": true, ""passed"": true, ""session_duration_seconds"": 377, ""sample_id"": ""dev_1""}"
d2716ee5-c751-44d7-926e-1c6c894860db,abe0a742-9916-40d4-b488-e6f7539063a4,2026-01-25 11:39:10.875363,play_attempt,"{""level_attempt_id"": ""c9e8017d-dd2d-4b65-b122-e2931fa174ca"", ""level"": 29, ""device"": ""desktop"", ""completed"": true, ""passed"": true, ""session_duration_seconds"": 446, ""sample_id"": ""dev_1""}"
d5e699ef-07c6-45f9-8469-655d3fcf28d9,abe0a742-9916-40d4-b488-e6f7539063a4,2026-01-25 11:46:37.267307,play_attempt,"{""level_attempt_id"": ""c2250315-db0e-4361-ac8a-aef19e148a68"", ""level"": 30, ""device"": ""desktop"", ""completed"": true, ""passed"": true, ""session_duration_seconds"": 303, ""sample_id"": ""dev_1""}"
2018fd98-0242-4902-8ace-f4746c124b7a,abe0a742-9916-40d4-b488-e6f7539063a4,2026-01-25 11:51:40.969875,play_attempt,"{""level_attempt_id"": ""c0fa3b70-9bdb-4470-8563-195f493b85f5"", ""level"": 31, ""device"": ""desktop"", ""completed"": true, ""passed"": true, ""session_duration_seconds"": 438, ""sample_id"": ""dev_1""}"
fb730a8a-2355-4e9a-baeb-61ca17535a80,abe0a742-9916-40d4-b488-e6f7539063a4,2026-01-25 11:58:59.797497,play_attempt,"{""level_attempt_id"": ""7e767eeb-3460-499d-a533-c265aff383b7"", ""level"": 32, ""device"": ""desktop"", ""completed"": true, ""passed"": false, ""session_duration_seconds"": 252, ""sample_id"": ""dev_1""}"
ac749b89-3489-4d0a-ba7c-475c228e826f,abe0a742-9916-40d4-b488-e6f7539063a4,2026-01-25 12:03:12.403881,play_attempt,"{""level_attempt_id"": ""ac122288-ed1f-434a-bf97-cd48c53e4d5e"", ""level"": 32, ""device"": ""phone"", ""completed"": true, ""passed"": true, ""session_duration_seconds"": 247, ""sample_id"": ""dev_1""}"
8c55c137-0e14-47d2-ba01-3d779dfb6541,abe0a742-9916-40d4-b488-e6f7539063a4,2026-01-25 12:07:19.507434,play_attempt,"{""level_attempt_id"": ""d095fb4b-03c7-4c05-88bb-d5be6ac25426"", ""level"": 33, ""device"": ""phone"", ""completed"": true, ""passed"": false, ""session_duration_seconds"": 279, ""sample_id"": ""dev_1""}"
2c5bdb37-562b-425d-9308-b78d33d8dfab,abe0a742-9916-40d4-b488-e6f7539063a4,2026-01-25 12:11:59.280195,play_attempt,"{""level_attempt_id"": ""ff59984b-b716-4e5f-8038-390a4f90bce2"", ""level"": 33, ""device"": ""desktop"", ""completed"": true, ""passed"": true, ""session_duration_seconds"": 144, ""sample_id"": ""dev_1""}"
ddfea032-690e-4535-98e4-ecbd4330ba73,abe0a742-9916-40d4-b488-e6f7539063a4,2026-01-25 12:14:24.112454,play_attempt,"{""level_attempt_id"": ""49c5a937-d761-408a-a46d-fdbcfc00bffb"", ""level"": 34, ""device"": ""desktop"", ""completed"": true, ""passed"": true, ""session_duration_seconds"": 192, ""sample_id"": ""dev_1""}"
00919b54-3cb0-40d1-b20d-c5debbcc9a74,abe0a742-9916-40d4-b488-e6f7539063a4,2026-01-25 12:17:36.524721,play_attempt,"{""level_attempt_id"": ""22ca5779-7e7b-4054-b1a8-d20ae187db9f"", ""level"": 35, ""device"": ""desktop"", ""completed"": true, ""passed"": true, ""session_duration_seconds"": 200, ""sample_id"": ""dev_1""}"
45941f43-c73c-4494-9597-b8d904416504,abe0a742-9916-40d4-b488-e6f7539063a4,2026-01-29 12:20:57.507536,play_attempt,"{""level_attempt_id"": ""ed84c9a1-b184-4cae-a77e-f76505a73647"", ""level"": 36, ""device"": ""desktop"", ""completed"": true, ""passed"": true, ""session_duration_seconds"": 227, ""sample_id"": ""dev_1""}"
1efa4000-a7df-49ea-966f-2d66d5effcdd,abe0a742-9916-40d4-b488-e6f7539063a4,2026-01-29 12:24:44.599828,play_attempt,"{""level_attempt_id"": ""30258633-adfd-4f8d-8b37-5b227428dd18"", ""level"": 37, ""device"": ""phone"", ""completed"": true, ""passed"": true, ""session_duration_seconds"": 531, ""sample_id"": ""dev_1""}"
bd45d107-a3b4-4cac-810e-9a86a095b09b,abe0a742-9916-40d4-b488-e6f7539063a4,2026-01-29 12:33:35.621731,play_attempt,"{""level_attempt_id"": ""5e712e61-5788-4136-a84b-c20610de2cd5"", ""level"": 38, ""device"": ""phone"", ""completed"": false, ""passed"": false, ""session_duration_seconds"": 29, ""sample_id"": ""dev_1""}"
b3145b98-cc38-4994-9705-49244c69523e,abe0a742-9916-40d4-b488-e6f7539063a4,2026-01-29 12:34:05.432958,play_attempt,"{""level_attempt_id"": ""c730d908-68c3-4392-8e81-1aa9749139d2"", ""level"": 38, ""device"": ""phone"", ""completed"": true, ""passed"": true, ""session_duration_seconds"": 335, ""sample_id"": ""dev_1""}"
294936f0-1c60-450e-a7d0-5df94f10703f,abe0a742-9916-40d4-b488-e6f7539063a4,2026-01-29 12:39:40.782738,play_attempt,"{""level_attempt_id"": ""e78220bf-aa35-49ad-9207-6e6f7e2f2c64"", ""level"": 39, ""device"": ""phone"", ""completed"": false, ""passed"": false, ""session_duration_seconds"": 558, ""sample_id"": ""dev_1""}"
cb4cfe66-3997-466c-b979-ccee31c8fae4,abe0a742-9916-40d4-b488-e6f7539063a4,2026-01-29 12:48:59.619115,play_attempt,"{""level_attempt_id"": ""ea51395d-3387-4fc6-90ad-21606a77df08"", ""level"": 39, ""device"": ""tablet"", ""completed"": true, ""passed"": true, ""session_duration_seconds"": 271, ""sample_id"": ""dev_1""}"
64cbf5d5-102c-431d-a839-1053431c5395,abe0a742-9916-40d4-b488-e6f7539063a4,2026-01-30 12:53:31.430868,play_attempt,"{""level_attempt_id"": ""3b7cf0ba-8c5f-40b8-bde2-1b76f741dd3d"", ""level"": 40, ""device"": ""tablet"", ""completed"": false, ""passed"": false, ""session_duration_seconds"": 297, ""sample_id"": ""dev_1""}"
8b19f8c2-cfe0-41ad-bb86-25f3d75d200a,abe0a742-9916-40d4-b488-e6f7539063a4,2026-01-30 12:58:28.592296,play_attempt,"{""level_attempt_id"": ""c301dee6-4038-47d3-8758-1ab9d9794361"", ""level"": 40, ""device"": ""tablet"", ""completed"": true, ""passed"": true, ""session_duration_seconds"": 295, ""sample_id"": ""dev_1""}"
488072bd-49cb-418f-ab45-3aae7ce2f565,abe0a742-9916-40d4-b488-e6f7539063a4,2026-01-30 13:03:24.139672,play_attempt,"{""level_attempt_id"": ""d345a3c5-92ee-451f-a23d-811973371e48"", ""level"": 41, ""device"": ""tablet"", ""completed"": true, ""passed"": false, ""session_duration_seconds"": 198, ""sample_id"": ""dev_1""}"
c7464591-18ee-4cc8-80d5-c5bed1d8eb8a,abe0a742-9916-40d4-b488-e6f7539063a4,2026-01-30 13:06:42.218276,play_attempt,"{""level_attempt_id"": ""81122d5d-ae78-4904-b294-8b37d96fc59d"", ""level"": 41, ""device"": ""tablet"", ""completed"": true, ""passed"": false, ""session_duration_seconds"": 402, ""sample_id"": ""dev_1""}"
1a419175-5957-4238-be06-9c983268dd87,abe0a742-9916-40d4-b488-e6f7539063a4,2026-01-30 13:13:25.118174,play_attempt,"{""level_attempt_id"": ""b13d2cbf-4d12-4b3f-8fba-6bffd2bd1261"", ""level"": 41, ""device"": ""tablet"", ""completed"": true, ""passed"": true, ""session_duration_seconds"": 218, ""sample_id"": ""dev_1""}"
d3c83a83-a5d7-4768-a6c9-b608b3e7d0e3,abe0a742-9916-40d4-b488-e6f7539063a4,2026-01-30 13:17:03.348494,play_attempt,"{""level_attempt_id"": ""c390a0f4-9097-4959-94d5-32cfb4745289"", ""level"": 42, ""device"": ""tablet"", ""completed"": true, ""passed"": true, ""session_duration_seconds"": 255, ""sample_id"": ""dev_1""}"
ba7189c3-7419-4afb-b586-1b81f6a89fa0,abe0a742-9916-40d4-b488-e6f7539063a4,2026-01-30 13:21:18.882308,play_attempt,"{""level_attempt_id"": ""017ef7c4-f4fb-4f52-91de-ceca7551b49c"", ""level"": 43, ""device"": ""tablet"", ""completed"": false, ""passed"": false, ""session_duration_seconds"": 563, ""sample_id"": ""dev_1""}"
41790680-b4a8-4573-b223-d388b7ffcb66,abe0a742-9916-40d4-b488-e6f7539063a4,2026-01-30 13:30:42.867175,play_attempt,"{""level_attempt_id"": ""7f7db9e5-5460-4c49-b97a-6bf3f17b4ea0"", ""level"": 43, ""device"": ""tablet"", ""completed"": true, ""passed"": false, ""session_duration_seconds"": 277, ""sample_id"": ""dev_1""}"
a5232de0-4be4-4250-a752-f8af577c8676,abe0a742-9916-40d4-b488-e6f7539063a4,2026-01-30 13:35:19.91163,play_attempt,"{""level_attempt_id"": ""c36763aa-bd6b-4c3c-84a0-838f70864ae5"", ""level"": 43, ""device"": ""tablet"", ""completed"": true, ""passed"": false, ""session_duration_seconds"": 511, ""sample_id"": ""dev_1""}"
486f9d20-5790-4ac3-b74a-20ec3bcdd4ad,abe0a742-9916-40d4-b488-e6f7539063a4,2026-01-30 13:43:51.417296,play_attempt,"{""level_attempt_id"": ""87706ead-778a-421c-b9c3-d7dee22303af"", ""level"": 43, ""device"": ""tablet"", ""completed"": true, ""passed"": false, ""session_duration_seconds"": 344, ""sample_id"": ""dev_1""}"
50caa2c5-4f21-4de2-a3dd-11a3ec3d0a5d,abe0a742-9916-40d4-b488-e6f7539063a4,2026-01-30 13:49:35.96692,play_attempt,"{""level_attempt_id"": ""6932d5f2-a728-48c2-9d1b-2d9edb4e212c"", ""level"": 43, ""device"": ""tablet"", ""completed"": true, ""passed"": true, ""session_duration_seconds"": 459, ""sample_id"": ""dev_1""}"
cee8d4c7-f81e-47bf-99fd-8e969074da0b,abe0a742-9916-40d4-b488-e6f7539063a4,2026-01-30 13:57:14.979523,play_attempt,"{""level_attempt_id"": ""3463f913-0990-456a-8382-6813d2ff72c3"", ""level"": 44, ""device"": ""tablet"", ""completed"": true, ""passed"": true, ""session_duration_seconds"": 234, ""sample_id"": ""dev_1""}"
a4ab3030-3d22-4929-8387-8dcdc56766c5,abe0a742-9916-40d4-b488-e6f7539063a4,2026-01-30 14:01:09.582882,play_attempt,"{""level_attempt_id"": ""6bdcd33c-f435-4ae0-b2fc-25bc6d5ba107"", ""level"": 45, ""device"": ""desktop"", ""completed"": true, ""passed"": true, ""session_duration_seconds"": 292, ""sample_id"": ""dev_1""}"
de722b8c-b605-43a0-bbff-9147a5da9422,abe0a742-9916-40d4-b488-e6f7539063a4,2026-01-30 14:06:02.145015,play_attempt,"{""level_attempt_id"": ""7491a26c-4d04-4c96-bcf0-fd12e1938327"", ""level"": 46, ""device"": ""desktop"", ""completed"": true, ""passed"": true, ""session_duration_seconds"": 162, ""sample_id"": ""dev_1""}"
19a4cd1e-b025-4bbe-831c-8b9c11f3bc06,abe0a742-9916-40d4-b488-e6f7539063a4,2026-01-30 14:08:45.007842,play_attempt,"{""level_attempt_id"": ""3f24938d-f483-4dff-9e22-36f18de55615"", ""level"": 47, ""device"": ""desktop"", ""completed"": true, ""passed"": true, ""session_duration_seconds"": 441, ""sample_id"": ""dev_1""}"
9c92037a-7ffe-4b00-b50b-1aaad3a809ca,abe0a742-9916-40d4-b488-e6f7539063a4,2026-01-30 14:16:06.6826,play_attempt,"{""level_attempt_id"": ""aa2acec6-ad78-4c0a-8f50-896d9526abb0"", ""level"": 48, ""device"": ""desktop"", ""completed"": true, ""passed"": true, ""session_duration_seconds"": 386, ""sample_id"": ""dev_1""}"
68564480-9779-4ea4-a6b8-866dc4e3197d,abe0a742-9916-40d4-b488-e6f7539063a4,2026-01-30 14:22:33.523207,play_attempt,"{""level_attempt_id"": ""fe292ba6-c358-4fdc-b4f8-19439893b516"", ""level"": 49, ""device"": ""desktop"", ""completed"": true, ""passed"": false, ""session_duration_seconds"": 366, ""sample_id"": ""dev_1""}"
8e4e19be-a212-4264-8c4c-6e994d4a22c7,abe0a742-9916-40d4-b488-e6f7539063a4,2026-01-30 14:28:40.522132,play_attempt,"{""level_attempt_id"": ""602106a0-7720-40ca-bc74-87faad8fbba0"", ""level"": 49, ""device"": ""desktop"", ""completed"": false, ""passed"": false, ""session_duration_seconds"": 373, ""sample_id"": ""dev_1""}"
a9e5e3f9-5b7b-468d-a357-4b59ca4be653,abe0a742-9916-40d4-b488-e6f7539063a4,2026-01-30 14:34:53.647019,play_attempt,"{""level_attempt_id"": ""50e42b36-e846-4657-a1b7-9d4a4c66080d"", ""level"": 49, ""device"": ""desktop"", ""completed"": true, ""passed"": false, ""session_duration_seconds"": 340, ""sample_id"": ""dev_1""}"
a1ff8bed-2335-4838-95e6-822237d4da7f,abe0a742-9916-40d4-b488-e6f7539063a4,2026-01-30 14:40:33.911092,play_attempt,"{""level_attempt_id"": ""843f3b4c-7ed5-4110-8c30-adf1f15e5c99"", ""level"": 49, ""device"": ""desktop"", ""completed"": true, ""passed"": true, ""session_duration_seconds"": 268, ""sample_id"": ""dev_1""}"
e5aff044-40ed-4537-ae7a-b6bd64c9917c,abe0a742-9916-40d4-b488-e6f7539063a4,2026-01-30 14:45:02.144562,play_attempt,"{""level_attempt_id"": ""911ec86a-4b66-4e59-a292-0256f03174f8"", ""level"": 50, ""device"": ""desktop"", ""completed"": true, ""passed"": true, ""session_duration_seconds"": 246, ""sample_id"": ""dev_1""}"
83012e97-bfda-4ece-83a6-4a08e5aaf1c2,abe0a742-9916-40d4-b488-e6f7539063a4,2026-01-30 14:49:08.594993,play_attempt,"{""level_attempt_id"": ""f40dae5f-84d2-4536-92f0-b0e8d017af79"", ""level"": 51, ""device"": ""desktop"", ""completed"": true, ""passed"": true, ""session_duration_seconds"": 282, ""sample_id"": ""dev_1""}"
3e47386f-6303-4287-9749-b74068576984,abe0a742-9916-40d4-b488-e6f7539063a4,2026-01-30 14:53:51.455965,play_attempt,"{""level_attempt_id"": ""d715a237-9b77-4186-834d-0a5aaf97d95c"", ""level"": 52, ""device"": ""desktop"", ""completed"": true, ""passed"": true, ""session_duration_seconds"": 270, ""sample_id"": ""dev_1""}"
4c2d2f56-eba0-41c3-85f7-0ee22ac335e5,abe0a742-9916-40d4-b488-e6f7539063a4,2026-01-30 14:58:21.851742,play_attempt,"{""level_attempt_id"": ""fe9a7039-39b3-4402-bb36-7e7efb068203"", ""level"": 53, ""device"": ""desktop"", ""completed"": true, ""passed"": true, ""session_duration_seconds"": 391, ""sample_id"": ""dev_1""}"
61041ff4-1dc9-4e00-908a-7ad02a4d8570,abe0a742-9916-40d4-b488-e6f7539063a4,2026-01-30 15:04:53.297714,play_attempt,"{""level_attempt_id"": ""e533833a-b856-441d-ae4b-187470a8e289"", ""level"": 54, ""device"": ""phone"", ""completed"": false, ""passed"": false, ""session_duration_seconds"": 436, ""sample_id"": ""dev_1""}"
24b4064d-e72e-4b68-895d-2e289bfee8b7,abe0a742-9916-40d4-b488-e6f7539063a4,2026-01-30 15:12:09.994674,play_attempt,"{""level_attempt_id"": ""8188763a-86d6-4940-a194-ac9977dab1df"", ""level"": 54, ""device"": ""tablet"", ""completed"": true, ""passed"": false, ""session_duration_seconds"": 240, ""sample_id"": ""dev_1""}"
b28cdfc0-5b99-49ef-b644-67ad0e955a4e,abe0a742-9916-40d4-b488-e6f7539063a4,2026-01-30 15:16:10.141524,play_attempt,"{""level_attempt_id"": ""977bdd0d-02e5-4188-856e-e6a89ce9e228"", ""level"": 54, ""device"": ""tablet"", ""completed"": true, ""passed"": false, ""session_duration_seconds"": 259, ""sample_id"": ""dev_1""}"
69efb10d-b1c9-47b3-805e-0194deef397f,abe0a742-9916-40d4-b488-e6f7539063a4,2026-01-30 15:20:29.483133,play_attempt,"{""level_attempt_id"": ""a83638bf-ae53-4833-ad99-8144ed7b8180"", ""level"": 54, ""device"": ""phone"", ""completed"": true, ""passed"": false, ""session_duration_seconds"": 180, ""sample_id"": ""dev_1""}"
f39b786c-16ef-4a5a-8512-5b9c2b0488fb,abe0a742-9916-40d4-b488-e6f7539063a4,2026-01-30 15:23:30.031806,play_attempt,"{""level_attempt_id"": ""af262635-f492-41f7-9339-20bab514204b"", ""level"": 54, ""device"": ""tablet"", ""completed"": false, ""passed"": false, ""session_duration_seconds"": 20, ""sample_id"": ""dev_1""}"
d1b46fd6-620f-40c0-8483-31a1a6742807,abe0a742-9916-40d4-b488-e6f7539063a4,2026-01-30 15:23:50.599391,play_attempt,"{""level_attempt_id"": ""e33d4555-8364-4d12-b549-fd0471ca7f7a"", ""level"": 54, ""device"": ""tablet"", ""completed"": true, ""passed"": true, ""session_duration_seconds"": 237, ""sample_id"": ""dev_1""}"
05ab8efe-805b-475a-8429-a157cdad2f4d,abe0a742-9916-40d4-b488-e6f7539063a4,2026-01-30 15:27:48.107446,play_attempt,"{""level_attempt_id"": ""9982dde7-8920-4345-a376-32705b5b9d20"", ""level"": 55, ""device"": ""desktop"", ""completed"": true, ""passed"": false, ""session_duration_seconds"": 454, ""sample_id"": ""dev_1""}"
d9dd5108-fc78-4895-aed8-5ff780aa4c9b,abe0a742-9916-40d4-b488-e6f7539063a4,2026-01-30 15:35:22.905303,play_attempt,"{""level_attempt_id"": ""790059d1-3c46-42bc-80b6-cb1b50d7211b"", ""level"": 55, ""device"": ""desktop"", ""completed"": true, ""passed"": false, ""session_duration_seconds"": 342, ""sample_id"": ""dev_1""}"
1ea721c1-1cc8-4323-a985-58da8f3d7624,abe0a742-9916-40d4-b488-e6f7539063a4,2026-01-30 15:41:04.946568,play_attempt,"{""level_attempt_id"": ""ac5736eb-a5a3-45ab-94f8-a098d0e04ffe"", ""level"": 55, ""device"": ""desktop"", ""completed"": true, ""passed"": false, ""session_duration_seconds"": 408, ""sample_id"": ""dev_1""}"
287cd2b1-9b50-499a-b4d8-caf0a78d59fa,abe0a742-9916-40d4-b488-e6f7539063a4,2026-01-30 15:47:53.053064,play_attempt,"{""level_attempt_id"": ""d0c7b4fc-56d7-49c2-b966-023a924986f6"", ""level"": 55, ""device"": ""desktop"", ""completed"": true, ""passed"": true, ""session_duration_seconds"": 507, ""sample_id"": ""dev_1""}"
c1fdd026-7fbd-4f60-baf5-937eb89a0c82,abe0a742-9916-40d4-b488-e6f7539063a4,2026-01-30 15:56:21.002026,play_attempt,"{""level_attempt_id"": ""aaadd265-85f8-49b3-bb24-c7421a5e1f93"", ""level"": 56, ""device"": ""tablet"", ""completed"": true, ""passed"": true, ""session_duration_seconds"": 216, ""sample_id"": ""dev_1""}"
ad0a8c9c-90e9-4276-96ff-d04216348d88,abe0a742-9916-40d4-b488-e6f7539063a4,2026-01-30 15:59:57.825159,play_attempt,"{""level_attempt_id"": ""df18346f-e2f4-490e-818d-17db2684ec30"", ""level"": 57, ""device"": ""tablet"", ""completed"": true, ""passed"": true, ""session_duration_seconds"": 398, ""sample_id"": ""dev_1""}"
cb7e1817-5ebe-4c8d-8e4b-9c5b79416bf5,abe0a742-9916-40d4-b488-e6f7539063a4,2026-01-31 16:06:36.55638,play_attempt,"{""level_attempt_id"": ""1360bead-2db2-4465-8eb0-e0db4676479b"", ""level"": 58, ""device"": ""tablet"", ""completed"": false, ""passed"": false, ""session_duration_seconds"": 208, ""sample_id"": ""dev_1""}"
a631a0b5-ff66-4665-a327-2d8f572f3084,abe0a742-9916-40d4-b488-e6f7539063a4,2026-01-31 16:10:05.161485,play_attempt,"{""level_attempt_id"": ""abc0495c-e21a-453e-9940-9f2369cc015e"", ""level"": 58, ""device"": ""desktop"", ""completed"": true, ""passed"": true, ""session_duration_seconds"": 244, ""sample_id"": ""dev_1""}"
d061b017-3c72-48e3-8692-590bdc719647,abe0a742-9916-40d4-b488-e6f7539063a4,2026-01-31 16:14:10.048247,play_attempt,"{""level_attempt_id"": ""173da4b9-6462-4232-a75e-f13f135239da"", ""level"": 59, ""device"": ""desktop"", ""completed"": true, ""passed"": true, ""session_duration_seconds"": 502, ""sample_id"": ""dev_1""}"
c2a4b699-6bb7-4eb5-8b96-023ee2866f3b,abe0a742-9916-40d4-b488-e6f7539063a4,2026-02-01 16:22:32.338731,play_attempt,"{""level_attempt_id"": ""640d7e0c-ca37-4964-8b63-7332fa90e247"", ""level"": 60, ""device"": ""desktop"", ""completed"": true, ""passed"": true, ""session_duration_seconds"": 221, ""sample_id"": ""dev_1""}"
940e150e-06a1-43b1-9e1f-2a7436bf1a01,abe0a742-9916-40d4-b488-e6f7539063a4,2026-02-02 16:26:14.203928,play_attempt,"{""level_attempt_id"": ""2ba2cc0a-fb67-4642-a547-624320a5ecfb"", ""level"": 61, ""device"": ""desktop"", ""completed"": true, ""passed"": true, ""session_duration_seconds"": 189, ""sample_id"": ""dev_1""}"
0c460f7a-e5a4-48e8-88ab-2487b7a074e8,abe0a742-9916-40d4-b488-e6f7539063a4,2026-02-02 16:29:23.47293,play_attempt,"{""level_attempt_id"": ""1e804d2e-fcb7-4698-8721-cf31fa65091a"", ""level"": 62, ""device"": ""desktop"", ""completed"": true, ""passed"": true, ""session_duration_seconds"": 262, ""sample_id"": ""dev_1""}"
85a3d2eb-6f20-4d78-b768-fb9d0f1771d4,abe0a742-9916-40d4-b488-e6f7539063a4,2026-02-02 16:33:45.587211,play_attempt,"{""level_attempt_id"": ""dd297c1a-a043-4326-baec-de67ca8fc6c1"", ""level"": 63, ""device"": ""desktop"", ""completed"": true, ""passed"": true, ""session_duration_seconds"": 298, ""sample_id"": ""dev_1""}"
686183c0-c03e-45c1-8da6-485551edf493,abe0a742-9916-40d4-b488-e6f7539063a4,2026-02-02 16:38:43.615045,play_attempt,"{""level_attempt_id"": ""2c7dae42-471e-47db-979a-7386eb99c0ab"", ""level"": 64, ""device"": ""desktop"", ""completed"": false, ""passed"": false, ""session_duration_seconds"": 307, ""sample_id"": ""dev_1""}"
c57cd046-2d99-4294-b5dc-6b0322fadd3d,abe0a742-9916-40d4-b488-e6f7539063a4,2026-02-02 16:43:50.722561,play_attempt,"{""level_attempt_id"": ""7f3fafe7-842d-4546-a41b-078399e26cee"", ""level"": 64, ""device"": ""desktop"", ""completed"": true, ""passed"": true, ""session_duration_seconds"": 283, ""sample_id"": ""dev_1""}"
6d2c59a1-1d74-4cc0-b4f1-e7b0f325ac7a,abe0a742-9916-40d4-b488-e6f7539063a4,2026-02-02 16:48:34.569178,play_attempt,"{""level_attempt_id"": ""b70d0e7b-1b31-44e8-9eea-39b972f95b6c"", ""level"": 65, ""device"": ""desktop"", ""completed"": true, ""passed"": false, ""session_duration_seconds"": 276, ""sample_id"": ""dev_1""}"
980714c1-aa32-4792-8a41-df9df7105b18,abe0a742-9916-40d4-b488-e6f7539063a4,2026-02-02 16:53:10.760562,play_attempt,"{""level_attempt_id"": ""5194a3a3-2f14-48c8-aeb9-49912e08117f"", ""level"": 65, ""device"": ""desktop"", ""completed"": true, ""passed"": false, ""session_duration_seconds"": 431, ""sample_id"": ""dev_1""}"
fd97bdb2-d2e4-4a4b-bd50-69b90bf8cd64,abe0a742-9916-40d4-b488-e6f7539063a4,2026-02-02 17:00:22.054558,play_attempt,"{""level_attempt_id"": ""ac832247-d94f-4b40-9878-f2e83f8e74f6"", ""level"": 65, ""device"": ""desktop"", ""completed"": false, ""passed"": false, ""session_duration_seconds"": 241, ""sample_id"": ""dev_1""}"
7695faaa-cbc1-4ad4-b65b-1c76d5c828fc,abe0a742-9916-40d4-b488-e6f7539063a4,2026-02-02 17:04:23.184795,play_attempt,"{""level_attempt_id"": ""08d01522-ed21-43f3-a5db-2f62575ab33b"", ""level"": 65, ""device"": ""phone"", ""completed"": true, ""passed"": false, ""session_duration_seconds"": 274, ""sample_id"": ""dev_1""}"
071246b2-a09e-4d0d-a9f9-34b0dc8de99a,abe0a742-9916-40d4-b488-e6f7539063a4,2026-02-02 17:08:57.8388,play_attempt,"{""level_attempt_id"": ""efca7991-ce92-49f2-af04-a18b8c6c273a"", ""level"": 65, ""device"": ""phone"", ""completed"": false, ""passed"": false, ""session_duration_seconds"": 454, ""sample_id"": ""dev_1""}"
c4d23175-a56c-499a-8d4d-5d437b00ec57,abe0a742-9916-40d4-b488-e6f7539063a4,2026-02-02 17:16:32.093888,play_attempt,"{""level_attempt_id"": ""368c53b7-7d98-4d69-b2f5-4b939a8d446f"", ""level"": 65, ""device"": ""phone"", ""completed"": true, ""passed"": true, ""session_duration_seconds"": 320, ""sample_id"": ""dev_1""}"
216989f7-9d61-4660-ba1c-3d638d42fda0,abe0a742-9916-40d4-b488-e6f7539063a4,2026-02-02 17:21:52.224229,play_attempt,"{""level_attempt_id"": ""9ca6dee9-04cb-4223-b19a-8d5417b7915a"", ""level"": 66, ""device"": ""phone"", ""completed"": true, ""passed"": true, ""session_duration_seconds"": 300, ""sample_id"": ""dev_1""}"
1aaa1133-62c2-4882-9727-524ebc30fb67,abe0a742-9916-40d4-b488-e6f7539063a4,2026-02-02 17:26:52.971819,play_attempt,"{""level_attempt_id"": ""d0a6cda4-7f41-4fd0-b808-5d27bf7b2ce4"", ""level"": 67, ""device"": ""phone"", ""completed"": true, ""passed"": false, ""session_duration_seconds"": 406, ""sample_id"": ""dev_1""}"
248dbbf3-7363-4bfe-bb6a-c4db0463013c,abe0a742-9916-40d4-b488-e6f7539063a4,2026-02-02 17:33:39.825493,play_attempt,"{""level_attempt_id"": ""f3965b08-63ae-4919-a59d-9e16b1c31dcb"", ""level"": 67, ""device"": ""tablet"", ""completed"": true, ""passed"": true, ""session_duration_seconds"": 248, ""sample_id"": ""dev_1""}"
bf9808ab-61c0-46f6-bd22-2986026406bd,abe0a742-9916-40d4-b488-e6f7539063a4,2026-02-02 17:37:47.920618,play_attempt,"{""level_attempt_id"": ""e474e798-70ca-4500-b44b-190fb59b846a"", ""level"": 68, ""device"": ""phone"", ""completed"": false, ""passed"": false, ""session_duration_seconds"": 474, ""sample_id"": ""dev_1""}"
d558366b-cd69-4371-8da0-66924539e724,abe0a742-9916-40d4-b488-e6f7539063a4,2026-02-02 17:45:42.882695,play_attempt,"{""level_attempt_id"": ""20a098cc-1c30-4767-9180-aab2586963d2"", ""level"": 68, ""device"": ""desktop"", ""completed"": true, ""passed"": true, ""session_duration_seconds"": 173, ""sample_id"": ""dev_1""}"
50b5a12c-9f93-4252-b00d-506308c6cde4,abe0a742-9916-40d4-b488-e6f7539063a4,2026-02-02 17:48:36.498995,play_attempt,"{""level_attempt_id"": ""98a5afaa-1cc9-4970-8867-33b57a0994ce"", ""level"": 69, ""device"": ""desktop"", ""completed"": true, ""passed"": false, ""session_duration_seconds"": 339, ""sample_id"": ""dev_1""}"
7aee70f0-168c-4054-b7da-3dbd1141f4bf,abe0a742-9916-40d4-b488-e6f7539063a4,2026-02-02 17:54:15.790858,play_attempt,"{""level_attempt_id"": ""fcf42339-9104-4dd3-9d15-db6c7ca342dd"", ""level"": 69, ""device"": ""desktop"", ""completed"": true, ""passed"": true, ""session_duration_seconds"": 467, ""sample_id"": ""dev_1""}"
0907007c-326a-4d53-a622-f54fffbed5ed,abe0a742-9916-40d4-b488-e6f7539063a4,2026-02-03 18:02:03.592942,play_attempt,"{""level_attempt_id"": ""a8d23e42-3fd9-4e11-b5b4-e74dec3619b3"", ""level"": 70, ""device"": ""desktop"", ""completed"": true, ""passed"": false, ""session_duration_seconds"": 185, ""sample_id"": ""dev_1""}"
9de2d2bd-79ae-4985-9a4c-0b8c2c51028b,abe0a742-9916-40d4-b488-e6f7539063a4,2026-02-03 18:05:09.046907,play_attempt,"{""level_attempt_id"": ""8709242e-9c29-42a7-b2c2-08e227850292"", ""level"": 70, ""device"": ""desktop"", ""completed"": true, ""passed"": false, ""session_duration_seconds"": 317, ""sample_id"": ""dev_1""}"
0051e670-d58d-47da-859a-d81636bf5735,abe0a742-9916-40d4-b488-e6f7539063a4,2026-02-03 18:10:26.774972,play_attempt,"{""level_attempt_id"": ""4540cb9c-45b5-4052-ba1d-5d0bc6a76342"", ""level"": 70, ""device"": ""desktop"", ""completed"": true, ""passed"": true, ""session_duration_seconds"": 224, ""sample_id"": ""dev_1""}"
ee665ab6-3b4b-487e-8236-2b6e462024b6,abe0a742-9916-40d4-b488-e6f7539063a4,2026-02-04 18:14:11.429333,play_attempt,"{""level_attempt_id"": ""79554928-e603-4915-8db5-b171196a1d2a"", ""level"": 71, ""device"": ""desktop"", ""completed"": true, ""passed"": true, ""session_duration_seconds"": 579, ""sample_id"": ""dev_1""}"
f117dade-b010-47cc-a2a6-46b8936282be,abe0a742-9916-40d4-b488-e6f7539063a4,2026-02-04 18:23:51.035545,play_attempt,"{""level_attempt_id"": ""6debfdfc-f640-46de-b537-8ec410ae7925"", ""level"": 72, ""device"": ""desktop"", ""completed"": true, ""passed"": true, ""session_duration_seconds"": 273, ""sample_id"": ""dev_1""}"
31794181-bbff-4694-9944-be2d03b8210d,abe0a742-9916-40d4-b488-e6f7539063a4,2026-02-04 18:28:24.1607,play_attempt,"{""level_attempt_id"": ""f90e7a30-4be4-41c4-8aa8-3bec62d5a557"", ""level"": 73, ""device"": ""desktop"", ""completed"": true, ""passed"": true, ""session_duration_seconds"": 216, ""sample_id"": ""dev_1""}"
f3b0f170-2b6f-462b-894b-d4fd71e2f828,abe0a742-9916-40d4-b488-e6f7539063a4,2026-02-05 18:32:00.618522,play_attempt,"{""level_attempt_id"": ""c9b2501b-5032-42b9-85fb-83acb005ee12"", ""level"": 74, ""device"": ""desktop"", ""completed"": true, ""passed"": true, ""session_duration_seconds"": 264, ""sample_id"": ""dev_1""}"
7144b0c8-3e13-4dae-830c-bbe344bdee98,abe0a742-9916-40d4-b488-e6f7539063a4,2026-02-08 18:36:25.172552,play_attempt,"{""level_attempt_id"": ""943a7d87-ec46-42a7-9569-b92f10f4c918"", ""level"": 75, ""device"": ""desktop"", ""completed"": true, ""passed"": true, ""session_duration_seconds"": 352, ""sample_id"": ""dev_1""}"
fdc5a664-1c64-4e9c-b8b0-629526822353,abe0a742-9916-40d4-b488-e6f7539063a4,2026-02-08 18:42:17.27059,play_attempt,"{""level_attempt_id"": ""4d9610ec-6dd3-49c0-8290-b9d980a56838"", ""level"": 76, ""device"": ""desktop"", ""completed"": true, ""passed"": true, ""session_duration_seconds"": 456, ""sample_id"": ""dev_1""}"
d109d298-c912-45a8-b8fe-5613d45c3e27,abe0a742-9916-40d4-b488-e6f7539063a4,2026-02-09 18:49:53.28829,play_attempt,"{""level_attempt_id"": ""2142d483-a28c-4582-a47f-6bed8734a948"", ""level"": 77, ""device"": ""desktop"", ""completed"": true, ""passed"": true, ""session_duration_seconds"": 506, ""sample_id"": ""dev_1""}"
be6996a5-1de6-4eb7-afd0-da1bf4b97565,abe0a742-9916-40d4-b488-e6f7539063a4,2026-02-09 18:58:19.775835,play_attempt,"{""level_attempt_id"": ""a2e9e7bc-26c3-4a04-9d10-18f558a38fd3"", ""level"": 78, ""device"": ""desktop"", ""completed"": true, ""passed"": false, ""session_duration_seconds"": 167, ""sample_id"": ""dev_1""}"
fbb4d679-a46c-4529-be33-3521e9fa2db1,abe0a742-9916-40d4-b488-e6f7539063a4,2026-02-09 19:01:07.638137,play_attempt,"{""level_attempt_id"": ""4575bf81-0f77-4ca9-bb82-339bd3469d25"", ""level"": 78, ""device"": ""desktop"", ""completed"": true, ""passed"": true, ""session_duration_seconds"": 255, ""sample_id"": ""dev_1""}"
29113c45-96e9-4771-900e-3ee3b28c72db,abe0a742-9916-40d4-b488-e6f7539063a4,2026-02-09 19:05:23.185246,play_attempt,"{""level_attempt_id"": ""90645612-3a26-48b5-8167-26a8cd483ca3"", ""level"": 79, ""device"": ""desktop"", ""completed"": true, ""passed"": true, ""session_duration_seconds"": 332, ""sample_id"": ""dev_1""}"
25623e50-fa4c-4fcf-aba2-ac33aea3ae34,abe0a742-9916-40d4-b488-e6f7539063a4,2026-02-09 19:10:55.925121,play_attempt,"{""level_attempt_id"": ""00544229-58a7-48ea-b437-aba9d01d2143"", ""level"": 80, ""device"": ""desktop"", ""completed"": true, ""passed"": true, ""session_duration_seconds"": 456, ""sample_id"": ""dev_1""}"
d282bef7-93a5-4f0f-8e33-e860cc37b9f8,abe0a742-9916-40d4-b488-e6f7539063a4,2026-02-09 19:18:32.813474,play_attempt,"{""level_attempt_id"": ""3d6d4029-f457-4eab-829b-beec01bc6fd5"", ""level"": 81, ""device"": ""desktop"", ""completed"": true, ""passed"": false, ""session_duration_seconds"": 241, ""sample_id"": ""dev_1""}"
30322532-b40a-4253-b356-b134a795982a,abe0a742-9916-40d4-b488-e6f7539063a4,2026-02-09 19:22:34.469572,play_attempt,"{""level_attempt_id"": ""925a89d2-b197-45d0-864a-8082cafcc5db"", ""level"": 81, ""device"": ""desktop"", ""completed"": true, ""passed"": true, ""session_duration_seconds"": 454, ""sample_id"": ""dev_1""}"
dea724c0-bc8f-4272-a3fc-f4b97001be95,abe0a742-9916-40d4-b488-e6f7539063a4,2026-02-09 19:30:08.880576,play_attempt,"{""level_attempt_id"": ""d27c6ba4-4322-432b-af2c-e7badf5f1d52"", ""level"": 82, ""device"": ""desktop"", ""completed"": true, ""passed"": true, ""session_duration_seconds"": 360, ""sample_id"": ""dev_1""}"
86f13352-7e28-4dba-9a8b-a600d7a43b33,abe0a742-9916-40d4-b488-e6f7539063a4,2026-02-09 19:36:09.665196,play_attempt,"{""level_attempt_id"": ""752f3e89-93d0-49e8-aa72-aef26cee1b77"", ""level"": 83, ""device"": ""desktop"", ""completed"": true, ""passed"": true, ""session_duration_seconds"": 503, ""sample_id"": ""dev_1""}"
478dbc5f-fbc9-4511-96a1-399be9a2653b,abe0a742-9916-40d4-b488-e6f7539063a4,2026-02-09 19:44:33.409317,play_attempt,"{""level_attempt_id"": ""d5c664ac-396f-45db-a76c-74b7daef617f"", ""level"": 84, ""device"": ""desktop"", ""completed"": true, ""passed"": false, ""session_duration_seconds"": 350, ""sample_id"": ""dev_1""}"
2776e7c1-005e-43b3-b775-ed0c4cd5e442,abe0a742-9916-40d4-b488-e6f7539063a4,2026-02-09 19:50:23.531243,play_attempt,"{""level_attempt_id"": ""39d2cabe-b284-4ff0-a05d-ff5b9c887915"", ""level"": 84, ""device"": ""tablet"", ""completed"": true, ""passed"": true, ""session_duration_seconds"": 314, ""sample_id"": ""dev_1""}"
25b0d7d4-6a05-4d04-861f-53c420b48017,abe0a742-9916-40d4-b488-e6f7539063a4,2026-02-12 19:55:37.589209,play_attempt,"{""level_attempt_id"": ""9249d241-2071-4375-be11-2722c22036ab"", ""level"": 85, ""device"": ""tablet"", ""completed"": true, ""passed"": true, ""session_duration_seconds"": 403, ""sample_id"": ""dev_1""}"
d4de89af-b921-415f-825e-5665cd290e36,abe0a742-9916-40d4-b488-e6f7539063a4,2026-02-12 20:02:21.207063,play_attempt,"{""level_attempt_id"": ""bf47db76-b341-412c-b656-e194ba3e48df"", ""level"": 86, ""device"": ""tablet"", ""completed"": true, ""passed"": false, ""session_duration_seconds"": 506, ""sample_id"": ""dev_1""}"
8ea24e92-68ab-417c-8bf2-4fb88e6667de,abe0a742-9916-40d4-b488-e6f7539063a4,2026-02-12 20:10:47.292404,play_attempt,"{""level_attempt_id"": ""a59c228c-0a4d-4a3c-b95c-750cb1ab3a84"", ""level"": 86, ""device"": ""tablet"", ""completed"": true, ""passed"": false, ""session_duration_seconds"": 390, ""sample_id"": ""dev_1""}"
a3df6eac-7144-4e73-97b1-916f533a4136,abe0a742-9916-40d4-b488-e6f7539063a4,2026-02-12 20:17:17.723491,play_attempt,"{""level_attempt_id"": ""14b165da-54ca-4fda-a799-452117f6f560"", ""level"": 86, ""device"": ""desktop"", ""completed"": true, ""passed"": true, ""session_duration_seconds"": 266, ""sample_id"": ""dev_1""}"
80c52ab9-a741-4329-a3d9-01c44e7e682e,abe0a742-9916-40d4-b488-e6f7539063a4,2026-02-12 20:21:44.370414,play_attempt,"{""level_attempt_id"": ""f4578333-ed4a-4751-a1fd-06551d6255b7"", ""level"": 87, ""device"": ""desktop"", ""completed"": false, ""passed"": false, ""session_duration_seconds"": 444, ""sample_id"": ""dev_1""}"
a8e7e01e-3101-4cc5-a67c-47d6314ad952,abe0a742-9916-40d4-b488-e6f7539063a4,2026-02-12 20:29:09.359227,play_attempt,"{""level_attempt_id"": ""7528275a-d869-40e1-bfab-690642a68916"", ""level"": 87, ""device"": ""phone"", ""completed"": true, ""passed"": true, ""session_duration_seconds"": 402, ""sample_id"": ""dev_1""}"
e6903ac7-a895-49de-8655-1c90abecdfed,abe0a742-9916-40d4-b488-e6f7539063a4,2026-02-13 20:35:51.638551,play_attempt,"{""level_attempt_id"": ""80bb585a-1770-43b6-a60d-64d998c91181"", ""level"": 88, ""device"": ""phone"", ""completed"": true, ""passed"": true, ""session_duration_seconds"": 434, ""sample_id"": ""dev_1""}"
c9cb491b-2394-4c2c-8f8f-d9cbecd32461,abe0a742-9916-40d4-b488-e6f7539063a4,2026-02-13 20:43:06.526043,play_attempt,"{""level_attempt_id"": ""735f4f4e-a38d-46d3-859e-777a016d00c8"", ""level"": 89, ""device"": ""desktop"", ""completed"": true, ""passed"": false, ""session_duration_seconds"": 322, ""sample_id"": ""dev_1""}"
b1a37f1f-2684-4a35-9bef-e7c8a61da6c6,abe0a742-9916-40d4-b488-e6f7539063a4,2026-02-13 20:48:29.21214,play_attempt,"{""level_attempt_id"": ""08cd99b6-296f-48dd-9ba9-283899ad058c"", ""level"": 89, ""device"": ""desktop"", ""completed"": true, ""passed"": true, ""session_duration_seconds"": 273, ""sample_id"": ""dev_1""}"
b3fef06c-ffcb-4e22-8895-6cca0a0d74d9,abe0a742-9916-40d4-b488-e6f7539063a4,2026-02-13 20:53:02.703151,play_attempt,"{""level_attempt_id"": ""809acf08-a738-401c-9da8-2472f75a4bee"", ""level"": 90, ""device"": ""tablet"", ""completed"": true, ""passed"": true, ""session_duration_seconds"": 224, ""sample_id"": ""dev_1""}"
e5f65a29-abcd-4b24-9177-66451ba413dd,abe0a742-9916-40d4-b488-e6f7539063a4,2026-02-13 20:56:47.474004,play_attempt,"{""level_attempt_id"": ""df316c00-be6e-4474-9dd4-a5cbb60b0de8"", ""level"": 91, ""device"": ""tablet"", ""completed"": false, ""passed"": false, ""session_duration_seconds"": 219, ""sample_id"": ""dev_1""}"
12e9ca58-86ac-4d0b-b582-0c23ec1195ce,abe0a742-9916-40d4-b488-e6f7539063a4,2026-02-13 21:00:26.705828,play_attempt,"{""level_attempt_id"": ""563d923d-726a-44f9-bd11-b0b1a9be0d9d"", ""level"": 91, ""device"": ""tablet"", ""completed"": true, ""passed"": true, ""session_duration_seconds"": 394, ""sample_id"": ""dev_1""}"
b63a1015-4026-4d59-8778-6af1f49a9cc0,abe0a742-9916-40d4-b488-e6f7539063a4,2026-02-13 21:07:00.976793,play_attempt,"{""level_attempt_id"": ""6fadaca7-989a-4d8c-9391-27b6c62c1414"", ""level"": 92, ""device"": ""tablet"", ""completed"": false, ""passed"": false, ""session_duration_seconds"": 139, ""sample_id"": ""dev_1""}"
9f83e65b-76d1-41dd-8075-2698601f5893,abe0a742-9916-40d4-b488-e6f7539063a4,2026-02-13 21:09:20.304617,play_attempt,"{""level_attempt_id"": ""3531fde8-781c-42fd-9346-23fe4d185951"", ""level"": 92, ""device"": ""desktop"", ""completed"": false, ""passed"": false, ""session_duration_seconds"": 13, ""sample_id"": ""dev_1""}"
53bfd4ae-b3e9-4a68-9cf5-57be61fc75dd,abe0a742-9916-40d4-b488-e6f7539063a4,2026-02-13 21:09:33.819658,play_attempt,"{""level_attempt_id"": ""d0b0a90d-7a59-4049-8798-f12d995e26a1"", ""level"": 92, ""device"": ""desktop"", ""completed"": true, ""passed"": true, ""session_duration_seconds"": 205, ""sample_id"": ""dev_1""}"
eb6859f1-5408-4d99-881a-92656c1458a7,abe0a742-9916-40d4-b488-e6f7539063a4,2026-02-13 21:12:59.504052,play_attempt,"{""level_attempt_id"": ""1effdd2b-42b8-4689-8a2b-9534ba9ebd41"", ""level"": 93, ""device"": ""phone"", ""completed"": false, ""passed"": false, ""session_duration_seconds"": 535, ""sample_id"": ""dev_1""}"
47df1e92-8103-4517-999d-4000f5e3584a,abe0a742-9916-40d4-b488-e6f7539063a4,2026-02-13 21:21:55.160725,play_attempt,"{""level_attempt_id"": ""9993127a-e48d-4a38-b76d-c454a2326a7d"", ""level"": 93, ""device"": ""phone"", ""completed"": true, ""passed"": false, ""session_duration_seconds"": 450, ""sample_id"": ""dev_1""}"
1edacedb-a66b-4bae-bce6-0a262cb525ad,abe0a742-9916-40d4-b488-e6f7539063a4,2026-02-13 21:29:25.506861,play_attempt,"{""level_attempt_id"": ""4aac6636-e2fe-4994-9452-966661a942f9"", ""level"": 93, ""device"": ""phone"", ""completed"": true, ""passed"": true, ""session_duration_seconds"": 317, ""sample_id"": ""dev_1""}"
1b0b4995-b57d-4672-9483-25b157477c91,abe0a742-9916-40d4-b488-e6f7539063a4,2026-02-14 21:34:43.454661,play_attempt,"{""level_attempt_id"": ""ddcfccc8-aceb-4de8-9e93-545e8213015b"", ""level"": 94, ""device"": ""desktop"", ""completed"": true, ""passed"": true, ""session_duration_seconds"": 235, ""sample_id"": ""dev_1""}"
1964dd4f-912e-40c2-94c6-f22e35464a23,abe0a742-9916-40d4-b488-e6f7539063a4,2026-02-14 21:38:38.497416,play_attempt,"{""level_attempt_id"": ""ceafc694-75e0-41cc-abf4-3518aa0bff22"", ""level"": 95, ""device"": ""desktop"", ""completed"": true, ""passed"": true, ""session_duration_seconds"": 180, ""sample_id"": ""dev_1""}"
60cd7a50-0f5c-4a20-b4ff-de3843c0d9b9,abe0a742-9916-40d4-b488-e6f7539063a4,2026-02-14 21:41:39.282081,play_attempt,"{""level_attempt_id"": ""05d71db7-c52d-436f-904c-19aaebb32ca6"", ""level"": 96, ""device"": ""desktop"", ""completed"": true, ""passed"": true, ""session_duration_seconds"": 157, ""sample_id"": ""dev_1""}"
8c288b0d-a3c3-49e8-8bbd-f8b82d7e390a,abe0a742-9916-40d4-b488-e6f7539063a4,2026-02-16 21:44:16.454666,play_attempt,"{""level_attempt_id"": ""ff8a8adc-3b70-4814-a157-95f54c90ee20"", ""level"": 97, ""device"": ""desktop"", ""completed"": true, ""passed"": false, ""session_duration_seconds"": 163, ""sample_id"": ""dev_1""}"
da8af779-4dcc-4883-a9ba-5c3b63d551a9,abe0a742-9916-40d4-b488-e6f7539063a4,2026-02-16 21:47:00.358687,play_attempt,"{""level_attempt_id"": ""64a2ea9d-49a1-4ccb-a49c-aec1dc168868"", ""level"": 97, ""device"": ""desktop"", ""completed"": false, ""passed"": false, ""session_duration_seconds"": 124, ""sample_id"": ""dev_1""}"
819e9287-cfac-4c28-b7d7-ffcd0d20364c,abe0a742-9916-40d4-b488-e6f7539063a4,2026-02-16 21:49:04.534843,play_attempt,"{""level_attempt_id"": ""bb96e11d-20a7-44a0-bdc0-30b491a4345b"", ""level"": 97, ""device"": ""desktop"", ""completed"": false, ""passed"": false, ""session_duration_seconds"": 293, ""sample_id"": ""dev_1""}"
4621849b-1cfe-49c0-986b-64ec2a06294e,abe0a742-9916-40d4-b488-e6f7539063a4,2026-02-16 21:53:57.769178,play_attempt,"{""level_attempt_id"": ""8b009877-6e36-47bc-94dc-10fc3f16d4f1"", ""level"": 97, ""device"": ""phone"", ""completed"": true, ""passed"": false, ""session_duration_seconds"": 257, ""sample_id"": ""dev_1""}"
ab8934b5-c5c8-4e9f-a0e7-743d82f6fad6,abe0a742-9916-40d4-b488-e6f7539063a4,2026-02-16 21:58:15.760803,play_attempt,"{""level_attempt_id"": ""b3915ae7-cf39-46db-aa50-41c9520a9174"", ""level"": 97, ""device"": ""phone"", ""completed"": true, ""passed"": true, ""session_duration_seconds"": 370, ""sample_id"": ""dev_1""}"
2cf13726-e692-49e1-a0cb-5d24ed0eeb1e,abe0a742-9916-40d4-b488-e6f7539063a4,2026-02-17 22:04:26.53223,play_attempt,"{""level_attempt_id"": ""894b10f4-cac6-468e-974a-465cf9e26b24"", ""level"": 98, ""device"": ""desktop"", ""completed"": true, ""passed"": false, ""session_duration_seconds"": 453, ""sample_id"": ""dev_1""}"
8c7fbd9f-5d34-4e39-b6d1-60aa252cda3f,abe0a742-9916-40d4-b488-e6f7539063a4,2026-02-17 22:11:59.897658,play_attempt,"{""level_attempt_id"": ""246085e3-a60a-4d3a-9c44-ff8451f401ad"", ""level"": 98, ""device"": ""desktop"", ""completed"": false, ""passed"": false, ""session_duration_seconds"": 341, ""sample_id"": ""dev_1""}"
cc44268d-8c1b-4e08-aec2-6ab9578144c3,abe0a742-9916-40d4-b488-e6f7539063a4,2026-02-17 22:17:41.51549,play_attempt,"{""level_attempt_id"": ""e19ff55f-1724-4811-8ac0-3dd429548da7"", ""level"": 98, ""device"": ""tablet"", ""completed"": true, ""passed"": true, ""session_duration_seconds"": 416, ""sample_id"": ""dev_1""}"
16d030c6-baab-4e59-9e31-ed384c879ea2,abe0a742-9916-40d4-b488-e6f7539063a4,2026-02-17 22:24:38.451388,play_attempt,"{""level_attempt_id"": ""6d766f92-20bf-4c57-9a32-ee0987c8bc82"", ""level"": 99, ""device"": ""tablet"", ""completed"": true, ""passed"": true, ""session_duration_seconds"": 162, ""sample_id"": ""dev_1""}"
1ac40004-a550-4c0f-b9a9-5fcd79819099,abe0a742-9916-40d4-b488-e6f7539063a4,2026-02-17 22:27:20.877757,play_attempt,"{""level_attempt_id"": ""008e56ff-4086-4474-9b33-f6a640c90fec"", ""level"": 100, ""device"": ""tablet"", ""completed"": true, ""passed"": true, ""session_duration_seconds"": 173, ""sample_id"": ""dev_1""}"
aa0400bd-414b-40d8-bffc-a4fac364fbd7,e4b46cf7-40c8-4528-9e08-8486b1d38ceb,2026-01-01 00:00:00,user_created,"{""location"": ""FL"", ""age"": 18, ""gender"": ""female"", ""sample_id"": ""dev_1""}"
6c4651e7-2f5e-4d76-aca7-6a69aaed9651,e4b46cf7-40c8-4528-9e08-8486b1d38ceb,2026-01-01 16:18:37,play_attempt,"{""level_attempt_id"": ""34236d17-3ed2-4489-ba34-cc35ec4ff274"", ""level"": 1, ""device"": ""tablet"", ""completed"": true, ""passed"": true, ""session_duration_seconds"": 382, ""sample_id"": ""dev_1""}"
f38484e8-a371-4c90-adfe-619aefc74e2e,e4b46cf7-40c8-4528-9e08-8486b1d38ceb,2026-01-01 16:24:59.001322,play_attempt,"{""level_attempt_id"": ""4bc309a4-2f59-4de4-b684-b71c63413fb8"", ""level"": 2, ""device"": ""tablet"", ""completed"": true, ""passed"": true, ""session_duration_seconds"": 250, ""sample_id"": ""dev_1""}"
b7272ee3-d66d-407b-b30f-161b31d74e68,e4b46cf7-40c8-4528-9e08-8486b1d38ceb,2026-01-01 16:29:09.754093,play_attempt,"{""level_attempt_id"": ""791fd453-6640-4f84-bddc-2639e7c83a9c"", ""level"": 3, ""device"": ""tablet"", ""completed"": true, ""passed"": true, ""session_duration_seconds"": 382, ""sample_id"": ""dev_1""}"
f51e9b75-bc13-47e2-a78d-613acf235434,e4b46cf7-40c8-4528-9e08-8486b1d38ceb,2026-01-05 16:35:32.044939,play_attempt,"{""level_attempt_id"": ""5ef532e4-35b3-4a2d-836c-d190d45ae413"", ""level"": 4, ""device"": ""desktop"", ""completed"": true, ""passed"": true, ""session_duration_seconds"": 131, ""sample_id"": ""dev_1""}"
b56b4f51-2278-4c07-ab44-db36390d18e9,e4b46cf7-40c8-4528-9e08-8486b1d38ceb,2026-01-06 16:37:43.055424,play_attempt,"{""level_attempt_id"": ""69f409e3-ac5a-45a1-a2a5-bae250be73c0"", ""level"": 5, ""device"": ""phone"", ""completed"": true, ""passed"": true, ""session_duration_seconds"": 185, ""sample_id"": ""dev_1""}"
981f267e-3247-41e9-b925-44f34b9cfa99,e4b46cf7-40c8-4528-9e08-8486b1d38ceb,2026-01-08 16:40:48.177442,play_attempt,"{""level_attempt_id"": ""c4f944ee-76e3-44e1-8769-715fa4866228"", ""level"": 6, ""device"": ""phone"", ""completed"": true, ""passed"": false, ""session_duration_seconds"": 338, ""sample_id"": ""dev_1""}"
87fb3fdf-0ef2-4077-9007-3739c877c665,e4b46cf7-40c8-4528-9e08-8486b1d38ceb,2026-01-08 16:46:26.96991,play_attempt,"{""level_attempt_id"": ""dbda9c60-8aa7-427f-aded-0855fbce87eb"", ""level"": 6, ""device"": ""phone"", ""completed"": false, ""passed"": false, ""session_duration_seconds"": 494, ""sample_id"": ""dev_1""}"
83d89893-3f48-4882-a148-65738d60cfa6,e4b46cf7-40c8-4528-9e08-8486b1d38ceb,2026-01-08 16:54:41.46721,play_attempt,"{""level_attempt_id"": ""3a198e2d-b813-47bc-82a2-b20cf5831c84"", ""level"": 6, ""device"": ""phone"", ""completed"": true, ""passed"": true, ""session_duration_seconds"": 339, ""sample_id"": ""dev_1""}"
cebdac21-8dce-4b1e-b83d-6b07070d9024,e4b46cf7-40c8-4528-9e08-8486b1d38ceb,2026-01-09 17:00:20.505437,play_attempt,"{""level_attempt_id"": ""b2c31a50-6406-4c2b-b15c-0ab8b101cd53"", ""level"": 7, ""device"": ""phone"", ""completed"": true, ""passed"": true, ""session_duration_seconds"": 255, ""sample_id"": ""dev_1""}"
f2f9a75d-9ade-47c3-8b50-22ece9231aca,e4b46cf7-40c8-4528-9e08-8486b1d38ceb,2026-01-09 17:04:35.956756,play_attempt,"{""level_attempt_id"": ""7d55c032-a193-41e5-ba37-006ae1ca98c6"", ""level"": 8, ""device"": ""phone"", ""completed"": false, ""passed"": false, ""session_duration_seconds"": 500, ""sample_id"": ""dev_1""}"
e07a1487-0776-476f-962d-8090e3ab6bdd,e4b46cf7-40c8-4528-9e08-8486b1d38ceb,2026-01-09 17:12:56.429712,play_attempt,"{""level_attempt_id"": ""cbd27d6c-31c5-4cc0-996f-bd656dbb8fe0"", ""level"": 8, ""device"": ""phone"", ""completed"": true, ""passed"": true, ""session_duration_seconds"": 370, ""sample_id"": ""dev_1""}"
7c906784-ceea-4fd9-9780-17fd0192fce2,e4b46cf7-40c8-4528-9e08-8486b1d38ceb,2026-01-09 17:19:07.409051,play_attempt,"{""level_attempt_id"": ""f22a7f94-9f4e-46f9-861f-76f0c98a9276"", ""level"": 9, ""device"": ""tablet"", ""completed"": true, ""passed"": true, ""session_duration_seconds"": 467, ""sample_id"": ""dev_1""}"
2d3494e9-d76f-4db0-9340-1398a14e4d9e,e4b46cf7-40c8-4528-9e08-8486b1d38ceb,2026-01-09 17:26:54.864268,play_attempt,"{""level_attempt_id"": ""b1fa17b0-ee2f-4ff7-8aae-9de1ab07cc91"", ""level"": 10, ""device"": ""tablet"", ""completed"": true, ""passed"": true, ""session_duration_seconds"": 524, ""sample_id"": ""dev_1""}"
8642d281-fce1-428a-9afe-76814d05781a,e4b46cf7-40c8-4528-9e08-8486b1d38ceb,2026-01-09 17:35:39.836094,play_attempt,"{""level_attempt_id"": ""07e7c76d-a31e-4778-a25c-1d81c04f4551"", ""level"": 11, ""device"": ""tablet"", ""completed"": true, ""passed"": true, ""session_duration_seconds"": 237, ""sample_id"": ""dev_1""}"
982e48ec-725e-4fa1-8b25-465f624a4f9b,e4b46cf7-40c8-4528-9e08-8486b1d38ceb,2026-02-08 17:39:37.461563,play_attempt,"{""level_attempt_id"": ""68f818ca-1e3e-41a8-a704-c10bbbf56105"", ""level"": 12, ""device"": ""tablet"", ""completed"": false, ""passed"": false, ""session_duration_seconds"": 264, ""sample_id"": ""dev_1""}"
2992c6d9-e14e-40f3-8a97-afcb96398382,e4b46cf7-40c8-4528-9e08-8486b1d38ceb,2026-02-08 17:44:02.016724,play_attempt,"{""level_attempt_id"": ""ee4ad241-6371-4354-a0ae-b6de880b7a73"", ""level"": 12, ""device"": ""tablet"", ""completed"": false, ""passed"": false, ""session_duration_seconds"": 166, ""sample_id"": ""dev_1""}"
86da15ad-c3a8-47e0-acf1-ddb6be73956b,e4b46cf7-40c8-4528-9e08-8486b1d38ceb,2026-02-08 17:46:48.417601,play_attempt,"{""level_attempt_id"": ""917612a8-0936-4856-b98f-545ccca9d9b0"", ""level"": 12, ""device"": ""phone"", ""completed"": false, ""passed"": false, ""session_duration_seconds"": 189, ""sample_id"": ""dev_1""}"
9ef9af27-33e4-49b1-b77b-8a777bfd1e89,e4b46cf7-40c8-4528-9e08-8486b1d38ceb,2026-02-08 17:49:58.212158,play_attempt,"{""level_attempt_id"": ""cf22a492-6946-49dd-9be6-1524c6ed0f71"", ""level"": 12, ""device"": ""phone"", ""completed"": true, ""passed"": true, ""session_duration_seconds"": 254, ""sample_id"": ""dev_1""}"
1f122ccf-1997-4abf-a479-06d509da018c,e4b46cf7-40c8-4528-9e08-8486b1d38ceb,2026-02-08 17:54:12.985601,play_attempt,"{""level_attempt_id"": ""4aa352ad-d558-4010-a9cf-62bc282e4b72"", ""level"": 13, ""device"": ""desktop"", ""completed"": true, ""passed"": true, ""session_duration_seconds"": 313, ""sample_id"": ""dev_1""}"
45df78a0-b6ec-4dcf-abbb-9d98ed188295,e4b46cf7-40c8-4528-9e08-8486b1d38ceb,2026-02-08 17:59:26.553286,play_attempt,"{""level_attempt_id"": ""55768a14-46f0-405e-ae2b-2ef779258362"", ""level"": 14, ""device"": ""desktop"", ""completed"": true, ""passed"": true, ""session_duration_seconds"": 261, ""sample_id"": ""dev_1""}"
654d2d34-202e-40ee-a547-e3194eb77668,e4b46cf7-40c8-4528-9e08-8486b1d38ceb,2026-02-09 18:03:48.425896,play_attempt,"{""level_attempt_id"": ""067dafa1-0f8a-4f32-8299-9d2314b15b50"", ""level"": 15, ""device"": ""desktop"", ""completed"": true, ""passed"": true, ""session_duration_seconds"": 285, ""sample_id"": ""dev_1""}"
e1da87ab-a049-45b5-9da6-52b45d4ad822,e4b46cf7-40c8-4528-9e08-8486b1d38ceb,2026-02-14 18:08:34.09027,play_attempt,"{""level_attempt_id"": ""762b3d43-8126-4b9d-982a-8bf15328518e"", ""level"": 16, ""device"": ""tablet"", ""completed"": true, ""passed"": true, ""session_duration_seconds"": 206, ""sample_id"": ""dev_1""}"
68b8d103-2655-4b66-89f9-297c0ca07bb8,e4b46cf7-40c8-4528-9e08-8486b1d38ceb,2026-02-16 18:12:00.576641,play_attempt,"{""level_attempt_id"": ""b60f745b-3933-4287-89ac-12718e651225"", ""level"": 17, ""device"": ""tablet"", ""completed"": true, ""passed"": false, ""session_duration_seconds"": 189, ""sample_id"": ""dev_1""}"
85ee6371-ed8d-4570-bb8e-73d7f2261801,e4b46cf7-40c8-4528-9e08-8486b1d38ceb,2026-02-16 18:15:09.605495,play_attempt,"{""level_attempt_id"": ""b5c6fbac-4e39-4c69-a25c-b9b0903fb105"", ""level"": 17, ""device"": ""tablet"", ""completed"": true, ""passed"": true, ""session_duration_seconds"": 249, ""sample_id"": ""dev_1""}"
60d89b2e-c764-48e7-a74c-0b0c50b3818b,e4b46cf7-40c8-4528-9e08-8486b1d38ceb,2026-02-18 18:19:18.952306,play_attempt,"{""level_attempt_id"": ""1824135f-2239-4635-9f3b-25b0e0315171"", ""level"": 18, ""device"": ""tablet"", ""completed"": true, ""passed"": true, ""session_duration_seconds"": 336, ""sample_id"": ""dev_1""}"
5b040d0f-e4ef-43c6-bf01-7ff8261be57d,e4b46cf7-40c8-4528-9e08-8486b1d38ceb,2026-02-18 18:24:55.126298,play_attempt,"{""level_attempt_id"": ""6ef34ab8-6407-4709-9d50-e170e04c97a6"", ""level"": 19, ""device"": ""phone"", ""completed"": true, ""passed"": true, ""session_duration_seconds"": 322, ""sample_id"": ""dev_1""}"
13b53350-4877-43e3-bd8d-e98e34f04282,e4b46cf7-40c8-4528-9e08-8486b1d38ceb,2026-02-18 18:30:17.153919,play_attempt,"{""level_attempt_id"": ""1395de17-172f-40af-9f78-a50a0aafb7f8"", ""level"": 20, ""device"": ""phone"", ""completed"": false, ""passed"": false, ""session_duration_seconds"": 306, ""sample_id"": ""dev_1""}"
b4c7bb59-21a2-433d-8df2-d27c164e62b1,e4b46cf7-40c8-4528-9e08-8486b1d38ceb,2026-02-18 18:35:23.851626,play_attempt,"{""level_attempt_id"": ""9e5443a8-1a24-436a-9dc0-ceffd7cfa746"", ""level"": 20, ""device"": ""phone"", ""completed"": true, ""passed"": true, ""session_duration_seconds"": 478, ""sample_id"": ""dev_1""}"
59550301-b1e6-41fb-8f27-68ce2090cd7a,e4b46cf7-40c8-4528-9e08-8486b1d38ceb,2026-02-18 18:43:21.996669,play_attempt,"{""level_attempt_id"": ""cf89e801-b4b2-4d6c-a450-d0bddd4c7189"", ""level"": 21, ""device"": ""desktop"", ""completed"": true, ""passed"": false, ""session_duration_seconds"": 244, ""sample_id"": ""dev_1""}"
54f0d15a-5401-445d-8966-b0e3c5767d03,e4b46cf7-40c8-4528-9e08-8486b1d38ceb,2026-02-18 18:47:26.885653,play_attempt,"{""level_attempt_id"": ""01c7382d-3ca3-41b8-9887-7252a48c5685"", ""level"": 21, ""device"": ""desktop"", ""completed"": true, ""passed"": false, ""session_duration_seconds"": 420, ""sample_id"": ""dev_1""}"
cc0cd83b-f1bf-40a3-ac6d-4d9280d27ae6,e4b46cf7-40c8-4528-9e08-8486b1d38ceb,2026-02-18 18:54:27.801543,play_attempt,"{""level_attempt_id"": ""b00eaa7e-420f-4f85-944d-f09053ffabeb"", ""level"": 21, ""device"": ""desktop"", ""completed"": true, ""passed"": true, ""session_duration_seconds"": 529, ""sample_id"": ""dev_1""}"
c631a2fb-fc99-4dd4-a7b8-05e1be7ba066,e4b46cf7-40c8-4528-9e08-8486b1d38ceb,2026-02-19 19:03:17.509371,play_attempt,"{""level_attempt_id"": ""610bd253-945f-4b1d-917a-f03477129542"", ""level"": 22, ""device"": ""desktop"", ""completed"": true, ""passed"": true, ""session_duration_seconds"": 471, ""sample_id"": ""dev_1""}"
42897328-292c-4eee-8ee1-dc84dc48c428,e4b46cf7-40c8-4528-9e08-8486b1d38ceb,2026-02-19 19:11:09.406947,play_attempt,"{""level_attempt_id"": ""fd86b798-2f38-4673-bd9f-1c14df689a53"", ""level"": 23, ""device"": ""desktop"", ""completed"": true, ""passed"": true, ""session_duration_seconds"": 439, ""sample_id"": ""dev_1""}"
861eb371-a9c5-49cb-9b06-ec5169f005bc,e4b46cf7-40c8-4528-9e08-8486b1d38ceb,2026-02-19 19:18:28.731394,play_attempt,"{""level_attempt_id"": ""e6663442-cea6-4e33-8f74-15ca71f5aa3e"", ""level"": 24, ""device"": ""desktop"", ""completed"": true, ""passed"": true, ""session_duration_seconds"": 293, ""sample_id"": ""dev_1""}"
43802520-8ee2-4023-b5ad-02088c099de6,e4b46cf7-40c8-4528-9e08-8486b1d38ceb,2026-02-19 19:23:21.803017,play_attempt,"{""level_attempt_id"": ""a42579b7-ea59-4da3-9255-68d6bb58acd6"", ""level"": 25, ""device"": ""phone"", ""completed"": true, ""passed"": true, ""session_duration_seconds"": 412, ""sample_id"": ""dev_1""}"
47b25c38-0aa9-412a-b65a-7240808fdf4c,e4b46cf7-40c8-4528-9e08-8486b1d38ceb,2026-02-19 19:30:14.240503,play_attempt,"{""level_attempt_id"": ""f05e2d06-ffbd-4b2f-a44b-5cb274913a2e"", ""level"": 26, ""device"": ""phone"", ""completed"": false, ""passed"": false, ""session_duration_seconds"": 90, ""sample_id"": ""dev_1""}"
1ee1bca5-043b-4ed2-bfc2-df2f7bbfe08f,e4b46cf7-40c8-4528-9e08-8486b1d38ceb,2026-02-19 19:31:45.174792,play_attempt,"{""level_attempt_id"": ""5befe439-c6c4-4b12-b51b-7af48158f7c0"", ""level"": 26, ""device"": ""phone"", ""completed"": true, ""passed"": false, ""session_duration_seconds"": 329, ""sample_id"": ""dev_1""}"
8757dd2e-c815-41d5-893c-5c1a587cd3e8,e4b46cf7-40c8-4528-9e08-8486b1d38ceb,2026-02-19 19:37:14.93677,play_attempt,"{""level_attempt_id"": ""99c57c61-5268-4488-a67f-8b8e157a53d8"", ""level"": 26, ""device"": ""phone"", ""completed"": false, ""passed"": false, ""session_duration_seconds"": 298, ""sample_id"": ""dev_1""}"
05562743-4d08-46d0-8a5a-33150a12ac8f,e4b46cf7-40c8-4528-9e08-8486b1d38ceb,2026-02-19 19:42:13.898487,play_attempt,"{""level_attempt_id"": ""a8694dca-1f4d-48e6-b0b2-a117426a1625"", ""level"": 26, ""device"": ""desktop"", ""completed"": true, ""passed"": true, ""session_duration_seconds"": 286, ""sample_id"": ""dev_1""}"
fe1cf3ac-320c-4d75-8c2e-fd62f78b649e,e4b46cf7-40c8-4528-9e08-8486b1d38ceb,2026-02-19 19:47:00.338764,play_attempt,"{""level_attempt_id"": ""645e40d6-d648-480e-8a3f-342784c27bdd"", ""level"": 27, ""device"": ""desktop"", ""completed"": true, ""passed"": false, ""session_duration_seconds"": 229, ""sample_id"": ""dev_1""}"
00b036d9-a16b-4497-a9e0-659cd4efbe6e,e4b46cf7-40c8-4528-9e08-8486b1d38ceb,2026-02-19 19:50:49.798724,play_attempt,"{""level_attempt_id"": ""db232c1c-b1cb-48db-9c80-b1634b3703a9"", ""level"": 27, ""device"": ""tablet"", ""completed"": true, ""passed"": true, ""session_duration_seconds"": 501, ""sample_id"": ""dev_1""}"
379f418d-70b5-4567-a5ef-9cc45998f39b,e4b46cf7-40c8-4528-9e08-8486b1d38ceb,2026-02-20 19:59:11.385185,play_attempt,"{""level_attempt_id"": ""9b630356-2446-4504-9084-808e21dfe78a"", ""level"": 28, ""device"": ""tablet"", ""completed"": true, ""passed"": true, ""session_duration_seconds"": 350, ""sample_id"": ""dev_1""}"
20ab383e-ec11-4f0b-b616-a78cb4661e49,e4b46cf7-40c8-4528-9e08-8486b1d38ceb,2026-02-20 20:05:01.440216,play_attempt,"{""level_attempt_id"": ""cc3b654a-8472-48fa-bc14-8ce3558fdb9d"", ""level"": 29, ""device"": ""desktop"", ""completed"": true, ""passed"": true, ""session_duration_seconds"": 323, ""sample_id"": ""dev_1""}"
f9acf6ba-7628-4fcb-a07e-eac0aadb8ae2,e4b46cf7-40c8-4528-9e08-8486b1d38ceb,2026-02-20 20:10:25.416766,play_attempt,"{""level_attempt_id"": ""2dda7f4e-3ee8-4409-996e-1f4c68c84c5c"", ""level"": 30, ""device"": ""desktop"", ""completed"": true, ""passed"": true, ""session_duration_seconds"": 182, ""sample_id"": ""dev_1""}"
4a0f8eb6-fb38-42c4-90aa-f2cc5a3cfd5b,e4b46cf7-40c8-4528-9e08-8486b1d38ceb,2026-02-23 20:13:28.130469,play_attempt,"{""level_attempt_id"": ""41eb86b8-0ac1-4036-aa99-2a654741c75b"", ""level"": 31, ""device"": ""desktop"", ""completed"": true, ""passed"": true, ""session_duration_seconds"": 385, ""sample_id"": ""dev_1""}"
f37d7f31-73e0-4434-8668-fb42eb6b6f59,e4b46cf7-40c8-4528-9e08-8486b1d38ceb,2026-02-23 20:19:53.395229,play_attempt,"{""level_attempt_id"": ""24e8b203-605a-4358-bca2-6ec8c1b4eb8b"", ""level"": 32, ""device"": ""tablet"", ""completed"": true, ""passed"": false, ""session_duration_seconds"": 229, ""sample_id"": ""dev_1""}"
5bff4e5e-4c3f-43c3-a5a4-470e5707d64a,e4b46cf7-40c8-4528-9e08-8486b1d38ceb,2026-02-23 20:23:43.150288,play_attempt,"{""level_attempt_id"": ""fcf371ce-4af8-48fc-a4c3-e026ba0fd7b9"", ""level"": 32, ""device"": ""tablet"", ""completed"": true, ""passed"": true, ""session_duration_seconds"": 150, ""sample_id"": ""dev_1""}"
60ba8581-e940-4699-b60b-ba9331be2437,e4b46cf7-40c8-4528-9e08-8486b1d38ceb,2026-02-23 20:26:13.959938,play_attempt,"{""level_attempt_id"": ""ead4bab2-8773-454d-a1e5-4d4083a848d5"", ""level"": 33, ""device"": ""tablet"", ""completed"": true, ""passed"": false, ""session_duration_seconds"": 467, ""sample_id"": ""dev_1""}"
92e33fb2-3afd-4f5b-acba-756a481749d7,e4b46cf7-40c8-4528-9e08-8486b1d38ceb,2026-02-23 20:34:01.953754,play_attempt,"{""level_attempt_id"": ""d352d12f-9e4b-4983-b5e3-608d5cc87292"", ""level"": 33, ""device"": ""tablet"", ""completed"": true, ""passed"": false, ""session_duration_seconds"": 274, ""sample_id"": ""dev_1""}"
e957d41e-db05-4923-816a-4475afd65ffa,e4b46cf7-40c8-4528-9e08-8486b1d38ceb,2026-02-23 20:38:36.03799,play_attempt,"{""level_attempt_id"": ""93c9264d-03c8-447b-b6d8-c3ecb9f129e2"", ""level"": 33, ""device"": ""phone"", ""completed"": true, ""passed"": true, ""session_duration_seconds"": 310, ""sample_id"": ""dev_1""}"
6af595d3-28be-44ff-84dc-20b6f862e166,e4b46cf7-40c8-4528-9e08-8486b1d38ceb,2026-02-23 20:43:46.495346,play_attempt,"{""level_attempt_id"": ""fe77e2c3-012d-4478-a6ba-80e1df9c5bb2"", ""level"": 34, ""device"": ""phone"", ""completed"": true, ""passed"": false, ""session_duration_seconds"": 479, ""sample_id"": ""dev_1""}"
eed0d190-b5ff-41fd-8c7c-8654e8441a8c,e4b46cf7-40c8-4528-9e08-8486b1d38ceb,2026-02-23 20:51:45.931552,play_attempt,"{""level_attempt_id"": ""ef6e60a9-0c9c-4705-b04a-213ccdec7ad2"", ""level"": 34, ""device"": ""tablet"", ""completed"": true, ""passed"": false, ""session_duration_seconds"": 199, ""sample_id"": ""dev_1""}"
c8f1058a-7574-412f-bf55-75d2dbd24fbf,e4b46cf7-40c8-4528-9e08-8486b1d38ceb,2026-02-23 20:55:05.241072,play_attempt,"{""level_attempt_id"": ""6d8cc8c8-c82e-4fdb-8c06-a325071a64f5"", ""level"": 34, ""device"": ""tablet"", ""completed"": true, ""passed"": true, ""session_duration_seconds"": 255, ""sample_id"": ""dev_1""}"
f014dae4-0ba8-4200-87bc-035efa369276,e4b46cf7-40c8-4528-9e08-8486b1d38ceb,2026-02-23 20:59:21.029089,play_attempt,"{""level_attempt_id"": ""4bcbc947-8bad-410b-a132-637e98b124c7"", ""level"": 35, ""device"": ""tablet"", ""completed"": true, ""passed"": false, ""session_duration_seconds"": 166, ""sample_id"": ""dev_1""}"
314ef6f5-7c2d-4441-a879-d7a35c3161d9,e4b46cf7-40c8-4528-9e08-8486b1d38ceb,2026-02-23 21:02:07.123598,play_attempt,"{""level_attempt_id"": ""1934c04b-1188-4771-92a3-ba62f384c60f"", ""level"": 35, ""device"": ""tablet"", ""completed"": true, ""passed"": true, ""session_duration_seconds"": 243, ""sample_id"": ""dev_1""}"
2a2ba594-466f-4e74-97f5-2017a089e7d1,e4b46cf7-40c8-4528-9e08-8486b1d38ceb,2026-02-23 21:06:10.143151,play_attempt,"{""level_attempt_id"": ""ed2d00ad-644e-498f-87db-dde4c7c00cec"", ""level"": 36, ""device"": ""tablet"", ""completed"": true, ""passed"": true, ""session_duration_seconds"": 460, ""sample_id"": ""dev_1""}"
ec53971e-d197-47dc-9059-ef3d02bcf5ab,e4b46cf7-40c8-4528-9e08-8486b1d38ceb,2026-02-23 21:13:50.432624,play_attempt,"{""level_attempt_id"": ""f6c90399-4cd8-4fa6-8769-82cad3bfd80d"", ""level"": 37, ""device"": ""tablet"", ""completed"": false, ""passed"": false, ""session_duration_seconds"": 329, ""sample_id"": ""dev_1""}"
59da70ad-fc61-4237-8c08-3e6351ecc34a,e4b46cf7-40c8-4528-9e08-8486b1d38ceb,2026-02-23 21:19:19.746307,play_attempt,"{""level_attempt_id"": ""3ec989b5-85a0-4c0a-9d99-b55e425e42de"", ""level"": 37, ""device"": ""tablet"", ""completed"": true, ""passed"": true, ""session_duration_seconds"": 229, ""sample_id"": ""dev_1""}"
c5f659d2-a4da-49e3-b5de-52b7d2452dc1,e4b46cf7-40c8-4528-9e08-8486b1d38ceb,2026-03-22 21:23:09.422732,play_attempt,"{""level_attempt_id"": ""b952626b-08ed-4f46-b142-40fbd87fea72"", ""level"": 38, ""device"": ""tablet"", ""completed"": true, ""passed"": true, ""session_duration_seconds"": 291, ""sample_id"": ""dev_1""}"
fe27ca78-bc1c-46e7-a8d7-123d2309bb8d,e4b46cf7-40c8-4528-9e08-8486b1d38ceb,2026-03-23 21:28:00.66939,play_attempt,"{""level_attempt_id"": ""e3a891cc-52d0-4a31-9dee-87246e8f453a"", ""level"": 39, ""device"": ""tablet"", ""completed"": true, ""passed"": true, ""session_duration_seconds"": 215, ""sample_id"": ""dev_1""}"
2d768297-0297-4c74-bb79-5e3f7ed683a1,e4b46cf7-40c8-4528-9e08-8486b1d38ceb,2026-04-07 21:31:35.88643,play_attempt,"{""level_attempt_id"": ""7cf2e727-804e-485b-bb08-e1f5a6e80f39"", ""level"": 40, ""device"": ""tablet"", ""completed"": true, ""passed"": true, ""session_duration_seconds"": 369, ""sample_id"": ""dev_1""}"
b09f3b2a-b399-4001-9703-43548410e2b6,e4b46cf7-40c8-4528-9e08-8486b1d38ceb,2026-04-07 21:37:45.800296,play_attempt,"{""level_attempt_id"": ""1dda2669-2158-4216-9bc5-7a33ca307a43"", ""level"": 41, ""device"": ""tablet"", ""completed"": false, ""passed"": false, ""session_duration_seconds"": 195, ""sample_id"": ""dev_1""}"
531eeac4-f5e2-4af5-b970-777f52822b51,e4b46cf7-40c8-4528-9e08-8486b1d38ceb,2026-04-07 21:41:01.694046,play_attempt,"{""level_attempt_id"": ""a4a93923-dcec-459e-bc3f-6437d5dd905b"", ""level"": 41, ""device"": ""tablet"", ""completed"": true, ""passed"": true, ""session_duration_seconds"": 232, ""sample_id"": ""dev_1""}"
7cd7cf35-a002-4518-a73f-039a13605fcb,e4b46cf7-40c8-4528-9e08-8486b1d38ceb,2026-04-07 21:44:54.685132,play_attempt,"{""level_attempt_id"": ""ba53f0a8-8506-4ece-a026-b5803916df42"", ""level"": 42, ""device"": ""desktop"", ""completed"": true, ""passed"": true, ""session_duration_seconds"": 271, ""sample_id"": ""dev_1""}"
c8ff2109-f3a6-4e5f-966a-e13b64daa5a7,e4b46cf7-40c8-4528-9e08-8486b1d38ceb,2026-04-07 21:49:25.937381,play_attempt,"{""level_attempt_id"": ""3a8dea43-f0f8-4fec-8c43-d3cfbc877994"", ""level"": 43, ""device"": ""desktop"", ""completed"": true, ""passed"": true, ""session_duration_seconds"": 449, ""sample_id"": ""dev_1""}"
8e80a965-5714-4c89-9de4-011152cbfe12,e4b46cf7-40c8-4528-9e08-8486b1d38ceb,2026-04-08 21:56:55.113123,play_attempt,"{""level_attempt_id"": ""e0dc1bea-6528-4d1e-a242-b8eaeb8878f0"", ""level"": 44, ""device"": ""desktop"", ""completed"": true, ""passed"": false, ""session_duration_seconds"": 390, ""sample_id"": ""dev_1""}"
e490bad5-d816-4a2e-aac5-cf980afae171,e4b46cf7-40c8-4528-9e08-8486b1d38ceb,2026-04-08 22:03:25.689116,play_attempt,"{""level_attempt_id"": ""334c2d26-fb4a-4a74-b491-70f4b1360ec5"", ""level"": 44, ""device"": ""desktop"", ""completed"": false, ""passed"": false, ""session_duration_seconds"": 39, ""sample_id"": ""dev_1""}"
d89bf066-3114-4990-b93a-24269486d973,e4b46cf7-40c8-4528-9e08-8486b1d38ceb,2026-04-08 22:04:04.844272,play_attempt,"{""level_attempt_id"": ""fd94ba09-e3b6-4323-a3ee-4a1a39a33bc5"", ""level"": 44, ""device"": ""desktop"", ""completed"": true, ""passed"": false, ""session_duration_seconds"": 449, ""sample_id"": ""dev_1""}"
5f405eb3-c529-4e2c-b273-06a9e724bfd7,e4b46cf7-40c8-4528-9e08-8486b1d38ceb,2026-04-08 22:11:34.186079,play_attempt,"{""level_attempt_id"": ""956a4a6f-1e12-419e-aa2b-7c0101a74f56"", ""level"": 44, ""device"": ""tablet"", ""completed"": true, ""passed"": false, ""session_duration_seconds"": 224, ""sample_id"": ""dev_1""}"
afb11ad7-2e3a-40bd-b27f-b24dc4887ed0,e4b46cf7-40c8-4528-9e08-8486b1d38ceb,2026-04-08 22:15:18.263267,play_attempt,"{""level_attempt_id"": ""b6854a41-3d8c-428f-a338-0194aaaded80"", ""level"": 44, ""device"": ""phone"", ""completed"": true, ""passed"": true, ""session_duration_seconds"": 566, ""sample_id"": ""dev_1""}"
dd00bc47-f9da-4bd9-a395-250fd5f49016,e4b46cf7-40c8-4528-9e08-8486b1d38ceb,2026-04-11 22:24:45.12325,play_attempt,"{""level_attempt_id"": ""d071ca04-4fc8-4044-968d-4f73833b9967"", ""level"": 45, ""device"": ""desktop"", ""completed"": true, ""passed"": true, ""session_duration_seconds"": 241, ""sample_id"": ""dev_1""}"
5f461fd5-fda8-4201-9992-a1d4f087ecce,e4b46cf7-40c8-4528-9e08-8486b1d38ceb,2026-04-14 22:28:46.539985,play_attempt,"{""level_attempt_id"": ""9bc810e6-c307-44ea-86ce-4aebd4ca1d52"", ""level"": 46, ""device"": ""phone"", ""completed"": true, ""passed"": false, ""session_duration_seconds"": 350, ""sample_id"": ""dev_1""}"
8daa8821-7d5c-46ad-9b4e-fd84ea921ea3,e4b46cf7-40c8-4528-9e08-8486b1d38ceb,2026-04-14 22:34:37.175681,play_attempt,"{""level_attempt_id"": ""e399dc66-0441-4481-a64c-4692bd7d0fd3"", ""level"": 46, ""device"": ""phone"", ""completed"": true, ""passed"": false, ""session_duration_seconds"": 521, ""sample_id"": ""dev_1""}"
5bd78dac-e790-403a-ac61-60c29804bb83,e4b46cf7-40c8-4528-9e08-8486b1d38ceb,2026-04-14 22:43:18.345386,play_attempt,"{""level_attempt_id"": ""a0ad71c1-7527-4687-a6e6-159024ccdaa3"", ""level"": 46, ""device"": ""desktop"", ""completed"": false, ""passed"": false, ""session_duration_seconds"": 75, ""sample_id"": ""dev_1""}"
feaba444-0ecc-4754-ac34-bdcda8a17ce3,e4b46cf7-40c8-4528-9e08-8486b1d38ceb,2026-04-14 22:44:33.414403,play_attempt,"{""level_attempt_id"": ""6348dbfa-4832-405a-a824-d4c79bd2b3ce"", ""level"": 46, ""device"": ""desktop"", ""completed"": true, ""passed"": true, ""session_duration_seconds"": 389, ""sample_id"": ""dev_1""}"
bff7b42d-85e4-47ae-8948-73f9a148db7e,e4b46cf7-40c8-4528-9e08-8486b1d38ceb,2026-04-17 22:51:03.19369,play_attempt,"{""level_attempt_id"": ""fc6518f2-c2e0-42d6-8eae-f0e32abbb810"", ""level"": 47, ""device"": ""phone"", ""completed"": true, ""passed"": true, ""session_duration_seconds"": 223, ""sample_id"": ""dev_1""}"
42e93e7a-60fd-4d79-b756-01cf0695ab00,e4b46cf7-40c8-4528-9e08-8486b1d38ceb,2026-04-18 22:54:46.999063,play_attempt,"{""level_attempt_id"": ""e3bcddd7-f033-43ab-83e5-c2509932e011"", ""level"": 48, ""device"": ""phone"", ""completed"": true, ""passed"": true, ""session_duration_seconds"": 326, ""sample_id"": ""dev_1""}"
124ae641-9b03-458f-80ba-8dc0b69589d1,e4b46cf7-40c8-4528-9e08-8486b1d38ceb,2026-04-18 23:00:13.054547,play_attempt,"{""level_attempt_id"": ""95eafc65-2afa-4b7a-8f15-22d916bea10d"", ""level"": 49, ""device"": ""desktop"", ""completed"": true, ""passed"": false, ""session_duration_seconds"": 330, ""sample_id"": ""dev_1""}"
6f157ca8-0618-4932-8c89-fb4c2fbb57c6,e4b46cf7-40c8-4528-9e08-8486b1d38ceb,2026-04-18 23:05:43.762759,play_attempt,"{""level_attempt_id"": ""5cfdf844-93a3-48fc-a98a-0f50a27e611e"", ""level"": 49, ""device"": ""phone"", ""completed"": true, ""passed"": false, ""session_duration_seconds"": 241, ""sample_id"": ""dev_1""}"
33f13f80-47b6-4c1b-96d9-d9ec518fbe91,e4b46cf7-40c8-4528-9e08-8486b1d38ceb,2026-04-18 23:09:44.869577,play_attempt,"{""level_attempt_id"": ""76d94e6c-2706-4feb-88e2-5fb44b1bdfd6"", ""level"": 49, ""device"": ""phone"", ""completed"": true, ""passed"": true, ""session_duration_seconds"": 217, ""sample_id"": ""dev_1""}"
029a57c6-c7fa-4f64-ae16-ef8ef35b2301,e4b46cf7-40c8-4528-9e08-8486b1d38ceb,2026-04-18 23:13:22.438134,play_attempt,"{""level_attempt_id"": ""8267ac95-b235-480a-a22f-ac1810927454"", ""level"": 50, ""device"": ""phone"", ""completed"": true, ""passed"": true, ""session_duration_seconds"": 156, ""sample_id"": ""dev_1""}"
130f8acc-8f06-46a6-b460-79b17a91fca3,e4b46cf7-40c8-4528-9e08-8486b1d38ceb,2026-04-23 23:15:58.541906,play_attempt,"{""level_attempt_id"": ""6bbaae3d-da91-4cda-a338-2706066cd948"", ""level"": 51, ""device"": ""desktop"", ""completed"": true, ""passed"": true, ""session_duration_seconds"": 357, ""sample_id"": ""dev_1""}"
55765a5e-ac77-461d-af3a-7702b1c76497,e4b46cf7-40c8-4528-9e08-8486b1d38ceb,2026-05-23 23:21:56.028173,play_attempt,"{""level_attempt_id"": ""4476b1d3-3074-4995-8980-d826da59449e"", ""level"": 52, ""device"": ""desktop"", ""completed"": true, ""passed"": true, ""session_duration_seconds"": 342, ""sample_id"": ""dev_1""}"
7ff7b180-75a4-49c7-a228-433c0f1e9c12,e4b46cf7-40c8-4528-9e08-8486b1d38ceb,2026-05-23 23:27:38.87603,play_attempt,"{""level_attempt_id"": ""f7d719db-ec17-4c6e-87e7-e549489468da"", ""level"": 53, ""device"": ""desktop"", ""completed"": true, ""passed"": true, ""session_duration_seconds"": 383, ""sample_id"": ""dev_1""}"
cf62ef06-ee7d-48e2-af4e-4fbc8969e47c,e4b46cf7-40c8-4528-9e08-8486b1d38ceb,2026-05-24 23:34:02.193069,play_attempt,"{""level_attempt_id"": ""bf8704f4-eed5-403a-86ec-34381a12d3b5"", ""level"": 54, ""device"": ""phone"", ""completed"": true, ""passed"": true, ""session_duration_seconds"": 242, ""sample_id"": ""dev_1""}"
c9ccb247-4f50-4807-a787-7a7e1e2b5acc,e4b46cf7-40c8-4528-9e08-8486b1d38ceb,2026-05-24 23:38:04.557488,play_attempt,"{""level_attempt_id"": ""0c7862b9-e6a0-4a90-b001-4617a4011303"", ""level"": 55, ""device"": ""phone"", ""completed"": false, ""passed"": false, ""session_duration_seconds"": 390, ""sample_id"": ""dev_1""}"
9d68f09b-7bd0-4efd-9fae-e4be53d7f79a,e4b46cf7-40c8-4528-9e08-8486b1d38ceb,2026-05-24 23:44:34.838598,play_attempt,"{""level_attempt_id"": ""6d8908ce-900d-4a37-a4cb-50bdb6ef601c"", ""level"": 55, ""device"": ""phone"", ""completed"": true, ""passed"": false, ""session_duration_seconds"": 324, ""sample_id"": ""dev_1""}"
c75d85c4-2647-4be4-aee3-cdc11fd96b81,e4b46cf7-40c8-4528-9e08-8486b1d38ceb,2026-05-24 23:49:59.757714,play_attempt,"{""level_attempt_id"": ""75e80d68-780f-4bde-9d3e-26b8813f6232"", ""level"": 55, ""device"": ""tablet"", ""completed"": true, ""passed"": false, ""session_duration_seconds"": 231, ""sample_id"": ""dev_1""}"
f60c9e4f-efac-4884-ae62-5028e8e04603,e4b46cf7-40c8-4528-9e08-8486b1d38ceb,2026-05-24 23:53:50.795874,play_attempt,"{""level_attempt_id"": ""2fcaf740-dba9-4f31-b0a8-1834b0eb34c0"", ""level"": 55, ""device"": ""tablet"", ""completed"": true, ""passed"": false, ""session_duration_seconds"": 428, ""sample_id"": ""dev_1""}"
1bbf9bf6-21b5-4f29-b748-145fd9d13ee7,e4b46cf7-40c8-4528-9e08-8486b1d38ceb,2026-05-25 00:00:59.239109,play_attempt,"{""level_attempt_id"": ""5f2ef9f8-467b-4393-9da6-f2bffe94ab6d"", ""level"": 55, ""device"": ""tablet"", ""completed"": false, ""passed"": false, ""session_duration_seconds"": 134, ""sample_id"": ""dev_1""}"
a242fff5-5f5a-4817-a98d-e8f204cf41ab,e4b46cf7-40c8-4528-9e08-8486b1d38ceb,2026-05-25 00:03:13.754546,play_attempt,"{""level_attempt_id"": ""e3bcc32c-1fb8-4520-a423-4c1ab1248908"", ""level"": 55, ""device"": ""tablet"", ""completed"": true, ""passed"": true, ""session_duration_seconds"": 366, ""sample_id"": ""dev_1""}"
6ea185d4-d979-415e-9255-21a879cd7d3e,e4b46cf7-40c8-4528-9e08-8486b1d38ceb,2026-05-25 00:09:19.769867,play_attempt,"{""level_attempt_id"": ""72e8dc8a-c8d6-4f8d-ab2e-4bb6ba08b3f7"", ""level"": 56, ""device"": ""tablet"", ""completed"": true, ""passed"": true, ""session_duration_seconds"": 297, ""sample_id"": ""dev_1""}"
ba6f91e1-8ce1-4d31-a619-9eb5d5bb0dc6,e4b46cf7-40c8-4528-9e08-8486b1d38ceb,2026-05-25 00:14:17.40952,play_attempt,"{""level_attempt_id"": ""b66f4059-a38a-428a-8dda-4cd1fa60181a"", ""level"": 57, ""device"": ""tablet"", ""completed"": true, ""passed"": true, ""session_duration_seconds"": 314, ""sample_id"": ""dev_1""}"
822687c7-11d6-416d-8a9b-ff02d1a803df,e4b46cf7-40c8-4528-9e08-8486b1d38ceb,2026-05-25 00:19:32.27202,play_attempt,"{""level_attempt_id"": ""e897a977-5454-4a7c-a723-8ae4e834dc26"", ""level"": 58, ""device"": ""tablet"", ""completed"": true, ""passed"": true, ""session_duration_seconds"": 157, ""sample_id"": ""dev_1""}"
dd098c0d-ea6d-44e1-b4a4-c6488957e0d9,e4b46cf7-40c8-4528-9e08-8486b1d38ceb,2026-05-25 00:22:10.158318,play_attempt,"{""level_attempt_id"": ""fcb44dc7-f3a6-4bf9-bbdc-2db38c50f3d4"", ""level"": 59, ""device"": ""tablet"", ""completed"": true, ""passed"": true, ""session_duration_seconds"": 322, ""sample_id"": ""dev_1""}"
6c0e5e3a-9597-4e3e-ba07-2ce38725a980,e4b46cf7-40c8-4528-9e08-8486b1d38ceb,2026-05-29 00:27:32.160751,play_attempt,"{""level_attempt_id"": ""4e77f353-7801-4c47-b5dc-3f344d628edc"", ""level"": 60, ""device"": ""tablet"", ""completed"": true, ""passed"": true, ""session_duration_seconds"": 341, ""sample_id"": ""dev_1""}"
3b241013-03ae-41df-a698-877b7941d154,e4b46cf7-40c8-4528-9e08-8486b1d38ceb,2026-06-21 00:33:13.306828,play_attempt,"{""level_attempt_id"": ""1d16b1a4-768b-403a-80f1-74e5b228ed82"", ""level"": 61, ""device"": ""desktop"", ""completed"": true, ""passed"": true, ""session_duration_seconds"": 237, ""sample_id"": ""dev_1""}"
b030d5ee-21a6-4f88-949c-0feb0f50cd12,e4b46cf7-40c8-4528-9e08-8486b1d38ceb,2026-06-21 00:37:10.328533,play_attempt,"{""level_attempt_id"": ""5c0a5cb4-f449-44d9-a244-6d81237ad26b"", ""level"": 62, ""device"": ""desktop"", ""completed"": true, ""passed"": true, ""session_duration_seconds"": 197, ""sample_id"": ""dev_1""}"
19ba4688-fcf5-4c0e-8e49-1b2af6acfb4c,e4b46cf7-40c8-4528-9e08-8486b1d38ceb,2026-06-21 00:40:27.870722,play_attempt,"{""level_attempt_id"": ""e7f10390-b134-4e56-aff6-b4bb04fb5878"", ""level"": 63, ""device"": ""desktop"", ""completed"": true, ""passed"": true, ""session_duration_seconds"": 449, ""sample_id"": ""dev_1""}"
8fd18cca-bb7f-425e-91f4-7a91f8bec0f8,e4b46cf7-40c8-4528-9e08-8486b1d38ceb,2026-06-22 00:47:56.952125,play_attempt,"{""level_attempt_id"": ""fd3366aa-688e-43a6-a748-521eddc2a586"", ""level"": 64, ""device"": ""phone"", ""completed"": true, ""passed"": false, ""session_duration_seconds"": 555, ""sample_id"": ""dev_1""}"
cc8b7c7c-0fd4-4fc9-acb7-a654854ebed3,e4b46cf7-40c8-4528-9e08-8486b1d38ceb,2026-06-22 00:57:12.320347,play_attempt,"{""level_attempt_id"": ""44e622b3-d9b8-4e84-acdf-9590acdb1c66"", ""level"": 64, ""device"": ""phone"", ""completed"": false, ""passed"": false, ""session_duration_seconds"": 520, ""sample_id"": ""dev_1""}"
79dbf3ba-de11-4022-a689-04cd87a95ad0,e4b46cf7-40c8-4528-9e08-8486b1d38ceb,2026-06-22 01:05:52.497284,play_attempt,"{""level_attempt_id"": ""078c19fe-02c3-4965-ad84-c7e8aad5c90a"", ""level"": 64, ""device"": ""desktop"", ""completed"": true, ""passed"": false, ""session_duration_seconds"": 191, ""sample_id"": ""dev_1""}"
9808ea72-23b5-486b-9229-75409041df1b,e4b46cf7-40c8-4528-9e08-8486b1d38ceb,2026-06-22 01:09:03.518732,play_attempt,"{""level_attempt_id"": ""b0816cb2-2eb3-448e-b8da-7d546232b9c6"", ""level"": 64, ""device"": ""desktop"", ""completed"": true, ""passed"": true, ""session_duration_seconds"": 316, ""sample_id"": ""dev_1""}"
529f5051-2b64-448a-a5cc-3c6939d34c12,e4b46cf7-40c8-4528-9e08-8486b1d38ceb,2026-06-22 01:14:19.561745,play_attempt,"{""level_attempt_id"": ""bc09e782-637d-42a0-a250-1c0365489b6a"", ""level"": 65, ""device"": ""desktop"", ""completed"": true, ""passed"": false, ""session_duration_seconds"": 265, ""sample_id"": ""dev_1""}"
cd4f62ba-4835-4d40-b849-be47fbdeb81d,e4b46cf7-40c8-4528-9e08-8486b1d38ceb,2026-06-22 01:18:45.543682,play_attempt,"{""level_attempt_id"": ""b42400c7-b579-49d8-b7c0-91df12d4c1f2"", ""level"": 65, ""device"": ""desktop"", ""completed"": true, ""passed"": false, ""session_duration_seconds"": 288, ""sample_id"": ""dev_1""}"
04712608-1579-426e-b936-1d2c513ce267,e4b46cf7-40c8-4528-9e08-8486b1d38ceb,2026-06-22 01:23:34.363954,play_attempt,"{""level_attempt_id"": ""5880863f-6c57-49a3-889a-9c4885ab4a21"", ""level"": 65, ""device"": ""desktop"", ""completed"": true, ""passed"": true, ""session_duration_seconds"": 226, ""sample_id"": ""dev_1""}"
8ec134f3-481d-4b10-ab5c-31b311bf30be,e4b46cf7-40c8-4528-9e08-8486b1d38ceb,2026-06-22 01:27:20.538632,play_attempt,"{""level_attempt_id"": ""3116364c-3a33-4b40-a280-1648745fbc1f"", ""level"": 66, ""device"": ""desktop"", ""completed"": true, ""passed"": true, ""session_duration_seconds"": 425, ""sample_id"": ""dev_1""}"
ae3ff9d7-e6e6-4425-ac4b-5245542997fd,e4b46cf7-40c8-4528-9e08-8486b1d38ceb,2026-06-22 01:34:26.429139,play_attempt,"{""level_attempt_id"": ""ec6d00f1-d691-459a-98a5-6ca960679bff"", ""level"": 67, ""device"": ""desktop"", ""completed"": true, ""passed"": true, ""session_duration_seconds"": 152, ""sample_id"": ""dev_1""}"
81f7d3d8-8c7f-4482-a4e8-a01f02df371c,e4b46cf7-40c8-4528-9e08-8486b1d38ceb,2026-06-22 01:36:59.208467,play_attempt,"{""level_attempt_id"": ""3393c799-e367-4426-97d2-c1416cd965c0"", ""level"": 68, ""device"": ""desktop"", ""completed"": false, ""passed"": false, ""session_duration_seconds"": 125, ""sample_id"": ""dev_1""}"
e0116682-36e7-44f2-aca7-22dbdd83a605,e4b46cf7-40c8-4528-9e08-8486b1d38ceb,2026-06-22 01:39:04.275269,play_attempt,"{""level_attempt_id"": ""8576e887-1023-4654-9305-9ec1a6046870"", ""level"": 68, ""device"": ""desktop"", ""completed"": true, ""passed"": true, ""session_duration_seconds"": 250, ""sample_id"": ""dev_1""}"
12ac8322-31a3-4ca3-99b7-4c037e534253,e4b46cf7-40c8-4528-9e08-8486b1d38ceb,2026-06-22 01:43:14.282172,play_attempt,"{""level_attempt_id"": ""e560bd33-9348-4d62-9235-2f8177666d1c"", ""level"": 69, ""device"": ""phone"", ""completed"": true, ""passed"": true, ""session_duration_seconds"": 342, ""sample_id"": ""dev_1""}"
638c60ef-88e9-45d6-9361-498508d05a19,e4b46cf7-40c8-4528-9e08-8486b1d38ceb,2026-06-23 01:48:56.911954,play_attempt,"{""level_attempt_id"": ""2cb19891-895a-4c81-a16e-c908fe3f0ef7"", ""level"": 70, ""device"": ""phone"", ""completed"": false, ""passed"": false, ""session_duration_seconds"": 340, ""sample_id"": ""dev_1""}"
3dac1d94-42ac-4fd3-bb88-00644b409fab,e4b46cf7-40c8-4528-9e08-8486b1d38ceb,2026-06-23 01:54:37.725231,play_attempt,"{""level_attempt_id"": ""d9f875c9-e851-4334-af63-1001d946a80c"", ""level"": 70, ""device"": ""phone"", ""completed"": true, ""passed"": true, ""session_duration_seconds"": 254, ""sample_id"": ""dev_1""}"
28082a7f-8360-4874-94cb-dedcd0f8e5ad,e4b46cf7-40c8-4528-9e08-8486b1d38ceb,2026-06-23 01:58:51.814266,play_attempt,"{""level_attempt_id"": ""ce84a799-71cb-430c-add4-aedf38116875"", ""level"": 71, ""device"": ""desktop"", ""completed"": true, ""passed"": true, ""session_duration_seconds"": 575, ""sample_id"": ""dev_1""}"
764dca5b-a58c-43e2-bc1e-465db4ced0cd,e4b46cf7-40c8-4528-9e08-8486b1d38ceb,2026-06-24 02:08:26.855984,play_attempt,"{""level_attempt_id"": ""57bf352f-5d1a-4367-ab41-7de04c0e7147"", ""level"": 72, ""device"": ""desktop"", ""completed"": true, ""passed"": false, ""session_duration_seconds"": 314, ""sample_id"": ""dev_1""}"
7897832f-f471-49cb-9119-e7669b6050ac,e4b46cf7-40c8-4528-9e08-8486b1d38ceb,2026-06-24 02:13:40.918989,play_attempt,"{""level_attempt_id"": ""71d83364-95df-424f-89a2-6f3f803435dc"", ""level"": 72, ""device"": ""desktop"", ""completed"": true, ""passed"": true, ""session_duration_seconds"": 170, ""sample_id"": ""dev_1""}"
b349e9cf-afe3-4749-adf5-bbfc558f179d,e4b46cf7-40c8-4528-9e08-8486b1d38ceb,2026-06-25 02:16:31.752936,play_attempt,"{""level_attempt_id"": ""5083899e-b9ea-467d-86f1-ecfa4ca55fb1"", ""level"": 73, ""device"": ""desktop"", ""completed"": false, ""passed"": false, ""session_duration_seconds"": 213, ""sample_id"": ""dev_1""}"
36fccf24-4a88-4162-bd05-9805cace30c3,e4b46cf7-40c8-4528-9e08-8486b1d38ceb,2026-06-25 02:20:05.489606,play_attempt,"{""level_attempt_id"": ""e9d0b438-8a9c-405e-9c2b-60124fee022c"", ""level"": 73, ""device"": ""desktop"", ""completed"": true, ""passed"": false, ""session_duration_seconds"": 348, ""sample_id"": ""dev_1""}"
94af8ba4-02d8-4a3f-97da-710718e5eb76,e4b46cf7-40c8-4528-9e08-8486b1d38ceb,2026-06-25 02:25:54.061526,play_attempt,"{""level_attempt_id"": ""ff92b4fe-8516-439f-9380-551f08b58b3f"", ""level"": 73, ""device"": ""desktop"", ""completed"": true, ""passed"": true, ""session_duration_seconds"": 342, ""sample_id"": ""dev_1""}"
523080e0-b409-4d60-b239-57cd5550d58c,e4b46cf7-40c8-4528-9e08-8486b1d38ceb,2026-06-25 02:31:36.106289,play_attempt,"{""level_attempt_id"": ""c2dd1a81-3f9c-497c-8fb4-a9eb3279278c"", ""level"": 74, ""device"": ""desktop"", ""completed"": false, ""passed"": false, ""session_duration_seconds"": 17, ""sample_id"": ""dev_1""}"
c985ac6b-8453-4b4e-9960-0a3d360ec30f,e4b46cf7-40c8-4528-9e08-8486b1d38ceb,2026-06-25 02:31:54.020619,play_attempt,"{""level_attempt_id"": ""96f5145f-0a8e-40c4-8faa-d5da321bb392"", ""level"": 74, ""device"": ""phone"", ""completed"": true, ""passed"": false, ""session_duration_seconds"": 501, ""sample_id"": ""dev_1""}"
fda770a6-7bc8-4af1-95dc-f99e5be2a614,e4b46cf7-40c8-4528-9e08-8486b1d38ceb,2026-06-25 02:40:15.242486,play_attempt,"{""level_attempt_id"": ""d2a481e8-9c13-4de2-9c3d-04c79ccc64e6"", ""level"": 74, ""device"": ""phone"", ""completed"": true, ""passed"": true, ""session_duration_seconds"": 272, ""sample_id"": ""dev_1""}"
254513a4-f62e-4040-a149-27273dd65fa7,e4b46cf7-40c8-4528-9e08-8486b1d38ceb,2026-06-25 02:44:47.368298,play_attempt,"{""level_attempt_id"": ""c260a6d6-5527-4032-a054-816407ece458"", ""level"": 75, ""device"": ""phone"", ""completed"": false, ""passed"": false, ""session_duration_seconds"": 370, ""sample_id"": ""dev_1""}"
1c9a5549-2a2a-4c2d-9440-fc1c302a6f7e,e4b46cf7-40c8-4528-9e08-8486b1d38ceb,2026-06-25 02:50:58.306667,play_attempt,"{""level_attempt_id"": ""71b3f2a8-8aee-48ef-a592-14e190dd4a12"", ""level"": 75, ""device"": ""phone"", ""completed"": true, ""passed"": true, ""session_duration_seconds"": 419, ""sample_id"": ""dev_1""}"
c6c2e823-ee41-4efb-b2cd-6912a6a59fe2,e4b46cf7-40c8-4528-9e08-8486b1d38ceb,2026-06-30 02:57:58.087507,play_attempt,"{""level_attempt_id"": ""3e590006-7700-47d7-bf08-bb76611fff28"", ""level"": 76, ""device"": ""phone"", ""completed"": true, ""passed"": false, ""session_duration_seconds"": 437, ""sample_id"": ""dev_1""}"
5a09733d-6a16-40d4-8787-4068524e8bc3,e4b46cf7-40c8-4528-9e08-8486b1d38ceb,2026-06-30 03:05:16.034518,play_attempt,"{""level_attempt_id"": ""e1bbec29-c4bc-4b45-bdd7-69dbbbaee7bb"", ""level"": 76, ""device"": ""phone"", ""completed"": false, ""passed"": false, ""session_duration_seconds"": 258, ""sample_id"": ""dev_1""}"
3d283f1f-f093-4db3-98c2-7350c18f78fa,e4b46cf7-40c8-4528-9e08-8486b1d38ceb,2026-06-30 03:09:34.780057,play_attempt,"{""level_attempt_id"": ""2f08a713-f67d-46c4-ae5d-d3aa5eb535fe"", ""level"": 76, ""device"": ""phone"", ""completed"": true, ""passed"": false, ""session_duration_seconds"": 351, ""sample_id"": ""dev_1""}"
23e2a1c5-0492-4faf-b151-b3e901c6e8fd,e4b46cf7-40c8-4528-9e08-8486b1d38ceb,2026-06-30 03:15:26.05242,play_attempt,"{""level_attempt_id"": ""7f815e5b-afb5-4375-821c-df324f00bee6"", ""level"": 76, ""device"": ""phone"", ""completed"": true, ""passed"": false, ""session_duration_seconds"": 252, ""sample_id"": ""dev_1""}"
e980e32d-2391-4b7e-93d4-82320bd26ca2,e4b46cf7-40c8-4528-9e08-8486b1d38ceb,2026-06-30 03:19:38.707515,play_attempt,"{""level_attempt_id"": ""ddd17dd4-b60a-4df2-a6b0-c580ca1c3fcb"", ""level"": 76, ""device"": ""phone"", ""completed"": true, ""passed"": true, ""session_duration_seconds"": 310, ""sample_id"": ""dev_1""}"
d35572f9-9544-40d4-b018-b7e176bab6b8,e4b46cf7-40c8-4528-9e08-8486b1d38ceb,2026-06-30 03:24:48.77938,play_attempt,"{""level_attempt_id"": ""a01f53ba-aa0d-4814-bc52-ca1d3adf36e3"", ""level"": 77, ""device"": ""tablet"", ""completed"": false, ""passed"": false, ""session_duration_seconds"": 482, ""sample_id"": ""dev_1""}"
7f8e17e8-806a-4c95-a2e0-aad2a08f5718,e4b46cf7-40c8-4528-9e08-8486b1d38ceb,2026-06-30 03:32:51.284282,play_attempt,"{""level_attempt_id"": ""33dd3be9-ffe0-4188-b445-dd8d64aecf15"", ""level"": 77, ""device"": ""tablet"", ""completed"": true, ""passed"": false, ""session_duration_seconds"": 369, ""sample_id"": ""dev_1""}"
42743b7f-6275-4fb5-8e3a-d5b7d2d60f9c,e4b46cf7-40c8-4528-9e08-8486b1d38ceb,2026-06-30 03:39:00.865937,play_attempt,"{""level_attempt_id"": ""99e6909a-0c92-46fc-8a00-3f13181508ec"", ""level"": 77, ""device"": ""tablet"", ""completed"": true, ""passed"": true, ""session_duration_seconds"": 308, ""sample_id"": ""dev_1""}"
0c3188a2-1875-4c79-b7e5-11ae766c8da9,e4b46cf7-40c8-4528-9e08-8486b1d38ceb,2026-06-30 03:44:09.373676,play_attempt,"{""level_attempt_id"": ""29070bb8-5d89-4d79-bf64-1a79eabd5028"", ""level"": 78, ""device"": ""tablet"", ""completed"": true, ""passed"": true, ""session_duration_seconds"": 337, ""sample_id"": ""dev_1""}"
feddfe01-4744-4008-9ab5-b719ed533cb0,e4b46cf7-40c8-4528-9e08-8486b1d38ceb,2026-06-30 03:49:46.931163,play_attempt,"{""level_attempt_id"": ""56c8d6e8-3533-418a-90db-abf40db9f7b4"", ""level"": 79, ""device"": ""tablet"", ""completed"": true, ""passed"": true, ""session_duration_seconds"": 543, ""sample_id"": ""dev_1""}"
16ceef69-edaa-4a86-b2c5-c3400d7fc625,e4b46cf7-40c8-4528-9e08-8486b1d38ceb,2026-06-30 03:58:50.023343,play_attempt,"{""level_attempt_id"": ""e7d2f8d7-9f4a-40ee-9234-dd268b3d59e1"", ""level"": 80, ""device"": ""tablet"", ""completed"": true, ""passed"": false, ""session_duration_seconds"": 444, ""sample_id"": ""dev_1""}"
3688b3e7-d8b3-436d-88fe-b17452c448e9,e4b46cf7-40c8-4528-9e08-8486b1d38ceb,2026-06-30 04:06:14.238843,play_attempt,"{""level_attempt_id"": ""870f2a79-c570-4e09-8141-c216d85223a5"", ""level"": 80, ""device"": ""tablet"", ""completed"": true, ""passed"": true, ""session_duration_seconds"": 425, ""sample_id"": ""dev_1""}"
4434c39c-3695-446e-bb92-868cb537ed84,e4b46cf7-40c8-4528-9e08-8486b1d38ceb,2026-06-30 04:13:20.207745,play_attempt,"{""level_attempt_id"": ""8212dba5-c30f-4f6f-a0dc-9cc9261f6261"", ""level"": 81, ""device"": ""tablet"", ""completed"": true, ""passed"": false, ""session_duration_seconds"": 303, ""sample_id"": ""dev_1""}"
510472ac-e4ba-4707-a426-a48874e7de69,e4b46cf7-40c8-4528-9e08-8486b1d38ceb,2026-06-30 04:18:24.192833,play_attempt,"{""level_attempt_id"": ""887409d6-9f32-423c-9362-4e02473a0b99"", ""level"": 81, ""device"": ""tablet"", ""completed"": true, ""passed"": false, ""session_duration_seconds"": 157, ""sample_id"": ""dev_1""}"
ef6ce379-da10-499f-bd84-4b526d775afe,e4b46cf7-40c8-4528-9e08-8486b1d38ceb,2026-06-30 04:21:02.13392,play_attempt,"{""level_attempt_id"": ""4617d406-6fbb-4676-81b5-e3dfde7cc308"", ""level"": 81, ""device"": ""tablet"", ""completed"": false, ""passed"": false, ""session_duration_seconds"": 176, ""sample_id"": ""dev_1""}"
35be53cb-520a-4006-8761-5409cfe6134e,e4b46cf7-40c8-4528-9e08-8486b1d38ceb,2026-06-30 04:23:58.303313,play_attempt,"{""level_attempt_id"": ""c65ea987-0d88-4936-aaa1-d0b277b77a3e"", ""level"": 81, ""device"": ""tablet"", ""completed"": true, ""passed"": true, ""session_duration_seconds"": 165, ""sample_id"": ""dev_1""}"
c6143ee2-a133-4ead-b74e-d05ad0d65050,e4b46cf7-40c8-4528-9e08-8486b1d38ceb,2026-07-24 04:26:43.551704,play_attempt,"{""level_attempt_id"": ""6fc5f8bb-40f3-4b9a-b5c5-1326005c9c8e"", ""level"": 82, ""device"": ""tablet"", ""completed"": false, ""passed"": false, ""session_duration_seconds"": 26, ""sample_id"": ""dev_1""}"
5392982b-8866-4ea9-a61b-a8dff9d370d6,e4b46cf7-40c8-4528-9e08-8486b1d38ceb,2026-07-24 04:27:09.602418,play_attempt,"{""level_attempt_id"": ""f27bd8a3-c5a5-4c46-9395-6036b58a1411"", ""level"": 82, ""device"": ""tablet"", ""completed"": true, ""passed"": false, ""session_duration_seconds"": 256, ""sample_id"": ""dev_1""}"
5e674ac6-326b-45a0-bc5e-f089d1871f31,e4b46cf7-40c8-4528-9e08-8486b1d38ceb,2026-07-24 04:31:25.822514,play_attempt,"{""level_attempt_id"": ""67d8152a-f1b2-40e2-b34d-d58b07bd7ac9"", ""level"": 82, ""device"": ""tablet"", ""completed"": false, ""passed"": false, ""session_duration_seconds"": 159, ""sample_id"": ""dev_1""}"
b688e816-c15a-4136-b682-ad5294fd56ab,e4b46cf7-40c8-4528-9e08-8486b1d38ceb,2026-07-24 04:34:05.695441,play_attempt,"{""level_attempt_id"": ""e908a419-abb8-42d7-8730-91b0ad0922b8"", ""level"": 82, ""device"": ""tablet"", ""completed"": true, ""passed"": true, ""session_duration_seconds"": 170, ""sample_id"": ""dev_1""}"
032ef668-fc89-4da5-8491-04ff855ea078,e4b46cf7-40c8-4528-9e08-8486b1d38ceb,2026-07-25 04:36:56.347079,play_attempt,"{""level_attempt_id"": ""7b34971a-a3ad-4051-8e72-ee83b3f59011"", ""level"": 83, ""device"": ""tablet"", ""completed"": true, ""passed"": true, ""session_duration_seconds"": 425, ""sample_id"": ""dev_1""}"
98014c70-c23a-4e27-9e40-5472e195ed53,e4b46cf7-40c8-4528-9e08-8486b1d38ceb,2026-07-26 04:44:02.104759,play_attempt,"{""level_attempt_id"": ""d1218a1c-d92f-498a-b0f4-432ed37027e3"", ""level"": 84, ""device"": ""tablet"", ""completed"": true, ""passed"": false, ""session_duration_seconds"": 468, ""sample_id"": ""dev_1""}"
f437823f-6da6-436d-a9d3-562df41aa01a,e4b46cf7-40c8-4528-9e08-8486b1d38ceb,2026-07-26 04:51:50.369754,play_attempt,"{""level_attempt_id"": ""a0e0e27c-938d-4019-ac15-54fd2abbe6b5"", ""level"": 84, ""device"": ""phone"", ""completed"": true, ""passed"": true, ""session_duration_seconds"": 180, ""sample_id"": ""dev_1""}"
6c6775e9-f9e9-4c57-9c08-343171018683,e4b46cf7-40c8-4528-9e08-8486b1d38ceb,2026-07-31 04:54:50.828917,play_attempt,"{""level_attempt_id"": ""4fc45206-ab79-4dd5-b7bb-abbfaac873d7"", ""level"": 85, ""device"": ""phone"", ""completed"": true, ""passed"": false, ""session_duration_seconds"": 254, ""sample_id"": ""dev_1""}"
702aeefa-b7e9-4cd5-94a1-2a17c012ee46,e4b46cf7-40c8-4528-9e08-8486b1d38ceb,2026-07-31 04:59:05.086409,play_attempt,"{""level_attempt_id"": ""45155857-8d01-4a81-a125-5ec97f34e340"", ""level"": 85, ""device"": ""phone"", ""completed"": true, ""passed"": false, ""session_duration_seconds"": 186, ""sample_id"": ""dev_1""}"
399c848c-7a5b-4d19-9d14-9e4736ede2d2,e4b46cf7-40c8-4528-9e08-8486b1d38ceb,2026-07-31 05:02:11.853453,play_attempt,"{""level_attempt_id"": ""26257320-9d7f-49f5-bc99-16f8c6bde449"", ""level"": 85, ""device"": ""phone"", ""completed"": true, ""passed"": false, ""session_duration_seconds"": 261, ""sample_id"": ""dev_1""}"
ae848b72-459f-4fc8-b28c-545659ecb5e8,e4b46cf7-40c8-4528-9e08-8486b1d38ceb,2026-07-31 05:06:33.240142,play_attempt,"{""level_attempt_id"": ""cbf29775-08e0-449b-8d59-aad804b0b4f8"", ""level"": 85, ""device"": ""phone"", ""completed"": true, ""passed"": true, ""session_duration_seconds"": 311, ""sample_id"": ""dev_1""}"
c9974d99-886a-4430-8e84-946f491301aa,e4b46cf7-40c8-4528-9e08-8486b1d38ceb,2026-07-31 05:11:44.696495,play_attempt,"{""level_attempt_id"": ""ae74e684-9248-41fd-8105-f5d8ea236e23"", ""level"": 86, ""device"": ""phone"", ""completed"": true, ""passed"": false, ""session_duration_seconds"": 422, ""sample_id"": ""dev_1""}"
5c79963d-3f3b-42ca-b0d1-d8974804325e,e4b46cf7-40c8-4528-9e08-8486b1d38ceb,2026-07-31 05:18:46.755964,play_attempt,"{""level_attempt_id"": ""3780a216-c5a2-4d7f-b42a-fde4160e7857"", ""level"": 86, ""device"": ""phone"", ""completed"": true, ""passed"": false, ""session_duration_seconds"": 164, ""sample_id"": ""dev_1""}"
46f1e107-dbcc-4bff-a30b-61efb009b896,e4b46cf7-40c8-4528-9e08-8486b1d38ceb,2026-07-31 05:21:30.926049,play_attempt,"{""level_attempt_id"": ""8993e481-4149-45dc-b9c9-ad4a038e14a6"", ""level"": 86, ""device"": ""tablet"", ""completed"": true, ""passed"": false, ""session_duration_seconds"": 357, ""sample_id"": ""dev_1""}"
4d901c56-33d1-484f-841d-ef73f895dec4,e4b46cf7-40c8-4528-9e08-8486b1d38ceb,2026-07-31 05:27:28.069055,play_attempt,"{""level_attempt_id"": ""45dbca0c-f1be-4be9-a2bc-aec2616dbed1"", ""level"": 86, ""device"": ""desktop"", ""completed"": true, ""passed"": false, ""session_duration_seconds"": 380, ""sample_id"": ""dev_1""}"
5e529435-cc83-4eef-bda4-1af6354268e5,e4b46cf7-40c8-4528-9e08-8486b1d38ceb,2026-07-31 05:33:48.935187,play_attempt,"{""level_attempt_id"": ""d7d383c0-b8b2-49b8-a614-85d281ddc6e6"", ""level"": 86, ""device"": ""desktop"", ""completed"": false, ""passed"": false, ""session_duration_seconds"": 592, ""sample_id"": ""dev_1""}"
96e2aa4c-db5c-437c-a3fd-8ac05df1c97a,e4b46cf7-40c8-4528-9e08-8486b1d38ceb,2026-07-31 05:43:41.461522,play_attempt,"{""level_attempt_id"": ""9c64c894-1f87-4f39-8f03-75dd2ee1cb53"", ""level"": 86, ""device"": ""phone"", ""completed"": true, ""passed"": true, ""session_duration_seconds"": 285, ""sample_id"": ""dev_1""}"
d5a68b66-8c19-4705-985f-6b856217523c,e4b46cf7-40c8-4528-9e08-8486b1d38ceb,2026-07-31 05:48:26.851437,play_attempt,"{""level_attempt_id"": ""70f7c7f1-7b91-4eb1-9bf1-124d03d7383f"", ""level"": 87, ""device"": ""desktop"", ""completed"": true, ""passed"": true, ""session_duration_seconds"": 270, ""sample_id"": ""dev_1""}"
05993165-d9be-4c8a-ad50-d38ac3dc6033,e4b46cf7-40c8-4528-9e08-8486b1d38ceb,2026-07-31 05:52:57.713678,play_attempt,"{""level_attempt_id"": ""f892e32a-e0ff-43e2-bf93-6914e401fa4c"", ""level"": 88, ""device"": ""desktop"", ""completed"": false, ""passed"": false, ""session_duration_seconds"": 161, ""sample_id"": ""dev_1""}"
a1523443-c9ea-4473-9e32-502a66ea2fb8,e4b46cf7-40c8-4528-9e08-8486b1d38ceb,2026-07-31 05:55:39.117464,play_attempt,"{""level_attempt_id"": ""3cd3eb35-9cde-422a-8eab-172a67957591"", ""level"": 88, ""device"": ""tablet"", ""completed"": true, ""passed"": false, ""session_duration_seconds"": 367, ""sample_id"": ""dev_1""}"
16840fd7-f2e6-4457-829a-347ffcefeb28,e4b46cf7-40c8-4528-9e08-8486b1d38ceb,2026-07-31 06:01:46.182874,play_attempt,"{""level_attempt_id"": ""46891e46-4ab8-4106-8295-d79bff96448f"", ""level"": 88, ""device"": ""tablet"", ""completed"": true, ""passed"": false, ""session_duration_seconds"": 238, ""sample_id"": ""dev_1""}"
78ed9ca2-1d80-4d00-982a-744132cbfac3,e4b46cf7-40c8-4528-9e08-8486b1d38ceb,2026-07-31 06:05:44.243976,play_attempt,"{""level_attempt_id"": ""7529bacc-c97f-46af-858c-34669308dfed"", ""level"": 88, ""device"": ""tablet"", ""completed"": false, ""passed"": false, ""session_duration_seconds"": 559, ""sample_id"": ""dev_1""}"
7afd566e-ce9d-43bd-b82c-3a3577efc4ec,e4b46cf7-40c8-4528-9e08-8486b1d38ceb,2026-07-31 06:15:03.517207,play_attempt,"{""level_attempt_id"": ""f7df7d49-6138-4ed5-ba75-92b4bc46c7c3"", ""level"": 88, ""device"": ""tablet"", ""completed"": false, ""passed"": false, ""session_duration_seconds"": 244, ""sample_id"": ""dev_1""}"
38cb50d7-fc35-4446-92ef-ce86c301d7b8,e4b46cf7-40c8-4528-9e08-8486b1d38ceb,2026-07-31 06:19:08.169613,play_attempt,"{""level_attempt_id"": ""7ce91617-17ce-4206-a994-9ff85c755785"", ""level"": 88, ""device"": ""phone"", ""completed"": true, ""passed"": true, ""session_duration_seconds"": 492, ""sample_id"": ""dev_1""}"
0b98b0fd-c8ee-4269-a350-d1d44ee18991,e4b46cf7-40c8-4528-9e08-8486b1d38ceb,2026-07-31 06:27:20.483083,play_attempt,"{""level_attempt_id"": ""f90c6a3a-c65f-43b0-b3f4-3a829c16c1f5"", ""level"": 89, ""device"": ""phone"", ""completed"": true, ""passed"": true, ""session_duration_seconds"": 386, ""sample_id"": ""dev_1""}"
a668498e-91e2-4a21-bc3d-5b163f8207c8,e4b46cf7-40c8-4528-9e08-8486b1d38ceb,2026-07-31 06:33:46.73269,play_attempt,"{""level_attempt_id"": ""71712fa0-b252-4460-b2f1-7532beec6682"", ""level"": 90, ""device"": ""phone"", ""completed"": true, ""passed"": true, ""session_duration_seconds"": 439, ""sample_id"": ""dev_1""}"
bdeb7e2a-be07-41a0-8780-9bb0ba4ad2ec,e4b46cf7-40c8-4528-9e08-8486b1d38ceb,2026-07-31 06:41:06.305044,play_attempt,"{""level_attempt_id"": ""766428e6-2b14-4652-87fd-5b9961eacf21"", ""level"": 91, ""device"": ""tablet"", ""completed"": true, ""passed"": true, ""session_duration_seconds"": 312, ""sample_id"": ""dev_1""}"
89c0b762-fd55-4922-825d-3a9d51e1d35b,e4b46cf7-40c8-4528-9e08-8486b1d38ceb,2026-07-31 06:46:18.77575,play_attempt,"{""level_attempt_id"": ""b4c7259c-6a66-45ac-b8d4-2553607f9f4d"", ""level"": 92, ""device"": ""tablet"", ""completed"": true, ""passed"": false, ""session_duration_seconds"": 220, ""sample_id"": ""dev_1""}"
f041e78c-ed96-4432-8930-a8457c0848c7,e4b46cf7-40c8-4528-9e08-8486b1d38ceb,2026-07-31 06:49:59.422113,play_attempt,"{""level_attempt_id"": ""e4a93692-faa8-486d-9dea-adea84dccab8"", ""level"": 92, ""device"": ""tablet"", ""completed"": true, ""passed"": false, ""session_duration_seconds"": 321, ""sample_id"": ""dev_1""}"
05d489ef-e5bb-41d2-aaf6-d34a63088394,e4b46cf7-40c8-4528-9e08-8486b1d38ceb,2026-07-31 06:55:20.533891,play_attempt,"{""level_attempt_id"": ""60ca2656-70ff-4ad8-973e-7512cab0fc77"", ""level"": 92, ""device"": ""tablet"", ""completed"": true, ""passed"": true, ""session_duration_seconds"": 214, ""sample_id"": ""dev_1""}"
3b8c54ba-a2fc-4313-91c5-ecc46d6fa1cd,e4b46cf7-40c8-4528-9e08-8486b1d38ceb,2026-07-31 06:58:55.322788,play_attempt,"{""level_attempt_id"": ""81326fdd-2fbc-4ac2-b4d5-474729f96c14"", ""level"": 93, ""device"": ""tablet"", ""completed"": true, ""passed"": false, ""session_duration_seconds"": 426, ""sample_id"": ""dev_1""}"
bbbb9360-19a8-4e2d-a42b-fab899049e3e,e4b46cf7-40c8-4528-9e08-8486b1d38ceb,2026-07-31 07:06:02.011529,play_attempt,"{""level_attempt_id"": ""681f865a-61c7-461b-a148-a62fe6d420cf"", ""level"": 93, ""device"": ""tablet"", ""completed"": true, ""passed"": true, ""session_duration_seconds"": 344, ""sample_id"": ""dev_1""}"
a424e934-e994-4a5d-958a-59f556a6b900,e4b46cf7-40c8-4528-9e08-8486b1d38ceb,2026-07-31 07:11:46.71556,play_attempt,"{""level_attempt_id"": ""2ed74567-8d89-4ec1-ae04-412d51fb5d30"", ""level"": 94, ""device"": ""tablet"", ""completed"": true, ""passed"": true, ""session_duration_seconds"": 273, ""sample_id"": ""dev_1""}"
2b98b1b6-cd44-43ce-b41b-885e9c5fc863,e4b46cf7-40c8-4528-9e08-8486b1d38ceb,2026-07-31 07:16:19.871726,play_attempt,"{""level_attempt_id"": ""f9334ada-4759-4d88-aac0-12175829517f"", ""level"": 95, ""device"": ""tablet"", ""completed"": false, ""passed"": false, ""session_duration_seconds"": 58, ""sample_id"": ""dev_1""}"
097ff82e-278d-4cbc-9b04-3c7e4e945126,e4b46cf7-40c8-4528-9e08-8486b1d38ceb,2026-07-31 07:17:18.190484,play_attempt,"{""level_attempt_id"": ""2cdd7dcf-9181-4d9a-beee-16ebdf355337"", ""level"": 95, ""device"": ""tablet"", ""completed"": false, ""passed"": false, ""session_duration_seconds"": 26, ""sample_id"": ""dev_1""}"
fb493566-3898-4003-9709-b1103b38ba31,e4b46cf7-40c8-4528-9e08-8486b1d38ceb,2026-07-31 07:17:44.946972,play_attempt,"{""level_attempt_id"": ""54ce53a7-1b14-4aa4-bf05-d982e419fe58"", ""level"": 95, ""device"": ""desktop"", ""completed"": true, ""passed"": false, ""session_duration_seconds"": 363, ""sample_id"": ""dev_1""}"
fc105a27-ee3c-4a97-80f0-279878a49937,e4b46cf7-40c8-4528-9e08-8486b1d38ceb,2026-07-31 07:23:48.695568,play_attempt,"{""level_attempt_id"": ""ece7374b-0168-4f40-a22d-6a414819ec27"", ""level"": 95, ""device"": ""desktop"", ""completed"": true, ""passed"": false, ""session_duration_seconds"": 397, ""sample_id"": ""dev_1""}"
adbf31b4-a1ef-40d3-8778-a249f5659801,e4b46cf7-40c8-4528-9e08-8486b1d38ceb,2026-07-31 07:30:26.105116,play_attempt,"{""level_attempt_id"": ""a4d24371-b47f-4908-9edb-46594ada9c0f"", ""level"": 95, ""device"": ""desktop"", ""completed"": true, ""passed"": false, ""session_duration_seconds"": 446, ""sample_id"": ""dev_1""}"
cb782577-b1f0-483f-9db5-2380092b9f90,e4b46cf7-40c8-4528-9e08-8486b1d38ceb,2026-07-31 07:37:53.0383,play_attempt,"{""level_attempt_id"": ""718f60f6-5c33-4041-8b8b-faa102f62157"", ""level"": 95, ""device"": ""desktop"", ""completed"": true, ""passed"": false, ""session_duration_seconds"": 127, ""sample_id"": ""dev_1""}"
37018e3d-b5e0-4a4e-bc6e-102490e43216,e4b46cf7-40c8-4528-9e08-8486b1d38ceb,2026-07-31 07:40:00.426778,play_attempt,"{""level_attempt_id"": ""7b7681a1-763f-4fcd-9e80-04120de87669"", ""level"": 95, ""device"": ""desktop"", ""completed"": true, ""passed"": true, ""session_duration_seconds"": 278, ""sample_id"": ""dev_1""}"
923261f3-e627-455c-be73-a25a670b120b,e4b46cf7-40c8-4528-9e08-8486b1d38ceb,2026-08-02 07:44:39.266318,play_attempt,"{""level_attempt_id"": ""1b8288fe-2ef4-48bd-8c72-4e6f10810caf"", ""level"": 96, ""device"": ""desktop"", ""completed"": false, ""passed"": false, ""session_duration_seconds"": 404, ""sample_id"": ""dev_1""}"
27e78645-970e-4cb6-9d30-e8e1200ee901,e4b46cf7-40c8-4528-9e08-8486b1d38ceb,2026-08-02 07:51:24.228134,play_attempt,"{""level_attempt_id"": ""71f1cd90-fad6-45e6-a8ca-2a3e9dd1d821"", ""level"": 96, ""device"": ""desktop"", ""completed"": true, ""passed"": true, ""session_duration_seconds"": 196, ""sample_id"": ""dev_1""}"
4cd73e33-3d2a-400b-9fa1-d3b24cb0589a,e4b46cf7-40c8-4528-9e08-8486b1d38ceb,2026-08-03 07:54:40.8281,play_attempt,"{""level_attempt_id"": ""a0de5d19-9c1c-4b1e-ba88-8b17d5382820"", ""level"": 97, ""device"": ""desktop"", ""completed"": true, ""passed"": false, ""session_duration_seconds"": 576, ""sample_id"": ""dev_1""}"
f48545ea-53f7-46f0-8021-1bfaaa92b39a,e4b46cf7-40c8-4528-9e08-8486b1d38ceb,2026-08-03 08:04:16.886986,play_attempt,"{""level_attempt_id"": ""b29084df-f3c0-4998-aec2-4028e40b2868"", ""level"": 97, ""device"": ""desktop"", ""completed"": true, ""passed"": false, ""session_duration_seconds"": 399, ""sample_id"": ""dev_1""}"
38e5ab41-f7de-4908-b545-4d48e2572b00,e4b46cf7-40c8-4528-9e08-8486b1d38ceb,2026-08-03 08:10:56.299071,play_attempt,"{""level_attempt_id"": ""a0998cdd-0710-40b6-8cc0-25e78b4b1a7b"", ""level"": 97, ""device"": ""desktop"", ""completed"": true, ""passed"": true, ""session_duration_seconds"": 451, ""sample_id"": ""dev_1""}"
266133b9-b160-4c50-8a87-31037016d5d8,e4b46cf7-40c8-4528-9e08-8486b1d38ceb,2026-08-06 08:18:27.623329,play_attempt,"{""level_attempt_id"": ""046f798b-2882-4316-baef-2bc296953c41"", ""level"": 98, ""device"": ""desktop"", ""completed"": true, ""passed"": true, ""session_duration_seconds"": 454, ""sample_id"": ""dev_1""}"
68d509de-f93a-47c6-b96d-699bc9ba5395,e4b46cf7-40c8-4528-9e08-8486b1d38ceb,2026-08-07 08:26:01.658148,play_attempt,"{""level_attempt_id"": ""901a4245-007c-4ad5-a528-71ea78c26ab4"", ""level"": 99, ""device"": ""desktop"", ""completed"": true, ""passed"": true, ""session_duration_seconds"": 242, ""sample_id"": ""dev_1""}"
4261e3b3-0f69-465a-a7b4-e6ae5d188c59,e4b46cf7-40c8-4528-9e08-8486b1d38ceb,2026-08-07 08:30:04.319608,play_attempt,"{""level_attempt_id"": ""17cb033e-c72e-4726-9d91-258c912a653a"", ""level"": 100, ""device"": ""desktop"", ""completed"": true, ""passed"": true, ""session_duration_seconds"": 464, ""sample_id"": ""dev_1""}"
caa15af8-bfe8-4919-b072-b4a4eef7b1b4,f6779161-bd97-4375-abc5-ec30b05de76f,2026-01-01 00:00:00,user_created,"{""location"": ""NE"", ""age"": 13, ""gender"": ""male"", ""sample_id"": ""dev_1""}"
91ac1e96-f43c-4d57-b7cd-b2efcd6087c3,f6779161-bd97-4375-abc5-ec30b05de76f,2026-01-01 19:27:06,play_attempt,"{""level_attempt_id"": ""d80245b2-99b7-4cb7-8494-34e4c5396576"", ""level"": 1, ""device"": ""phone"", ""completed"": true, ""passed"": true, ""session_duration_seconds"": 125, ""sample_id"": ""dev_1""}"
51ed9a30-41f7-4918-bf70-8f557f039496,f6779161-bd97-4375-abc5-ec30b05de76f,2026-01-01 19:29:11.857107,play_attempt,"{""level_attempt_id"": ""39744a86-1a64-4fe7-8466-3e5abd218a97"", ""level"": 2, ""device"": ""phone"", ""completed"": true, ""passed"": false, ""session_duration_seconds"": 147, ""sample_id"": ""dev_1""}"
e72e7a2a-0f34-4fbe-875d-9880e75d2aff,f6779161-bd97-4375-abc5-ec30b05de76f,2026-01-01 19:31:39.272809,play_attempt,"{""level_attempt_id"": ""577f82d1-7fc1-42b1-8f59-c03d4a81970c"", ""level"": 2, ""device"": ""phone"", ""completed"": true, ""passed"": true, ""session_duration_seconds"": 205, ""sample_id"": ""dev_1""}"
76ec4ea6-a55b-49be-95db-d9454db33f40,f6779161-bd97-4375-abc5-ec30b05de76f,2026-01-01 19:35:04.924444,play_attempt,"{""level_attempt_id"": ""934a498b-a0ff-4347-81eb-9051a9beba66"", ""level"": 3, ""device"": ""phone"", ""completed"": false, ""passed"": false, ""session_duration_seconds"": 143, ""sample_id"": ""dev_1""}"
872d0723-0635-47b9-b4d8-44fb5001856d,f6779161-bd97-4375-abc5-ec30b05de76f,2026-01-01 19:37:28.537091,play_attempt,"{""level_attempt_id"": ""90d8b77f-20b9-482c-ba0f-d972a2b473fe"", ""level"": 3, ""device"": ""desktop"", ""completed"": false, ""passed"": false, ""session_duration_seconds"": 562, ""sample_id"": ""dev_1""}"
bc6a53f3-32cd-49b0-aa65-05fe9f801b5a,f6779161-bd97-4375-abc5-ec30b05de76f,2026-01-01 19:46:50.9607,play_attempt,"{""level_attempt_id"": ""2f2d257d-5e8d-4620-924b-8201ffe742df"", ""level"": 3, ""device"": ""desktop"", ""completed"": true, ""passed"": true, ""session_duration_seconds"": 206, ""sample_id"": ""dev_1""}"
1a88a783-bbd2-49c1-b36b-06c28711f81b,f6779161-bd97-4375-abc5-ec30b05de76f,2026-01-01 19:50:17.236947,play_attempt,"{""level_attempt_id"": ""d5848f06-4412-4bb9-90eb-5adea3da1238"", ""level"": 4, ""device"": ""desktop"", ""completed"": true, ""passed"": true, ""session_duration_seconds"": 355, ""sample_id"": ""dev_1""}"
8d84029c-eb88-4254-98b7-fe83391c1830,f6779161-bd97-4375-abc5-ec30b05de76f,2026-01-01 19:56:12.807332,play_attempt,"{""level_attempt_id"": ""8db00ba8-64a4-4198-ac0a-3e593a22c49c"", ""level"": 5, ""device"": ""desktop"", ""completed"": true, ""passed"": true, ""session_duration_seconds"": 232, ""sample_id"": ""dev_1""}"
e64574cb-0687-4699-ba0e-83c03fbecc07,f6779161-bd97-4375-abc5-ec30b05de76f,2026-01-02 20:00:05.262799,play_attempt,"{""level_attempt_id"": ""c7583db4-6213-4be1-8e98-9228cd352ebf"", ""level"": 6, ""device"": ""desktop"", ""completed"": true, ""passed"": true, ""session_duration_seconds"": 351, ""sample_id"": ""dev_1""}"
d17f4875-8110-4393-906a-ac4022eecd63,f6779161-bd97-4375-abc5-ec30b05de76f,2026-01-02 20:05:56.357266,play_attempt,"{""level_attempt_id"": ""22a866c4-32ce-4945-8dc6-94f1a4944a70"", ""level"": 7, ""device"": ""desktop"", ""completed"": true, ""passed"": true, ""session_duration_seconds"": 395, ""sample_id"": ""dev_1""}"
a4e87588-5205-4cdb-a5ef-be8c167005da,f6779161-bd97-4375-abc5-ec30b05de76f,2026-01-02 20:12:31.815574,play_attempt,"{""level_attempt_id"": ""f1c8be06-459d-4813-a653-506a63378fae"", ""level"": 8, ""device"": ""desktop"", ""completed"": false, ""passed"": false, ""session_duration_seconds"": 591, ""sample_id"": ""dev_1""}"
aa065751-3ef9-4c51-b4dc-c4584a3011ca,f6779161-bd97-4375-abc5-ec30b05de76f,2026-01-02 20:22:23.415432,play_attempt,"{""level_attempt_id"": ""4e4ab30d-315f-4fcf-a20b-7e44e147b938"", ""level"": 8, ""device"": ""desktop"", ""completed"": true, ""passed"": true, ""session_duration_seconds"": 383, ""sample_id"": ""dev_1""}"
e8caf778-d8f7-40ec-8ab3-482918b012de,f6779161-bd97-4375-abc5-ec30b05de76f,2026-01-03 20:28:47.06074,play_attempt,"{""level_attempt_id"": ""5031e00f-f2ff-40a0-9eb1-51478c30732b"", ""level"": 9, ""device"": ""desktop"", ""completed"": true, ""passed"": true, ""session_duration_seconds"": 254, ""sample_id"": ""dev_1""}"
148f34c2-340d-4226-a59a-1f3da7801633,f6779161-bd97-4375-abc5-ec30b05de76f,2026-01-03 20:33:01.684833,play_attempt,"{""level_attempt_id"": ""1ecba4d3-0d0b-43b7-a8da-ec517f16c271"", ""level"": 10, ""device"": ""desktop"", ""completed"": false, ""passed"": false, ""session_duration_seconds"": 491, ""sample_id"": ""dev_1""}"
23cad2c9-479d-4d30-9311-109c51d3b53c,f6779161-bd97-4375-abc5-ec30b05de76f,2026-01-03 20:41:13.536363,play_attempt,"{""level_attempt_id"": ""3a280f07-a655-421c-a3e9-e6c999ad9903"", ""level"": 10, ""device"": ""desktop"", ""completed"": true, ""passed"": true, ""session_duration_seconds"": 347, ""sample_id"": ""dev_1""}"
c2bb9500-b568-42e1-871f-eb35549c216b,f6779161-bd97-4375-abc5-ec30b05de76f,2026-01-09 20:47:01.394398,play_attempt,"{""level_attempt_id"": ""e489cf53-d7fe-4582-b7d1-2a16f3da0407"", ""level"": 11, ""device"": ""tablet"", ""completed"": true, ""passed"": true, ""session_duration_seconds"": 573, ""sample_id"": ""dev_1""}"
72e21eb1-cd9b-4f71-a743-23b5f2a5a320,f6779161-bd97-4375-abc5-ec30b05de76f,2026-01-09 20:56:34.45361,play_attempt,"{""level_attempt_id"": ""8415fbc9-ce75-40b8-8e40-18ca074a3712"", ""level"": 12, ""device"": ""tablet"", ""completed"": true, ""passed"": true, ""session_duration_seconds"": 404, ""sample_id"": ""dev_1""}"
f6ad6742-e17c-4176-b852-a798fb363e1f,f6779161-bd97-4375-abc5-ec30b05de76f,2026-01-13 21:03:19.177828,play_attempt,"{""level_attempt_id"": ""1688851f-901e-4b95-aaf8-35c11d23ce96"", ""level"": 13, ""device"": ""tablet"", ""completed"": true, ""passed"": true, ""session_duration_seconds"": 436, ""sample_id"": ""dev_1""}"
2e455bf7-468b-4924-95e2-1d917749977b,f6779161-bd97-4375-abc5-ec30b05de76f,2026-01-14 21:10:35.915855,play_attempt,"{""level_attempt_id"": ""6535b03f-a2a5-434e-b2f8-0bb25f768c9d"", ""level"": 14, ""device"": ""tablet"", ""completed"": true, ""passed"": false, ""session_duration_seconds"": 190, ""sample_id"": ""dev_1""}"
a00687a4-c0ff-4b48-857e-613de88e942d,f6779161-bd97-4375-abc5-ec30b05de76f,2026-01-14 21:13:46.027424,play_attempt,"{""level_attempt_id"": ""b8ecf206-e7bc-4665-92b1-6e8de15a169a"", ""level"": 14, ""device"": ""tablet"", ""completed"": true, ""passed"": true, ""session_duration_seconds"": 195, ""sample_id"": ""dev_1""}"
96fa23ab-375c-4815-8490-d0ae67254b33,f6779161-bd97-4375-abc5-ec30b05de76f,2026-01-14 21:17:01.157668,play_attempt,"{""level_attempt_id"": ""608924ba-00fc-4fe8-a839-c196a685c13c"", ""level"": 15, ""device"": ""tablet"", ""completed"": false, ""passed"": false, ""session_duration_seconds"": 237, ""sample_id"": ""dev_1""}"
a3156e68-9ed0-4638-850c-cfaa922d0743,f6779161-bd97-4375-abc5-ec30b05de76f,2026-01-14 21:20:58.574147,play_attempt,"{""level_attempt_id"": ""344fa478-8a05-4443-94e4-60d10234a1ec"", ""level"": 15, ""device"": ""desktop"", ""completed"": false, ""passed"": false, ""session_duration_seconds"": 123, ""sample_id"": ""dev_1""}"
6fc7510a-0e80-456f-9301-09bff5a9d9ae,f6779161-bd97-4375-abc5-ec30b05de76f,2026-01-14 21:23:02.363772,play_attempt,"{""level_attempt_id"": ""45c604af-9f37-4839-a3c3-ab136d5333e5"", ""level"": 15, ""device"": ""desktop"", ""completed"": true, ""passed"": true, ""session_duration_seconds"": 366, ""sample_id"": ""dev_1""}"
9fd8de16-8b71-4e53-9e54-38e9497a7a35,f6779161-bd97-4375-abc5-ec30b05de76f,2026-01-14 21:29:08.549674,play_attempt,"{""level_attempt_id"": ""0e31050a-6ee5-47e3-b2b2-88cf8a8debf9"", ""level"": 16, ""device"": ""desktop"", ""completed"": true, ""passed"": true, ""session_duration_seconds"": 319, ""sample_id"": ""dev_1""}"
5118f077-3c1c-4c3c-847f-c64a975aaa04,f6779161-bd97-4375-abc5-ec30b05de76f,2026-01-14 21:34:28.272491,play_attempt,"{""level_attempt_id"": ""c9928de0-c3f6-4ed7-8fc6-c72b886320ae"", ""level"": 17, ""device"": ""tablet"", ""completed"": true, ""passed"": true, ""session_duration_seconds"": 267, ""sample_id"": ""dev_1""}"
f7af683d-b6e8-4e4e-b893-28b1150f1c1f,f6779161-bd97-4375-abc5-ec30b05de76f,2026-01-14 21:38:55.650674,play_attempt,"{""level_attempt_id"": ""5e46b636-5941-42fe-8103-7ace789f7c97"", ""level"": 18, ""device"": ""desktop"", ""completed"": true, ""passed"": true, ""session_duration_seconds"": 537, ""sample_id"": ""dev_1""}"
30ab2418-1437-4bcc-bf9e-8ab9180f4c13,f6779161-bd97-4375-abc5-ec30b05de76f,2026-01-14 21:47:52.871424,play_attempt,"{""level_attempt_id"": ""032dead7-074a-4d88-bd41-05c539c51188"", ""level"": 19, ""device"": ""desktop"", ""completed"": true, ""passed"": true, ""session_duration_seconds"": 290, ""sample_id"": ""dev_1""}"
4ed05c4c-5eac-4764-b61f-8f4957db2ba7,f6779161-bd97-4375-abc5-ec30b05de76f,2026-01-14 21:52:43.66386,play_attempt,"{""level_attempt_id"": ""b9d939d1-7cb2-4088-a618-3b7982e3abd8"", ""level"": 20, ""device"": ""desktop"", ""completed"": true, ""passed"": true, ""session_duration_seconds"": 292, ""sample_id"": ""dev_1""}"
b47d05ef-c149-402e-81c4-6357dd9edb6f,f6779161-bd97-4375-abc5-ec30b05de76f,2026-01-14 21:57:36.18111,play_attempt,"{""level_attempt_id"": ""f5bb2145-178d-4688-91e2-b3a8f4b06351"", ""level"": 21, ""device"": ""desktop"", ""completed"": false, ""passed"": false, ""session_duration_seconds"": 431, ""sample_id"": ""dev_1""}"
ca86ec0e-8cf4-4ae4-8ac7-e4b0facef60c,f6779161-bd97-4375-abc5-ec30b05de76f,2026-01-14 22:04:47.857215,play_attempt,"{""level_attempt_id"": ""371cdb4a-bfc1-40e4-9fd7-287aa301eb7e"", ""level"": 21, ""device"": ""desktop"", ""completed"": true, ""passed"": false, ""session_duration_seconds"": 251, ""sample_id"": ""dev_1""}"
81d3c8eb-c217-4c90-8064-cc36ca73caab,f6779161-bd97-4375-abc5-ec30b05de76f,2026-01-14 22:08:58.99295,play_attempt,"{""level_attempt_id"": ""dbad2fca-bdad-44a9-884b-ca7172bfafb2"", ""level"": 21, ""device"": ""desktop"", ""completed"": true, ""passed"": false, ""session_duration_seconds"": 546, ""sample_id"": ""dev_1""}"
b4eb0a33-e560-4be3-a901-b397c997b99e,f6779161-bd97-4375-abc5-ec30b05de76f,2026-01-14 22:18:05.089835,play_attempt,"{""level_attempt_id"": ""3581d66a-3bbd-4269-ac0d-9d5c7d0a9edf"", ""level"": 21, ""device"": ""desktop"", ""completed"": true, ""passed"": true, ""session_duration_seconds"": 285, ""sample_id"": ""dev_1""}"
16e16919-89a1-4cc0-8325-5b57a385a172,f6779161-bd97-4375-abc5-ec30b05de76f,2026-01-14 22:22:50.812646,play_attempt,"{""level_attempt_id"": ""c62c8d45-e40a-4b56-b106-8a082792d13e"", ""level"": 22, ""device"": ""desktop"", ""completed"": true, ""passed"": true, ""session_duration_seconds"": 366, ""sample_id"": ""dev_1""}"
621ec1de-b197-42f5-a1fa-47a78558c1f8,f6779161-bd97-4375-abc5-ec30b05de76f,2026-01-14 22:28:57.193243,play_attempt,"{""level_attempt_id"": ""4f42117f-56f8-4d43-8abb-54faab6d32ef"", ""level"": 23, ""device"": ""desktop"", ""completed"": true, ""passed"": true, ""session_duration_seconds"": 346, ""sample_id"": ""dev_1""}"
dd3acb0e-dfc9-4157-bb22-e16f960af2f3,f6779161-bd97-4375-abc5-ec30b05de76f,2026-01-14 22:34:43.353448,play_attempt,"{""level_attempt_id"": ""39e2568f-2028-46c9-bebb-869c12d775fb"", ""level"": 24, ""device"": ""desktop"", ""completed"": true, ""passed"": true, ""session_duration_seconds"": 433, ""sample_id"": ""dev_1""}"
8c80b058-1ac6-48cf-a4fb-755aad3c8e05,f6779161-bd97-4375-abc5-ec30b05de76f,2026-01-14 22:41:56.725501,play_attempt,"{""level_attempt_id"": ""c4d7376d-d14d-4192-84ea-c6dd4748b700"", ""level"": 25, ""device"": ""tablet"", ""completed"": true, ""passed"": true, ""session_duration_seconds"": 189, ""sample_id"": ""dev_1""}"
0daaf583-6e8a-404b-a91b-0e518443da11,f6779161-bd97-4375-abc5-ec30b05de76f,2026-01-14 22:45:06.616589,play_attempt,"{""level_attempt_id"": ""ed22257e-37d3-460f-ba8a-acc2b82efcb8"", ""level"": 26, ""device"": ""tablet"", ""completed"": true, ""passed"": true, ""session_duration_seconds"": 503, ""sample_id"": ""dev_1""}"
d9f3e35d-18f4-491b-8ae8-20fefa318e7f,f6779161-bd97-4375-abc5-ec30b05de76f,2026-02-02 22:53:29.751587,play_attempt,"{""level_attempt_id"": ""8d4c487d-51ee-4baf-8467-6d4fbc72a942"", ""level"": 27, ""device"": ""tablet"", ""completed"": true, ""passed"": true, ""session_duration_seconds"": 196, ""sample_id"": ""dev_1""}"
302dad0d-a299-413d-87ee-da214336f8f2,f6779161-bd97-4375-abc5-ec30b05de76f,2026-02-03 22:56:46.410609,play_attempt,"{""level_attempt_id"": ""9774c061-e161-4c7f-9147-f87f73fb910a"", ""level"": 28, ""device"": ""tablet"", ""completed"": true, ""passed"": true, ""session_duration_seconds"": 259, ""sample_id"": ""dev_1""}"
b5c4d780-3ee0-430a-b964-815ffacc8f59,f6779161-bd97-4375-abc5-ec30b05de76f,2026-02-05 23:01:05.697513,play_attempt,"{""level_attempt_id"": ""1f70f6f6-5f04-455c-9fcc-95f4a206980b"", ""level"": 29, ""device"": ""tablet"", ""completed"": true, ""passed"": true, ""session_duration_seconds"": 247, ""sample_id"": ""dev_1""}"
5489e3ed-e4f8-4b8b-853b-6521885d3f40,f6779161-bd97-4375-abc5-ec30b05de76f,2026-03-01 23:05:13.453352,play_attempt,"{""level_attempt_id"": ""52dfac4b-6f73-42f1-ad41-07bda932606f"", ""level"": 30, ""device"": ""tablet"", ""completed"": true, ""passed"": true, ""session_duration_seconds"": 430, ""sample_id"": ""dev_1""}"
189041f8-b002-4f3d-9b52-337611bdff4c,f6779161-bd97-4375-abc5-ec30b05de76f,2026-03-01 23:12:23.714911,play_attempt,"{""level_attempt_id"": ""9ba25ce5-dd53-4581-9de2-e62ca400d28e"", ""level"": 31, ""device"": ""desktop"", ""completed"": false, ""passed"": false, ""session_duration_seconds"": 308, ""sample_id"": ""dev_1""}"
b362b902-1a3a-42bc-8b03-1f6ddc69b407,f6779161-bd97-4375-abc5-ec30b05de76f,2026-03-01 23:17:32.249705,play_attempt,"{""level_attempt_id"": ""7d52eb13-c1d7-4efd-b0cb-8b76d29e9cf3"", ""level"": 31, ""device"": ""tablet"", ""completed"": true, ""passed"": false, ""session_duration_seconds"": 290, ""sample_id"": ""dev_1""}"
f9327dc7-e340-4078-874e-c7baefe663aa,f6779161-bd97-4375-abc5-ec30b05de76f,2026-03-01 23:22:23.03545,play_attempt,"{""level_attempt_id"": ""ea2e10f9-6de8-489b-a2b6-ac4fbc861f38"", ""level"": 31, ""device"": ""tablet"", ""completed"": true, ""passed"": true, ""session_duration_seconds"": 486, ""sample_id"": ""dev_1""}"
8b5f2135-0f4d-4c47-817f-53b2e7d556d8,f6779161-bd97-4375-abc5-ec30b05de76f,2026-03-02 23:30:29.795349,play_attempt,"{""level_attempt_id"": ""e39ba146-f1ab-4a36-a02d-2a972173f516"", ""level"": 32, ""device"": ""tablet"", ""completed"": false, ""passed"": false, ""session_duration_seconds"": 533, ""sample_id"": ""dev_1""}"
3d333379-a848-4806-a989-e5f19469f147,f6779161-bd97-4375-abc5-ec30b05de76f,2026-03-02 23:39:23.142597,play_attempt,"{""level_attempt_id"": ""02781fd5-1043-4e91-a1b9-e849a0846236"", ""level"": 32, ""device"": ""tablet"", ""completed"": true, ""passed"": true, ""session_duration_seconds"": 219, ""sample_id"": ""dev_1""}"
0dbeb935-96f6-4a50-80df-5ddd502d2f8c,f6779161-bd97-4375-abc5-ec30b05de76f,2026-03-02 23:43:02.40183,play_attempt,"{""level_attempt_id"": ""ea4fb2fa-2ba2-478f-a662-57b4bfa94769"", ""level"": 33, ""device"": ""tablet"", ""completed"": true, ""passed"": true, ""session_duration_seconds"": 130, ""sample_id"": ""dev_1""}"
c9925c23-b515-4351-8694-123418cd05d4,f6779161-bd97-4375-abc5-ec30b05de76f,2026-03-02 23:45:13.178754,play_attempt,"{""level_attempt_id"": ""9acef87c-65c8-43a4-b82b-3466e0ace233"", ""level"": 34, ""device"": ""tablet"", ""completed"": true, ""passed"": true, ""session_duration_seconds"": 181, ""sample_id"": ""dev_1""}"
6486bc70-ed9b-44c2-a427-6d6c63812dbb,f6779161-bd97-4375-abc5-ec30b05de76f,2026-03-02 23:48:14.632601,play_attempt,"{""level_attempt_id"": ""b3c172a8-71b4-4204-8fe5-bb6251f9c0d0"", ""level"": 35, ""device"": ""tablet"", ""completed"": true, ""passed"": false, ""session_duration_seconds"": 319, ""sample_id"": ""dev_1""}"
dfa2fbc7-b94d-4acb-ba6a-32999bdc9598,f6779161-bd97-4375-abc5-ec30b05de76f,2026-03-02 23:53:34.309195,play_attempt,"{""level_attempt_id"": ""c17d3695-9190-4c85-812e-dac70dd2d015"", ""level"": 35, ""device"": ""phone"", ""completed"": true, ""passed"": true, ""session_duration_seconds"": 477, ""sample_id"": ""dev_1""}"
0dde63c6-a0a3-4d4f-8000-c3a11b1d13cc,f6779161-bd97-4375-abc5-ec30b05de76f,2026-03-03 00:01:31.703514,play_attempt,"{""level_attempt_id"": ""2231e84a-2a26-4f32-8482-602abd2c106e"", ""level"": 36, ""device"": ""phone"", ""completed"": true, ""passed"": false, ""session_duration_seconds"": 173, ""sample_id"": ""dev_1""}"
afe4e31a-1121-40e2-ad2e-082141e4349c,f6779161-bd97-4375-abc5-ec30b05de76f,2026-03-03 00:04:25.671576,play_attempt,"{""level_attempt_id"": ""7a8fb9f0-d981-4df6-99a0-71011875ca70"", ""level"": 36, ""device"": ""desktop"", ""completed"": true, ""passed"": false, ""session_duration_seconds"": 252, ""sample_id"": ""dev_1""}"
f3e06e6a-33b1-42f8-aa6b-67106acd7b61,f6779161-bd97-4375-abc5-ec30b05de76f,2026-03-03 00:08:37.992225,play_attempt,"{""level_attempt_id"": ""8f061071-2df9-4c0c-969d-7f5c06b4f22e"", ""level"": 36, ""device"": ""desktop"", ""completed"": true, ""passed"": true, ""session_duration_seconds"": 426, ""sample_id"": ""dev_1""}"
9c7eb18d-9cb4-4fed-a7e0-babfb2670222,f6779161-bd97-4375-abc5-ec30b05de76f,2026-03-03 00:15:44.843282,play_attempt,"{""level_attempt_id"": ""9a6fe405-caa3-441e-828d-5f30087f9522"", ""level"": 37, ""device"": ""desktop"", ""completed"": true, ""passed"": false, ""session_duration_seconds"": 147, ""sample_id"": ""dev_1""}"
7c20bb93-27ab-4d88-b581-086f9d83b89b,f6779161-bd97-4375-abc5-ec30b05de76f,2026-03-03 00:18:12.143498,play_attempt,"{""level_attempt_id"": ""71b74bec-6e17-47eb-83e8-81abf79a4161"", ""level"": 37, ""device"": ""desktop"", ""completed"": false, ""passed"": false, ""session_duration_seconds"": 146, ""sample_id"": ""dev_1""}"
c0da0739-b28a-46be-a21a-072ee06ae697,f6779161-bd97-4375-abc5-ec30b05de76f,2026-03-03 00:20:38.73789,play_attempt,"{""level_attempt_id"": ""657638d5-879a-4f75-8e13-d10f8e84f359"", ""level"": 37, ""device"": ""desktop"", ""completed"": true, ""passed"": true, ""session_duration_seconds"": 285, ""sample_id"": ""dev_1""}"
f90c111e-88f6-4602-87e7-cbdbfb722d7e,f6779161-bd97-4375-abc5-ec30b05de76f,2026-03-03 00:25:23.966662,play_attempt,"{""level_attempt_id"": ""c767f592-03cc-4c52-8d3c-84946684c444"", ""level"": 38, ""device"": ""desktop"", ""completed"": true, ""passed"": true, ""session_duration_seconds"": 376, ""sample_id"": ""dev_1""}"
be78f8b3-b472-480c-9f95-fab1e5955f90,f6779161-bd97-4375-abc5-ec30b05de76f,2026-03-03 00:31:40.086759,play_attempt,"{""level_attempt_id"": ""3542d60c-dfc3-45da-ac5a-179e9e368d36"", ""level"": 39, ""device"": ""desktop"", ""completed"": false, ""passed"": false, ""session_duration_seconds"": 274, ""sample_id"": ""dev_1""}"
2962f00d-205f-4064-8824-1e07585ca1f1,f6779161-bd97-4375-abc5-ec30b05de76f,2026-03-03 00:36:15.043798,play_attempt,"{""level_attempt_id"": ""cd676550-5026-429e-be8e-e7dab6f132bd"", ""level"": 39, ""device"": ""desktop"", ""completed"": false, ""passed"": false, ""session_duration_seconds"": 440, ""sample_id"": ""dev_1""}"
498c4129-57b4-4507-be77-e5c3cfcee280,f6779161-bd97-4375-abc5-ec30b05de76f,2026-03-03 00:43:35.563424,play_attempt,"{""level_attempt_id"": ""487d8435-64d7-41f8-9094-1ed2c11017db"", ""level"": 39, ""device"": ""desktop"", ""completed"": true, ""passed"": true, ""session_duration_seconds"": 492, ""sample_id"": ""dev_1""}"
bf6f587d-aaef-455e-88a8-fa9820c91412,f6779161-bd97-4375-abc5-ec30b05de76f,2026-03-04 00:51:47.639919,play_attempt,"{""level_attempt_id"": ""21fa5fd3-8e42-4ae6-9145-4a0e94b1d28b"", ""level"": 40, ""device"": ""tablet"", ""completed"": false, ""passed"": false, ""session_duration_seconds"": 162, ""sample_id"": ""dev_1""}"
94841c3c-92e8-43b5-a5e4-ad2aeca35d05,f6779161-bd97-4375-abc5-ec30b05de76f,2026-03-04 00:54:30.349017,play_attempt,"{""level_attempt_id"": ""7e2b5d0d-1139-4d92-be56-dc788d194953"", ""level"": 40, ""device"": ""tablet"", ""completed"": true, ""passed"": true, ""session_duration_seconds"": 456, ""sample_id"": ""dev_1""}"
bf706d50-0fd5-49f9-b4cd-81aca86f1354,f6779161-bd97-4375-abc5-ec30b05de76f,2026-03-04 01:02:07.289791,play_attempt,"{""level_attempt_id"": ""7735d012-6003-4a94-83a3-9a1eac93e0ba"", ""level"": 41, ""device"": ""tablet"", ""completed"": false, ""passed"": false, ""session_duration_seconds"": 367, ""sample_id"": ""dev_1""}"
6c987e10-d526-4ce5-a966-c11af15fae5f,f6779161-bd97-4375-abc5-ec30b05de76f,2026-03-04 01:08:14.620374,play_attempt,"{""level_attempt_id"": ""1e3acc9f-008a-4ce9-a951-93deb75440fb"", ""level"": 41, ""device"": ""tablet"", ""completed"": true, ""passed"": true, ""session_duration_seconds"": 377, ""sample_id"": ""dev_1""}"
8cfbbdfd-361f-443f-a930-9040e635c105,f6779161-bd97-4375-abc5-ec30b05de76f,2026-03-04 01:14:32.345343,play_attempt,"{""level_attempt_id"": ""7687e361-c0db-41c9-9c7d-77d4bb989761"", ""level"": 42, ""device"": ""tablet"", ""completed"": true, ""passed"": true, ""session_duration_seconds"": 265, ""sample_id"": ""dev_1""}"
fcf795ab-31a5-4168-ad74-c71f36527eae,f6779161-bd97-4375-abc5-ec30b05de76f,2026-03-04 01:18:57.768397,play_attempt,"{""level_attempt_id"": ""d989b6e7-ec46-4a48-b81e-fee70affc574"", ""level"": 43, ""device"": ""tablet"", ""completed"": true, ""passed"": true, ""session_duration_seconds"": 414, ""sample_id"": ""dev_1""}"
d836732a-1b00-4bc0-9292-1d3a0509a308,f6779161-bd97-4375-abc5-ec30b05de76f,2026-03-05 01:25:52.033521,play_attempt,"{""level_attempt_id"": ""53197488-1476-46a0-b1c6-e337a7116ab2"", ""level"": 44, ""device"": ""desktop"", ""completed"": true, ""passed"": true, ""session_duration_seconds"": 215, ""sample_id"": ""dev_1""}"
1fa0238d-5d4e-45c6-9c6f-c7f99313a06a,f6779161-bd97-4375-abc5-ec30b05de76f,2026-03-05 01:29:27.620057,play_attempt,"{""level_attempt_id"": ""678abd70-b289-4897-85f2-d41db124f312"", ""level"": 45, ""device"": ""desktop"", ""completed"": true, ""passed"": true, ""session_duration_seconds"": 361, ""sample_id"": ""dev_1""}"
d8a601bc-97ef-4351-945c-44509ff84e7d,f6779161-bd97-4375-abc5-ec30b05de76f,2026-03-05 01:35:28.691333,play_attempt,"{""level_attempt_id"": ""1b208a70-969c-4e03-85d6-14e46d32b8c3"", ""level"": 46, ""device"": ""desktop"", ""completed"": false, ""passed"": false, ""session_duration_seconds"": 288, ""sample_id"": ""dev_1""}"
52ea88e0-a075-44a2-a608-315acc4f01f6,f6779161-bd97-4375-abc5-ec30b05de76f,2026-03-05 01:40:16.771311,play_attempt,"{""level_attempt_id"": ""8568f3e2-6d75-4a63-b081-23523d35055e"", ""level"": 46, ""device"": ""tablet"", ""completed"": true, ""passed"": false, ""session_duration_seconds"": 297, ""sample_id"": ""dev_1""}"
2b51cb17-21af-4b4b-a1ac-8e1661579cb1,f6779161-bd97-4375-abc5-ec30b05de76f,2026-03-05 01:45:13.957186,play_attempt,"{""level_attempt_id"": ""ff4bb71e-ce95-4f47-96da-bdaa3d504692"", ""level"": 46, ""device"": ""desktop"", ""completed"": true, ""passed"": true, ""session_duration_seconds"": 420, ""sample_id"": ""dev_1""}"
e02171f4-1025-4165-8d49-f544e5325539,f6779161-bd97-4375-abc5-ec30b05de76f,2026-03-05 01:52:14.449349,play_attempt,"{""level_attempt_id"": ""048f2275-2b09-44d4-96ef-32e04c457d83"", ""level"": 47, ""device"": ""tablet"", ""completed"": true, ""passed"": true, ""session_duration_seconds"": 349, ""sample_id"": ""dev_1""}"
4cab67e9-dfe9-46a3-8c29-40ddf43307ba,f6779161-bd97-4375-abc5-ec30b05de76f,2026-03-05 01:58:03.932158,play_attempt,"{""level_attempt_id"": ""246b9e5e-9c30-4069-abcd-8f9077adcc41"", ""level"": 48, ""device"": ""tablet"", ""completed"": true, ""passed"": true, ""session_duration_seconds"": 357, ""sample_id"": ""dev_1""}"
169020a8-7040-4766-9909-cac4e8af8db9,f6779161-bd97-4375-abc5-ec30b05de76f,2026-03-05 02:04:01.734688,play_attempt,"{""level_attempt_id"": ""31d000dd-a70b-48e8-a40f-d773e7109c93"", ""level"": 49, ""device"": ""desktop"", ""completed"": false, ""passed"": false, ""session_duration_seconds"": 316, ""sample_id"": ""dev_1""}"
9186b92a-933b-4333-8314-8759914487b1,f6779161-bd97-4375-abc5-ec30b05de76f,2026-03-05 02:09:18.572072,play_attempt,"{""level_attempt_id"": ""30e4b358-2876-49a9-9fe2-db8783b72e1f"", ""level"": 49, ""device"": ""desktop"", ""completed"": true, ""passed"": false, ""session_duration_seconds"": 479, ""sample_id"": ""dev_1""}"
36977d5c-2790-4875-9e9e-eee4c1a4430e,f6779161-bd97-4375-abc5-ec30b05de76f,2026-03-05 02:17:18.250975,play_attempt,"{""level_attempt_id"": ""154fdb0d-0a68-4311-919c-a1c0ce11eacb"", ""level"": 49, ""device"": ""desktop"", ""completed"": false, ""passed"": false, ""session_duration_seconds"": 69, ""sample_id"": ""dev_1""}"
2c3ee644-f26c-4485-85bb-999219fc451b,f6779161-bd97-4375-abc5-ec30b05de76f,2026-03-05 02:18:27.327015,play_attempt,"{""level_attempt_id"": ""97f9ded1-bad8-4673-95a4-e6ccc60af06d"", ""level"": 49, ""device"": ""desktop"", ""completed"": true, ""passed"": false, ""session_duration_seconds"": 524, ""sample_id"": ""dev_1""}"
d745a3e2-8165-48f2-9f80-dc956d7cf613,f6779161-bd97-4375-abc5-ec30b05de76f,2026-03-05 02:27:12.019928,play_attempt,"{""level_attempt_id"": ""8b093fde-97e2-45bb-bbbe-01ae3e5e8d78"", ""level"": 49, ""device"": ""desktop"", ""completed"": false, ""passed"": false, ""session_duration_seconds"": 39, ""sample_id"": ""dev_1""}"
140d6e73-b49c-42cf-b0f5-6b834d9c8144,f6779161-bd97-4375-abc5-ec30b05de76f,2026-03-05 02:27:51.03384,play_attempt,"{""level_attempt_id"": ""86f4f93e-aae1-492f-ba26-88afdbdb71db"", ""level"": 49, ""device"": ""desktop"", ""completed"": true, ""passed"": false, ""session_duration_seconds"": 479, ""sample_id"": ""dev_1""}"
477e538a-74da-42bf-85e6-ac67cc5ff4aa,f6779161-bd97-4375-abc5-ec30b05de76f,2026-03-05 02:35:50.159572,play_attempt,"{""level_attempt_id"": ""4e3b3285-3716-4918-be5a-a9149821d609"", ""level"": 49, ""device"": ""desktop"", ""completed"": true, ""passed"": true, ""session_duration_seconds"": 335, ""sample_id"": ""dev_1""}"
0b0f9e39-1c11-4613-adc9-885e9688d870,f6779161-bd97-4375-abc5-ec30b05de76f,2026-03-05 02:41:25.699813,play_attempt,"{""level_attempt_id"": ""b085b371-b8f7-493a-b8a2-ef8c7e56e711"", ""level"": 50, ""device"": ""desktop"", ""completed"": true, ""passed"": true, ""session_duration_seconds"": 308, ""sample_id"": ""dev_1""}"
44c40d48-74ea-441c-b38e-0842187c05e7,f6779161-bd97-4375-abc5-ec30b05de76f,2026-03-05 02:46:34.408393,play_attempt,"{""level_attempt_id"": ""8fcfda10-c27b-4cc8-a4ac-d9d8ceb33b04"", ""level"": 51, ""device"": ""tablet"", ""completed"": false, ""passed"": false, ""session_duration_seconds"": 545, ""sample_id"": ""dev_1""}"
b898b7ac-10be-4353-9035-e29d06492bcd,f6779161-bd97-4375-abc5-ec30b05de76f,2026-03-05 02:55:39.49119,play_attempt,"{""level_attempt_id"": ""b5a55f0b-0eaa-47c6-981a-ca65af0a3961"", ""level"": 51, ""device"": ""tablet"", ""completed"": true, ""passed"": false, ""session_duration_seconds"": 150, ""sample_id"": ""dev_1""}"
ea08decb-e981-4186-9703-a393cb1047c8,f6779161-bd97-4375-abc5-ec30b05de76f,2026-03-05 02:58:09.953567,play_attempt,"{""level_attempt_id"": ""e99cf15e-8a02-453e-93e8-e6a92dcd1033"", ""level"": 51, ""device"": ""tablet"", ""completed"": false, ""passed"": false, ""session_duration_seconds"": 238, ""sample_id"": ""dev_1""}"
cad3d654-2c09-4026-a48b-55a8d7380eb7,f6779161-bd97-4375-abc5-ec30b05de76f,2026-03-05 03:02:08.571217,play_attempt,"{""level_attempt_id"": ""afb7fd67-62d4-47c0-88ad-1204513c9f93"", ""level"": 51, ""device"": ""tablet"", ""completed"": true, ""passed"": true, ""session_duration_seconds"": 261, ""sample_id"": ""dev_1""}"
ec0bca77-1c5c-4afd-91c3-1f33c0073fbb,f6779161-bd97-4375-abc5-ec30b05de76f,2026-03-05 03:06:30.491641,play_attempt,"{""level_attempt_id"": ""02509a25-6e8c-4094-be26-3abdf5422f48"", ""level"": 52, ""device"": ""tablet"", ""completed"": true, ""passed"": false, ""session_duration_seconds"": 199, ""sample_id"": ""dev_1""}"
286a6ac0-e4d2-4670-b8c7-36ee800aa07c,f6779161-bd97-4375-abc5-ec30b05de76f,2026-03-05 03:09:49.562216,play_attempt,"{""level_attempt_id"": ""660a4bc6-8183-4fd8-9a64-eecea3e8e428"", ""level"": 52, ""device"": ""tablet"", ""completed"": true, ""passed"": true, ""session_duration_seconds"": 458, ""sample_id"": ""dev_1""}"
8435dda6-390a-4088-8a75-875888c30f4a,f6779161-bd97-4375-abc5-ec30b05de76f,2026-03-05 03:17:28.150759,play_attempt,"{""level_attempt_id"": ""b6d06745-07ba-4abd-8155-248b59292605"", ""level"": 53, ""device"": ""tablet"", ""completed"": true, ""passed"": true, ""session_duration_seconds"": 291, ""sample_id"": ""dev_1""}"
4eef76ea-8ee1-42ea-9ce9-ef1f325ebb36,f6779161-bd97-4375-abc5-ec30b05de76f,2026-03-05 03:22:19.9573,play_attempt,"{""level_attempt_id"": ""fe205904-7b20-4297-b366-441b68ddbeeb"", ""level"": 54, ""device"": ""tablet"", ""completed"": true, ""passed"": true, ""session_duration_seconds"": 235, ""sample_id"": ""dev_1""}"
930ca5ff-8019-4ba6-bb73-1eb64fbab2b9,f6779161-bd97-4375-abc5-ec30b05de76f,2026-03-05 03:26:15.040505,play_attempt,"{""level_attempt_id"": ""499e315f-ead6-4264-9fd5-a79ed59ddbfc"", ""level"": 55, ""device"": ""tablet"", ""completed"": true, ""passed"": true, ""session_duration_seconds"": 374, ""sample_id"": ""dev_1""}"
60f09bfe-909c-4b2a-8454-259abfaeac98,f6779161-bd97-4375-abc5-ec30b05de76f,2026-03-05 03:32:29.922468,play_attempt,"{""level_attempt_id"": ""dac79440-8734-4fc2-a991-8adddb426864"", ""level"": 56, ""device"": ""tablet"", ""completed"": true, ""passed"": true, ""session_duration_seconds"": 248, ""sample_id"": ""dev_1""}"
3953137e-04a8-4b2e-a8bf-0514e6e3cd0b,f6779161-bd97-4375-abc5-ec30b05de76f,2026-03-11 03:36:38.040628,play_attempt,"{""level_attempt_id"": ""d1447f81-cca9-40b0-8d0c-0c870c9ed067"", ""level"": 57, ""device"": ""tablet"", ""completed"": true, ""passed"": true, ""session_duration_seconds"": 497, ""sample_id"": ""dev_1""}"
2d84c197-005f-4a2c-8928-05acc4c47ea9,f6779161-bd97-4375-abc5-ec30b05de76f,2026-03-11 03:44:55.60119,play_attempt,"{""level_attempt_id"": ""777e18cb-0d98-46cd-b92d-85c1708c0031"", ""level"": 58, ""device"": ""tablet"", ""completed"": true, ""passed"": true, ""session_duration_seconds"": 402, ""sample_id"": ""dev_1""}"
ace1e28c-daf5-4db8-bc48-0d56ae7cf857,f6779161-bd97-4375-abc5-ec30b05de76f,2026-03-11 03:51:38.23277,play_attempt,"{""level_attempt_id"": ""ac4afc70-0b68-4700-a4a3-6b1d80886428"", ""level"": 59, ""device"": ""phone"", ""completed"": false, ""passed"": false, ""session_duration_seconds"": 57, ""sample_id"": ""dev_1""}"
94d06786-7650-49b4-b5e7-d68bc12495a0,f6779161-bd97-4375-abc5-ec30b05de76f,2026-03-11 03:52:36.221568,play_attempt,"{""level_attempt_id"": ""a3a02dac-19c9-4312-8b0d-01a3f2c93180"", ""level"": 59, ""device"": ""phone"", ""completed"": true, ""passed"": false, ""session_duration_seconds"": 313, ""sample_id"": ""dev_1""}"
785aef17-7ff2-4fd7-a03f-9b2e0f321d25,f6779161-bd97-4375-abc5-ec30b05de76f,2026-03-11 03:57:49.564464,play_attempt,"{""level_attempt_id"": ""77a382a1-e6f6-4057-96b9-a4a6ee2a736a"", ""level"": 59, ""device"": ""phone"", ""completed"": true, ""passed"": true, ""session_duration_seconds"": 222, ""sample_id"": ""dev_1""}"
98915427-7141-441f-83d5-20b15ea359bf,f6779161-bd97-4375-abc5-ec30b05de76f,2026-03-12 04:01:32.376408,play_attempt,"{""level_attempt_id"": ""260ddb9b-3e38-4d36-9d99-cef027601746"", ""level"": 60, ""device"": ""phone"", ""completed"": true, ""passed"": false, ""session_duration_seconds"": 438, ""sample_id"": ""dev_1""}"
d5e617b1-fb94-48b6-aed0-c6621cb9edbb,f6779161-bd97-4375-abc5-ec30b05de76f,2026-03-12 04:08:51.07058,play_attempt,"{""level_attempt_id"": ""4a327904-d949-4e87-b5a3-e34c8a68efb5"", ""level"": 60, ""device"": ""phone"", ""completed"": false, ""passed"": false, ""session_duration_seconds"": 512, ""sample_id"": ""dev_1""}"
c0b1c31a-3470-469f-ab13-f007a8e5963d,f6779161-bd97-4375-abc5-ec30b05de76f,2026-03-12 04:17:23.126447,play_attempt,"{""level_attempt_id"": ""d3291d99-a0a9-4280-a76b-898187fc2514"", ""level"": 60, ""device"": ""tablet"", ""completed"": true, ""passed"": true, ""session_duration_seconds"": 418, ""sample_id"": ""dev_1""}"
a2e37b1a-c79c-4c67-adc0-238fed0b2306,f6779161-bd97-4375-abc5-ec30b05de76f,2026-03-13 04:24:21.419485,play_attempt,"{""level_attempt_id"": ""dbff163c-f7ff-4520-82d7-8facaa00bfe1"", ""level"": 61, ""device"": ""tablet"", ""completed"": true, ""passed"": true, ""session_duration_seconds"": 398, ""sample_id"": ""dev_1""}"
3ce1f457-98e9-4c55-bb22-72d7980c8525,f6779161-bd97-4375-abc5-ec30b05de76f,2026-03-13 04:30:59.767453,play_attempt,"{""level_attempt_id"": ""bdfbf84e-cd5e-453c-a281-b6d8ecea9170"", ""level"": 62, ""device"": ""tablet"", ""completed"": true, ""passed"": false, ""session_duration_seconds"": 283, ""sample_id"": ""dev_1""}"
30344d43-0453-449f-8583-11cac657fe24,f6779161-bd97-4375-abc5-ec30b05de76f,2026-03-13 04:35:43.576418,play_attempt,"{""level_attempt_id"": ""7a4913f6-1939-4835-a3d6-4e7b164271c6"", ""level"": 62, ""device"": ""tablet"", ""completed"": false, ""passed"": false, ""session_duration_seconds"": 84, ""sample_id"": ""dev_1""}"
bbb81fcc-9b53-4551-b3d4-52ea82cb7ff6,f6779161-bd97-4375-abc5-ec30b05de76f,2026-03-13 04:37:08.233243,play_attempt,"{""level_attempt_id"": ""c31d703d-9189-4baf-9da7-be3a4944b90b"", ""level"": 62, ""device"": ""tablet"", ""completed"": true, ""passed"": true, ""session_duration_seconds"": 445, ""sample_id"": ""dev_1""}"
79b06740-2e58-45a5-a9a1-fd00b124160d,f6779161-bd97-4375-abc5-ec30b05de76f,2026-03-13 04:44:33.510563,play_attempt,"{""level_attempt_id"": ""d2301e2e-9b49-4f59-8100-63022033348c"", ""level"": 63, ""device"": ""desktop"", ""completed"": true, ""passed"": false, ""session_duration_seconds"": 202, ""sample_id"": ""dev_1""}"
861217a3-59b3-4619-b758-36f4be2735d6,f6779161-bd97-4375-abc5-ec30b05de76f,2026-03-13 04:47:55.543653,play_attempt,"{""level_attempt_id"": ""f00b18cd-37fd-4674-83c2-4d69ea0fc3a2"", ""level"": 63, ""device"": ""desktop"", ""completed"": true, ""passed"": false, ""session_duration_seconds"": 307, ""sample_id"": ""dev_1""}"
aeedb7cb-bb32-44af-ad32-c263eaf2a4f7,f6779161-bd97-4375-abc5-ec30b05de76f,2026-03-13 04:53:03.310035,play_attempt,"{""level_attempt_id"": ""4ec614b7-269a-4087-bba3-c85a77f03caf"", ""level"": 63, ""device"": ""desktop"", ""completed"": false, ""passed"": false, ""session_duration_seconds"": 60, ""sample_id"": ""dev_1""}"
73cb5994-ffec-48d4-b0b9-a5a4d2ba0fbf,f6779161-bd97-4375-abc5-ec30b05de76f,2026-03-13 04:54:03.8829,play_attempt,"{""level_attempt_id"": ""3c02f4eb-22ab-4be2-a372-56f7a66dbcaa"", ""level"": 63, ""device"": ""desktop"", ""completed"": true, ""passed"": true, ""session_duration_seconds"": 257, ""sample_id"": ""dev_1""}"
0ce0ecfb-a843-40ba-aee3-62a5c180bcee,f6779161-bd97-4375-abc5-ec30b05de76f,2026-03-13 04:58:21.874338,play_attempt,"{""level_attempt_id"": ""2a9b7db5-de3a-4497-9e3a-3f98c718c572"", ""level"": 64, ""device"": ""desktop"", ""completed"": true, ""passed"": true, ""session_duration_seconds"": 285, ""sample_id"": ""dev_1""}"
91df8636-c07d-4529-b414-9a8620004b1b,f6779161-bd97-4375-abc5-ec30b05de76f,2026-03-13 05:03:07.368564,play_attempt,"{""level_attempt_id"": ""307ce6a4-a0da-4571-9de0-b6ea7bd3ead0"", ""level"": 65, ""device"": ""desktop"", ""completed"": true, ""passed"": false, ""session_duration_seconds"": 482, ""sample_id"": ""dev_1""}"
3d444dff-5bc5-451a-9a24-d08caf2eb3c3,f6779161-bd97-4375-abc5-ec30b05de76f,2026-03-13 05:11:10.098356,play_attempt,"{""level_attempt_id"": ""8dacce72-b275-45c9-8143-beeb93288237"", ""level"": 65, ""device"": ""desktop"", ""completed"": true, ""passed"": true, ""session_duration_seconds"": 243, ""sample_id"": ""dev_1""}"
64358d01-8d31-410b-8d8c-58750852146c,f6779161-bd97-4375-abc5-ec30b05de76f,2026-03-14 05:15:13.439844,play_attempt,"{""level_attempt_id"": ""e32873ca-b0c2-48f7-8856-b6768e0a84c5"", ""level"": 66, ""device"": ""desktop"", ""completed"": false, ""passed"": false, ""session_duration_seconds"": 568, ""sample_id"": ""dev_1""}"
b449a0d9-612a-468f-aa0f-572b3c492851,f6779161-bd97-4375-abc5-ec30b05de76f,2026-03-14 05:24:42.365215,play_attempt,"{""level_attempt_id"": ""d192a479-01d2-4196-8cb9-3c679346b86d"", ""level"": 66, ""device"": ""tablet"", ""completed"": true, ""passed"": false, ""session_duration_seconds"": 347, ""sample_id"": ""dev_1""}"
e4ee1b0e-1b54-4fbb-83bc-03c2333a2644,f6779161-bd97-4375-abc5-ec30b05de76f,2026-03-14 05:30:29.913062,play_attempt,"{""level_attempt_id"": ""bbed67f6-207e-422c-b5fd-ff32893c9f48"", ""level"": 66, ""device"": ""tablet"", ""completed"": true, ""passed"": false, ""session_duration_seconds"": 416, ""sample_id"": ""dev_1""}"
3c8620fa-b47b-4eb4-a7de-7f0d80cb6c20,f6779161-bd97-4375-abc5-ec30b05de76f,2026-03-14 05:37:26.834854,play_attempt,"{""level_attempt_id"": ""a4637ed6-da5b-4f63-af17-179326bb3e9d"", ""level"": 66, ""device"": ""tablet"", ""completed"": true, ""passed"": false, ""session_duration_seconds"": 274, ""sample_id"": ""dev_1""}"
abcc6cb9-a9c5-4240-a136-c1eef18f87b9,f6779161-bd97-4375-abc5-ec30b05de76f,2026-03-14 05:42:00.912542,play_attempt,"{""level_attempt_id"": ""f1b86bdd-cfa6-4737-bd63-1b3fc2684049"", ""level"": 66, ""device"": ""tablet"", ""completed"": true, ""passed"": false, ""session_duration_seconds"": 205, ""sample_id"": ""dev_1""}"
520215f0-6957-43cb-aba5-7876d0114304,f6779161-bd97-4375-abc5-ec30b05de76f,2026-03-14 05:45:26.473573,play_attempt,"{""level_attempt_id"": ""5ffa29cb-9902-400a-b07a-859c8eba6dad"", ""level"": 66, ""device"": ""tablet"", ""completed"": true, ""passed"": false, ""session_duration_seconds"": 506, ""sample_id"": ""dev_1""}"
f3e63327-804b-42c9-97f3-e7af5483c8b8,f6779161-bd97-4375-abc5-ec30b05de76f,2026-03-14 05:53:52.852144,play_attempt,"{""level_attempt_id"": ""e9a3bf61-98ab-4630-8ddc-d929eaa4cf94"", ""level"": 66, ""device"": ""tablet"", ""completed"": true, ""passed"": false, ""session_duration_seconds"": 291, ""sample_id"": ""dev_1""}"
5146d7d3-b890-49a3-b0a9-406940c55246,f6779161-bd97-4375-abc5-ec30b05de76f,2026-03-14 05:58:44.631224,play_attempt,"{""level_attempt_id"": ""a7b58136-4278-404a-a2fc-eef37013374b"", ""level"": 66, ""device"": ""phone"", ""completed"": true, ""passed"": true, ""session_duration_seconds"": 439, ""sample_id"": ""dev_1""}"
0320af80-cea2-4fbd-b356-c227e9ea3868,f6779161-bd97-4375-abc5-ec30b05de76f,2026-03-25 06:06:04.615214,play_attempt,"{""level_attempt_id"": ""36428cf7-6c1c-4a3f-b1df-6e4d872ee66d"", ""level"": 67, ""device"": ""phone"", ""completed"": true, ""passed"": true, ""session_duration_seconds"": 380, ""sample_id"": ""dev_1""}"
b4843863-e03f-4a32-b54b-eeba8d54827c,f6779161-bd97-4375-abc5-ec30b05de76f,2026-03-25 06:12:25.037215,play_attempt,"{""level_attempt_id"": ""0801a93c-1c0c-48bb-a18a-4b08841132de"", ""level"": 68, ""device"": ""phone"", ""completed"": true, ""passed"": false, ""session_duration_seconds"": 219, ""sample_id"": ""dev_1""}"
295d0176-cfe2-4ec4-a463-7ee9a60dbdda,f6779161-bd97-4375-abc5-ec30b05de76f,2026-03-25 06:16:04.469013,play_attempt,"{""level_attempt_id"": ""f25b1b1b-d8db-4316-878d-534ee1b858d1"", ""level"": 68, ""device"": ""phone"", ""completed"": true, ""passed"": false, ""session_duration_seconds"": 221, ""sample_id"": ""dev_1""}"
0e74aa0b-3836-4e9f-ba1a-b57b91decdc6,f6779161-bd97-4375-abc5-ec30b05de76f,2026-03-25 06:19:45.776458,play_attempt,"{""level_attempt_id"": ""e4ccd7fc-89c4-4a5d-a915-7f3acfc3c762"", ""level"": 68, ""device"": ""phone"", ""completed"": false, ""passed"": false, ""session_duration_seconds"": 278, ""sample_id"": ""dev_1""}"
60bf725c-8df6-47ce-9555-c0a3b6f145fd,f6779161-bd97-4375-abc5-ec30b05de76f,2026-03-25 06:24:24.761944,play_attempt,"{""level_attempt_id"": ""22e9e8ca-d949-4a40-9412-1636129feead"", ""level"": 68, ""device"": ""phone"", ""completed"": true, ""passed"": false, ""session_duration_seconds"": 290, ""sample_id"": ""dev_1""}"
17ae89b1-b7ac-45b5-878f-17fc5c53dcb2,f6779161-bd97-4375-abc5-ec30b05de76f,2026-03-25 06:29:15.596981,play_attempt,"{""level_attempt_id"": ""98bea25f-4a06-4165-a7a0-1abcfc4d3423"", ""level"": 68, ""device"": ""phone"", ""completed"": true, ""passed"": true, ""session_duration_seconds"": 387, ""sample_id"": ""dev_1""}"
889ee086-152a-4875-88c4-af50194f0738,f6779161-bd97-4375-abc5-ec30b05de76f,2026-03-25 06:35:43.050103,play_attempt,"{""level_attempt_id"": ""dc9870ca-41d9-45fb-9b6e-af0cca3c93bd"", ""level"": 69, ""device"": ""phone"", ""completed"": true, ""passed"": false, ""session_duration_seconds"": 470, ""sample_id"": ""dev_1""}"
cfc4d377-db0d-4086-ac4d-f260d10b436d,f6779161-bd97-4375-abc5-ec30b05de76f,2026-03-25 06:43:33.804072,play_attempt,"{""level_attempt_id"": ""02c06d89-8499-4e47-9cf9-393fde9e8069"", ""level"": 69, ""device"": ""desktop"", ""completed"": true, ""passed"": true, ""session_duration_seconds"": 225, ""sample_id"": ""dev_1""}"
75b4957f-b03a-4790-9f8d-805908b3df6d,f6779161-bd97-4375-abc5-ec30b05de76f,2026-03-30 06:47:18.970416,play_attempt,"{""level_attempt_id"": ""c29b3dc3-d996-4467-ad46-6412963dad05"", ""level"": 70, ""device"": ""desktop"", ""completed"": true, ""passed"": true, ""session_duration_seconds"": 237, ""sample_id"": ""dev_1""}"
677627fd-cde6-4a2c-9c4a-da1da5b0b6a4,f6779161-bd97-4375-abc5-ec30b05de76f,2026-03-30 06:51:16.302726,play_attempt,"{""level_attempt_id"": ""713371b6-50d0-4803-a668-aa2b78a214ee"", ""level"": 71, ""device"": ""desktop"", ""completed"": true, ""passed"": true, ""session_duration_seconds"": 335, ""sample_id"": ""dev_1""}"
727756fd-cbff-4109-999f-99a6b26ffb4a,f6779161-bd97-4375-abc5-ec30b05de76f,2026-03-31 06:56:51.915529,play_attempt,"{""level_attempt_id"": ""f69d9b9a-59d5-4339-a8a6-08e73f76152c"", ""level"": 72, ""device"": ""desktop"", ""completed"": false, ""passed"": false, ""session_duration_seconds"": 400, ""sample_id"": ""dev_1""}"
b3530854-fc64-4ded-b57c-7e3a4a840ce6,f6779161-bd97-4375-abc5-ec30b05de76f,2026-03-31 07:03:31.976693,play_attempt,"{""level_attempt_id"": ""4a995753-acaa-4c04-87a4-ad402acb5762"", ""level"": 72, ""device"": ""desktop"", ""completed"": true, ""passed"": true, ""session_duration_seconds"": 529, ""sample_id"": ""dev_1""}"
06439a92-9586-45d9-bdfa-b4b0f9ca1a1d,f6779161-bd97-4375-abc5-ec30b05de76f,2026-03-31 07:12:21.863984,play_attempt,"{""level_attempt_id"": ""b45cf548-1139-433f-abda-50d55d12851c"", ""level"": 73, ""device"": ""phone"", ""completed"": true, ""passed"": false, ""session_duration_seconds"": 165, ""sample_id"": ""dev_1""}"
77f10c0d-b9ff-478e-8af4-a59f64ca2b1a,f6779161-bd97-4375-abc5-ec30b05de76f,2026-03-31 07:15:07.410876,play_attempt,"{""level_attempt_id"": ""ac99eb42-4042-4895-993c-1b7f3b1663fe"", ""level"": 73, ""device"": ""tablet"", ""completed"": true, ""passed"": false, ""session_duration_seconds"": 308, ""sample_id"": ""dev_1""}"
a1d1d3fd-0882-4479-8216-1f7bef1ede42,f6779161-bd97-4375-abc5-ec30b05de76f,2026-03-31 07:20:15.840921,play_attempt,"{""level_attempt_id"": ""267b5802-f7e6-4cec-8297-43d4d67ef7cc"", ""level"": 73, ""device"": ""tablet"", ""completed"": true, ""passed"": false, ""session_duration_seconds"": 306, ""sample_id"": ""dev_1""}"
97e66f03-27ef-4b96-8640-9b00c9c5db11,f6779161-bd97-4375-abc5-ec30b05de76f,2026-03-31 07:25:22.15319,play_attempt,"{""level_attempt_id"": ""bca97bf2-17ff-4c64-885a-f30e164ad73e"", ""level"": 73, ""device"": ""tablet"", ""completed"": true, ""passed"": false, ""session_duration_seconds"": 239, ""sample_id"": ""dev_1""}"
cda596b5-c66a-482e-9ad4-e4098ae21186,f6779161-bd97-4375-abc5-ec30b05de76f,2026-03-31 07:29:21.971135,play_attempt,"{""level_attempt_id"": ""f64b9d4e-84cf-40c6-8464-f8d5bb33af07"", ""level"": 73, ""device"": ""tablet"", ""completed"": true, ""passed"": true, ""session_duration_seconds"": 394, ""sample_id"": ""dev_1""}"
aff9aee0-3396-4042-a29a-ef7bfbb1c3bd,f6779161-bd97-4375-abc5-ec30b05de76f,2026-03-31 07:35:56.763065,play_attempt,"{""level_attempt_id"": ""06d005bb-1f8b-49fe-827b-034ba9891bf2"", ""level"": 74, ""device"": ""phone"", ""completed"": true, ""passed"": true, ""session_duration_seconds"": 484, ""sample_id"": ""dev_1""}"
29ebc020-77e8-4c1f-929f-2aa7a453a864,f6779161-bd97-4375-abc5-ec30b05de76f,2026-03-31 07:44:01.12222,play_attempt,"{""level_attempt_id"": ""9e5609d9-212b-4f3b-83eb-991cc83b9d4e"", ""level"": 75, ""device"": ""phone"", ""completed"": true, ""passed"": true, ""session_duration_seconds"": 185, ""sample_id"": ""dev_1""}"
9cf19070-f1ae-4cc4-ac85-93d7b7fb6fad,f6779161-bd97-4375-abc5-ec30b05de76f,2026-03-31 07:47:06.694914,play_attempt,"{""level_attempt_id"": ""d40d6da9-93fd-4cc7-a567-093106f34bc9"", ""level"": 76, ""device"": ""phone"", ""completed"": false, ""passed"": false, ""session_duration_seconds"": 213, ""sample_id"": ""dev_1""}"
70ead1fa-dc52-4625-940d-47e7ead89c37,f6779161-bd97-4375-abc5-ec30b05de76f,2026-03-31 07:50:40.371614,play_attempt,"{""level_attempt_id"": ""635e35f2-a9ca-4452-8fc8-f21b1a958192"", ""level"": 76, ""device"": ""phone"", ""completed"": true, ""passed"": false, ""session_duration_seconds"": 442, ""sample_id"": ""dev_1""}"
32d08a60-1b46-409e-9fc0-43bb3e2add03,f6779161-bd97-4375-abc5-ec30b05de76f,2026-03-31 07:58:02.745866,play_attempt,"{""level_attempt_id"": ""a7cb3390-8538-4ff7-9cf4-cfec39c3a8b7"", ""level"": 76, ""device"": ""phone"", ""completed"": true, ""passed"": true, ""session_duration_seconds"": 458, ""sample_id"": ""dev_1""}"
8e37d1fe-4233-41ef-b92d-cd5f6dabd348,f6779161-bd97-4375-abc5-ec30b05de76f,2026-03-31 08:05:41.181083,play_attempt,"{""level_attempt_id"": ""c9e4189c-ebcc-486f-ac4b-4bc33b734759"", ""level"": 77, ""device"": ""phone"", ""completed"": false, ""passed"": false, ""session_duration_seconds"": 282, ""sample_id"": ""dev_1""}"
f3b5ad19-9ce1-4a02-ac3f-1c86ed11b699,f6779161-bd97-4375-abc5-ec30b05de76f,2026-03-31 08:10:23.850997,play_attempt,"{""level_attempt_id"": ""2525f967-bc6a-4121-a16e-3e46ebf79125"", ""level"": 77, ""device"": ""phone"", ""completed"": true, ""passed"": true, ""session_duration_seconds"": 263, ""sample_id"": ""dev_1""}"
d9077bfa-76f5-4df5-b69a-a29194e7edcb,f6779161-bd97-4375-abc5-ec30b05de76f,2026-03-31 08:14:47.75414,play_attempt,"{""level_attempt_id"": ""dceda68e-319e-4c28-b895-89e7a36ce74d"", ""level"": 78, ""device"": ""phone"", ""completed"": true, ""passed"": true, ""session_duration_seconds"": 287, ""sample_id"": ""dev_1""}"
0176c4ba-4fbd-48d3-96ac-1761e3c410bc,f6779161-bd97-4375-abc5-ec30b05de76f,2026-03-31 08:19:35.666038,play_attempt,"{""level_attempt_id"": ""3e68328c-2130-48b6-a5ef-bfbac45da4af"", ""level"": 79, ""device"": ""phone"", ""completed"": false, ""passed"": false, ""session_duration_seconds"": 334, ""sample_id"": ""dev_1""}"
0c69482e-e4d9-4161-a7e9-d6b60804ea91,f6779161-bd97-4375-abc5-ec30b05de76f,2026-03-31 08:25:09.955525,play_attempt,"{""level_attempt_id"": ""83d60fac-93cc-4b7d-b9b5-5d82b537b2e1"", ""level"": 79, ""device"": ""phone"", ""completed"": true, ""passed"": true, ""session_duration_seconds"": 346, ""sample_id"": ""dev_1""}"
22013385-6127-4109-a3a5-f83831e8044e,f6779161-bd97-4375-abc5-ec30b05de76f,2026-03-31 08:30:56.340894,play_attempt,"{""level_attempt_id"": ""41ab55ca-0520-468e-8c6f-f8182dfc9bfc"", ""level"": 80, ""device"": ""phone"", ""completed"": true, ""passed"": true, ""session_duration_seconds"": 245, ""sample_id"": ""dev_1""}"
3d2f3b55-d895-4649-ae2d-061e96b8a917,f6779161-bd97-4375-abc5-ec30b05de76f,2026-03-31 08:35:01.885194,play_attempt,"{""level_attempt_id"": ""4ae2066c-9966-40a7-bed5-f6f928482a24"", ""level"": 81, ""device"": ""phone"", ""completed"": true, ""passed"": true, ""session_duration_seconds"": 303, ""sample_id"": ""dev_1""}"
0a8c20c2-0d6b-4b4d-9b4c-3c0f5e809c5a,f6779161-bd97-4375-abc5-ec30b05de76f,2026-03-31 08:40:05.042573,play_attempt,"{""level_attempt_id"": ""451182f8-3449-4762-8c32-861d9b55a3f8"", ""level"": 82, ""device"": ""phone"", ""completed"": true, ""passed"": true, ""session_duration_seconds"": 276, ""sample_id"": ""dev_1""}"
c86c823d-7c8c-4018-8cbf-063a0d10cb4b,f6779161-bd97-4375-abc5-ec30b05de76f,2026-04-01 08:44:41.493231,play_attempt,"{""level_attempt_id"": ""806274d6-37e0-4a5f-abb2-48751de6b0f1"", ""level"": 83, ""device"": ""phone"", ""completed"": false, ""passed"": false, ""session_duration_seconds"": 452, ""sample_id"": ""dev_1""}"
5e22abe6-5d4b-41b4-9aaf-e3e25964e36d,f6779161-bd97-4375-abc5-ec30b05de76f,2026-04-01 08:52:14.469609,play_attempt,"{""level_attempt_id"": ""57e6bd6d-e5dc-49f1-9843-d9f33ad9dcb1"", ""level"": 83, ""device"": ""phone"", ""completed"": true, ""passed"": true, ""session_duration_seconds"": 343, ""sample_id"": ""dev_1""}"
04054863-be27-42b0-8f26-010e4fdaaa94,f6779161-bd97-4375-abc5-ec30b05de76f,2026-04-12 08:57:57.649022,play_attempt,"{""level_attempt_id"": ""a03c6d0d-2107-4bad-a794-904f1a9e3947"", ""level"": 84, ""device"": ""desktop"", ""completed"": true, ""passed"": false, ""session_duration_seconds"": 273, ""sample_id"": ""dev_1""}"
32ff2edf-94ac-4bd9-8373-aef000656fcb,f6779161-bd97-4375-abc5-ec30b05de76f,2026-04-12 09:02:31.625821,play_attempt,"{""level_attempt_id"": ""2bef2496-1a8a-453d-9e36-94471f1c6b70"", ""level"": 84, ""device"": ""desktop"", ""completed"": true, ""passed"": false, ""session_duration_seconds"": 465, ""sample_id"": ""dev_1""}"
d5296d34-b606-4bf1-a3dd-d4b80a3a7a5d,f6779161-bd97-4375-abc5-ec30b05de76f,2026-04-12 09:10:16.74923,play_attempt,"{""level_attempt_id"": ""fe23d27b-986b-4563-a823-778c11a9c7c2"", ""level"": 84, ""device"": ""desktop"", ""completed"": false, ""passed"": false, ""session_duration_seconds"": 338, ""sample_id"": ""dev_1""}"
0685cc3a-095a-4f81-9c4a-c85e1278a581,f6779161-bd97-4375-abc5-ec30b05de76f,2026-04-12 09:15:55.543461,play_attempt,"{""level_attempt_id"": ""01b3178e-507f-4223-9b44-c6384a12885a"", ""level"": 84, ""device"": ""phone"", ""completed"": true, ""passed"": false, ""session_duration_seconds"": 388, ""sample_id"": ""dev_1""}"
097c9acc-b322-4062-9fac-265e9e775152,f6779161-bd97-4375-abc5-ec30b05de76f,2026-04-12 09:22:23.769558,play_attempt,"{""level_attempt_id"": ""36f08e9d-91e3-4aea-a97f-b1ab09a1ebb4"", ""level"": 84, ""device"": ""phone"", ""completed"": true, ""passed"": false, ""session_duration_seconds"": 267, ""sample_id"": ""dev_1""}"
e215e44a-20b7-4113-aca2-1c2449af9732,f6779161-bd97-4375-abc5-ec30b05de76f,2026-04-12 09:26:51.13571,play_attempt,"{""level_attempt_id"": ""410089b8-14d8-421c-b92f-2e545c15d58a"", ""level"": 84, ""device"": ""phone"", ""completed"": false, ""passed"": false, ""session_duration_seconds"": 219, ""sample_id"": ""dev_1""}"
47b48dc5-4e1f-4112-8285-46f946409f65,f6779161-bd97-4375-abc5-ec30b05de76f,2026-04-12 09:30:30.389479,play_attempt,"{""level_attempt_id"": ""b2883135-e239-4ff6-9e23-39d3a938dd1e"", ""level"": 84, ""device"": ""phone"", ""completed"": false, ""passed"": false, ""session_duration_seconds"": 535, ""sample_id"": ""dev_1""}"
4249517d-e0b5-47d2-9911-5f5f49312481,f6779161-bd97-4375-abc5-ec30b05de76f,2026-04-12 09:39:26.25842,play_attempt,"{""level_attempt_id"": ""34565b5c-626f-4643-b28e-a70fe00aeada"", ""level"": 84, ""device"": ""phone"", ""completed"": false, ""passed"": false, ""session_duration_seconds"": 67, ""sample_id"": ""dev_1""}"
965aaeb7-4108-4795-a67c-3b5b8b69ecf2,f6779161-bd97-4375-abc5-ec30b05de76f,2026-04-12 09:40:34.196628,play_attempt,"{""level_attempt_id"": ""d3939d7c-5a39-4013-802a-ff724a0f9798"", ""level"": 84, ""device"": ""phone"", ""completed"": true, ""passed"": false, ""session_duration_seconds"": 345, ""sample_id"": ""dev_1""}"
e09d5446-0e46-41dd-871c-f2cc68386468,f6779161-bd97-4375-abc5-ec30b05de76f,2026-04-12 09:46:19.602137,play_attempt,"{""level_attempt_id"": ""afa5a936-d8ae-4899-b5a0-0900ca15c384"", ""level"": 84, ""device"": ""desktop"", ""completed"": true, ""passed"": false, ""session_duration_seconds"": 456, ""sample_id"": ""dev_1""}"
eabfdd36-b663-4963-b318-9e337c27e7db,f6779161-bd97-4375-abc5-ec30b05de76f,2026-04-12 09:53:56.228325,play_attempt,"{""level_attempt_id"": ""985b0796-ac5e-4923-8d96-e732c9595819"", ""level"": 84, ""device"": ""desktop"", ""completed"": false, ""passed"": false, ""session_duration_seconds"": 342, ""sample_id"": ""dev_1""}"
2247f7e9-cf5d-41b5-a943-1d55afec63ec,f6779161-bd97-4375-abc5-ec30b05de76f,2026-04-12 09:59:38.95862,play_attempt,"{""level_attempt_id"": ""7011548c-369c-41a0-adf2-8f370099572f"", ""level"": 84, ""device"": ""tablet"", ""completed"": true, ""passed"": false, ""session_duration_seconds"": 159, ""sample_id"": ""dev_1""}"
46e3d2f9-4e62-4756-8168-97edd907e94e,f6779161-bd97-4375-abc5-ec30b05de76f,2026-04-12 10:02:18.93902,play_attempt,"{""level_attempt_id"": ""908eeba5-4cf6-45c6-9a31-be408f34f453"", ""level"": 84, ""device"": ""tablet"", ""completed"": true, ""passed"": false, ""session_duration_seconds"": 489, ""sample_id"": ""dev_1""}"
a1eaf205-3578-4970-ad36-834a0691cac3,f6779161-bd97-4375-abc5-ec30b05de76f,2026-04-12 10:10:28.419903,play_attempt,"{""level_attempt_id"": ""b5ffd8e7-946a-4083-a241-cc7224aef051"", ""level"": 84, ""device"": ""tablet"", ""completed"": true, ""passed"": false, ""session_duration_seconds"": 551, ""sample_id"": ""dev_1""}"
be395fe7-d1cc-4df4-bfc0-e57841fedbf5,f6779161-bd97-4375-abc5-ec30b05de76f,2026-04-12 10:19:39.823193,play_attempt,"{""level_attempt_id"": ""eaececf6-1d3f-4824-a453-9f61ea47099f"", ""level"": 84, ""device"": ""phone"", ""completed"": true, ""passed"": false, ""session_duration_seconds"": 155, ""sample_id"": ""dev_1""}"
e75d8bb9-3c9d-442a-ba13-ddef44a7c281,f6779161-bd97-4375-abc5-ec30b05de76f,2026-04-12 10:22:15.142148,play_attempt,"{""level_attempt_id"": ""9f9c29cb-1f6c-474e-baa2-3d1c76cbc547"", ""level"": 84, ""device"": ""tablet"", ""completed"": true, ""passed"": true, ""session_duration_seconds"": 257, ""sample_id"": ""dev_1""}"
1f656a05-9ba4-46ec-8191-fe76d0dbde57,f6779161-bd97-4375-abc5-ec30b05de76f,2026-04-12 10:26:32.783334,play_attempt,"{""level_attempt_id"": ""2e48c6e7-bcc1-4811-a4e8-c954ac3db2c3"", ""level"": 85, ""device"": ""desktop"", ""completed"": true, ""passed"": true, ""session_duration_seconds"": 219, ""sample_id"": ""dev_1""}"
116733ca-5dac-45ea-980f-124556e5ef3f,f6779161-bd97-4375-abc5-ec30b05de76f,2026-04-12 10:30:12.404727,play_attempt,"{""level_attempt_id"": ""7cbb6054-a07f-4139-847f-bd0139dd9161"", ""level"": 86, ""device"": ""desktop"", ""completed"": false, ""passed"": false, ""session_duration_seconds"": 311, ""sample_id"": ""dev_1""}"
59d1c107-9b08-4f9b-b1d6-64e79dcb3514,f6779161-bd97-4375-abc5-ec30b05de76f,2026-04-12 10:35:24.240819,play_attempt,"{""level_attempt_id"": ""ae1d18ef-6cf0-43d5-8607-68cbf7b59e97"", ""level"": 86, ""device"": ""desktop"", ""completed"": true, ""passed"": false, ""session_duration_seconds"": 291, ""sample_id"": ""dev_1""}"
996b373c-5a8c-41c0-9078-dd0ddf258a39,f6779161-bd97-4375-abc5-ec30b05de76f,2026-04-12 10:40:15.676661,play_attempt,"{""level_attempt_id"": ""70c87dc2-f75c-4df0-a37e-1bb7ad1a0c72"", ""level"": 86, ""device"": ""desktop"", ""completed"": true, ""passed"": false, ""session_duration_seconds"": 277, ""sample_id"": ""dev_1""}"
0ad6b98e-4f4e-47e1-9346-2e8078a63d98,f6779161-bd97-4375-abc5-ec30b05de76f,2026-04-12 10:44:53.126471,play_attempt,"{""level_attempt_id"": ""ddf33446-52af-4dc9-a421-157c291fd309"", ""level"": 86, ""device"": ""desktop"", ""completed"": true, ""passed"": true, ""session_duration_seconds"": 180, ""sample_id"": ""dev_1""}"
3918578e-f12d-4429-a24a-1667ba7db285,f6779161-bd97-4375-abc5-ec30b05de76f,2026-05-04 10:47:53.462753,play_attempt,"{""level_attempt_id"": ""ffc8aa8f-1244-4b50-b7a6-8580c516da5b"", ""level"": 87, ""device"": ""desktop"", ""completed"": true, ""passed"": false, ""session_duration_seconds"": 284, ""sample_id"": ""dev_1""}"
2ceb7189-4cc8-4f64-8c88-0c603bf272d2,f6779161-bd97-4375-abc5-ec30b05de76f,2026-05-04 10:52:37.765172,play_attempt,"{""level_attempt_id"": ""e8072803-e421-4c34-a757-16e530967933"", ""level"": 87, ""device"": ""desktop"", ""completed"": true, ""passed"": false, ""session_duration_seconds"": 307, ""sample_id"": ""dev_1""}"
d7842e01-082f-45e0-993e-364fc37ecf8b,f6779161-bd97-4375-abc5-ec30b05de76f,2026-05-04 10:57:45.593189,play_attempt,"{""level_attempt_id"": ""039bd0ea-4920-4263-a1df-e0dce9ec8864"", ""level"": 87, ""device"": ""desktop"", ""completed"": true, ""passed"": true, ""session_duration_seconds"": 247, ""sample_id"": ""dev_1""}"
b28c2525-1f98-49df-a897-e851acf7b65b,f6779161-bd97-4375-abc5-ec30b05de76f,2026-05-05 11:01:52.734052,play_attempt,"{""level_attempt_id"": ""c433f5a5-36d3-469b-834a-9426c3837e20"", ""level"": 88, ""device"": ""desktop"", ""completed"": true, ""passed"": false, ""session_duration_seconds"": 480, ""sample_id"": ""dev_1""}"
391ff913-606d-439c-841d-b419e1abecdf,f6779161-bd97-4375-abc5-ec30b05de76f,2026-05-05 11:09:53.427922,play_attempt,"{""level_attempt_id"": ""7a64593f-81dd-4e23-924c-8d9264ac8a31"", ""level"": 88, ""device"": ""tablet"", ""completed"": false, ""passed"": false, ""session_duration_seconds"": 379, ""sample_id"": ""dev_1""}"
077bcdc7-fa53-49a5-9247-0ef5bf15fa3e,f6779161-bd97-4375-abc5-ec30b05de76f,2026-05-05 11:16:13.093192,play_attempt,"{""level_attempt_id"": ""c71e3417-9e13-4774-84e3-581a33f93b85"", ""level"": 88, ""device"": ""tablet"", ""completed"": true, ""passed"": false, ""session_duration_seconds"": 307, ""sample_id"": ""dev_1""}"
8f7395d6-b943-4152-bdb1-e22a3229aa70,f6779161-bd97-4375-abc5-ec30b05de76f,2026-05-05 11:21:20.267322,play_attempt,"{""level_attempt_id"": ""a6d62aa7-c6c2-41cb-bd74-b4132a59c590"", ""level"": 88, ""device"": ""tablet"", ""completed"": true, ""passed"": true, ""session_duration_seconds"": 433, ""sample_id"": ""dev_1""}"
ee5a2328-b6a4-48b2-8ae8-86aeabbcd826,f6779161-bd97-4375-abc5-ec30b05de76f,2026-05-05 11:28:33.528718,play_attempt,"{""level_attempt_id"": ""6c01ad8b-0a31-43d5-ad59-f1ba1ef988b7"", ""level"": 89, ""device"": ""tablet"", ""completed"": true, ""passed"": false, ""session_duration_seconds"": 317, ""sample_id"": ""dev_1""}"
7d725c81-e3fb-4540-ae45-2c88ac1ca625,f6779161-bd97-4375-abc5-ec30b05de76f,2026-05-05 11:33:51.309811,play_attempt,"{""level_attempt_id"": ""6f63aef9-ea37-4b3d-9aa5-a1bca61f16d8"", ""level"": 89, ""device"": ""tablet"", ""completed"": true, ""passed"": true, ""session_duration_seconds"": 227, ""sample_id"": ""dev_1""}"
e5b05497-be75-46c3-84ad-265fa3bbc68b,f6779161-bd97-4375-abc5-ec30b05de76f,2026-05-05 11:37:38.64438,play_attempt,"{""level_attempt_id"": ""25fa409c-8763-4338-b983-b14c9079c43a"", ""level"": 90, ""device"": ""tablet"", ""completed"": true, ""passed"": true, ""session_duration_seconds"": 260, ""sample_id"": ""dev_1""}"
e9276716-ca4c-428f-abd9-4ce61fd76f9a,f6779161-bd97-4375-abc5-ec30b05de76f,2026-05-05 11:41:58.690414,play_attempt,"{""level_attempt_id"": ""2c48e3da-139c-46a5-a3f7-15c014a03a6a"", ""level"": 91, ""device"": ""tablet"", ""completed"": false, ""passed"": false, ""session_duration_seconds"": 596, ""sample_id"": ""dev_1""}"
3d9943a2-31ca-4284-80a8-ce82e271fd1f,f6779161-bd97-4375-abc5-ec30b05de76f,2026-05-05 11:51:55.551954,play_attempt,"{""level_attempt_id"": ""e684586b-53b0-40e5-9b31-155f61b5102c"", ""level"": 91, ""device"": ""tablet"", ""completed"": true, ""passed"": false, ""session_duration_seconds"": 271, ""sample_id"": ""dev_1""}"
da5025db-0d4c-4ba8-8ff5-187a58073213,f6779161-bd97-4375-abc5-ec30b05de76f,2026-05-05 11:56:26.628366,play_attempt,"{""level_attempt_id"": ""81e048ae-188a-4685-b9ca-0172e98f19b1"", ""level"": 91, ""device"": ""tablet"", ""completed"": true, ""passed"": false, ""session_duration_seconds"": 174, ""sample_id"": ""dev_1""}"
02e0e231-9ef4-4aa5-b10b-bcedf69d5f72,f6779161-bd97-4375-abc5-ec30b05de76f,2026-05-05 11:59:21.151796,play_attempt,"{""level_attempt_id"": ""07619689-7366-4b55-aa27-e44c7e4ddb18"", ""level"": 91, ""device"": ""tablet"", ""completed"": true, ""passed"": false, ""session_duration_seconds"": 411, ""sample_id"": ""dev_1""}"
83cc0406-4502-4986-9ca1-9e451b40ffa0,f6779161-bd97-4375-abc5-ec30b05de76f,2026-05-05 12:06:12.423284,play_attempt,"{""level_attempt_id"": ""7173bb9e-6cbd-4627-a107-fc2f89497afb"", ""level"": 91, ""device"": ""tablet"", ""completed"": true, ""passed"": true, ""session_duration_seconds"": 321, ""sample_id"": ""dev_1""}"
5d6360b7-e6c4-4d5a-a5c3-951463aff4cc,f6779161-bd97-4375-abc5-ec30b05de76f,2026-05-05 12:11:33.998452,play_attempt,"{""level_attempt_id"": ""36d961ac-f7f8-477a-8dcd-f1012f320a28"", ""level"": 92, ""device"": ""desktop"", ""completed"": false, ""passed"": false, ""session_duration_seconds"": 244, ""sample_id"": ""dev_1""}"
c7931b6a-8598-4ac3-95d9-05a074b9e6c2,f6779161-bd97-4375-abc5-ec30b05de76f,2026-05-05 12:15:38.604104,play_attempt,"{""level_attempt_id"": ""7b0915a5-962b-4b55-930f-83738f0d9751"", ""level"": 92, ""device"": ""tablet"", ""completed"": true, ""passed"": true, ""session_duration_seconds"": 293, ""sample_id"": ""dev_1""}"
d739662a-6eb8-4353-91b8-9c73c088ab22,f6779161-bd97-4375-abc5-ec30b05de76f,2026-05-05 12:20:32.125724,play_attempt,"{""level_attempt_id"": ""1ad252b8-4e80-4171-bc98-f418738c4800"", ""level"": 93, ""device"": ""tablet"", ""completed"": true, ""passed"": false, ""session_duration_seconds"": 256, ""sample_id"": ""dev_1""}"
971af25a-0ab4-4340-89dd-64b8eaf31efe,f6779161-bd97-4375-abc5-ec30b05de76f,2026-05-05 12:24:49.116923,play_attempt,"{""level_attempt_id"": ""ade6a9f5-ddc1-4c7d-a721-3d77401643fb"", ""level"": 93, ""device"": ""phone"", ""completed"": false, ""passed"": false, ""session_duration_seconds"": 332, ""sample_id"": ""dev_1""}"
445a5806-5670-411f-a839-733d8d93383b,f6779161-bd97-4375-abc5-ec30b05de76f,2026-05-05 12:30:21.546931,play_attempt,"{""level_attempt_id"": ""2c9d48fe-8b94-4017-bb07-83b09f177f25"", ""level"": 93, ""device"": ""phone"", ""completed"": false, ""passed"": false, ""session_duration_seconds"": 375, ""sample_id"": ""dev_1""}"
92723490-0ed0-47bc-a14f-60bc808255b7,f6779161-bd97-4375-abc5-ec30b05de76f,2026-05-05 12:36:37.120902,play_attempt,"{""level_attempt_id"": ""7cb39d3d-c443-415e-b593-d41e209a80da"", ""level"": 93, ""device"": ""phone"", ""completed"": true, ""passed"": false, ""session_duration_seconds"": 436, ""sample_id"": ""dev_1""}"
16057a98-881b-4f64-969d-336874966e87,f6779161-bd97-4375-abc5-ec30b05de76f,2026-05-05 12:43:53.546517,play_attempt,"{""level_attempt_id"": ""1841e972-5a6f-43cd-9791-0ebc39284bad"", ""level"": 93, ""device"": ""desktop"", ""completed"": true, ""passed"": true, ""session_duration_seconds"": 297, ""sample_id"": ""dev_1""}"
ba5243a1-e163-4e33-92a3-ed7ffb515ea1,f6779161-bd97-4375-abc5-ec30b05de76f,2026-05-05 12:48:51.15128,play_attempt,"{""level_attempt_id"": ""64dd0966-74b5-409f-9169-a718de9eacb1"", ""level"": 94, ""device"": ""desktop"", ""completed"": false, ""passed"": false, ""session_duration_seconds"": 247, ""sample_id"": ""dev_1""}"
41962970-4057-4639-9afb-33018ab497cf,f6779161-bd97-4375-abc5-ec30b05de76f,2026-05-05 12:52:58.474671,play_attempt,"{""level_attempt_id"": ""6d1789f3-44ce-49aa-8c16-c81d50c0c2f9"", ""level"": 94, ""device"": ""desktop"", ""completed"": false, ""passed"": false, ""session_duration_seconds"": 42, ""sample_id"": ""dev_1""}"
21cde81e-ee0a-4920-88a9-b777b35577da,f6779161-bd97-4375-abc5-ec30b05de76f,2026-05-05 12:53:40.91755,play_attempt,"{""level_attempt_id"": ""a56f9df3-2045-44fc-af73-6ad1cd58be85"", ""level"": 94, ""device"": ""desktop"", ""completed"": true, ""passed"": true, ""session_duration_seconds"": 127, ""sample_id"": ""dev_1""}"
d3aeaa28-125d-4578-b86d-8593f444558c,f6779161-bd97-4375-abc5-ec30b05de76f,2026-05-05 12:55:47.927392,play_attempt,"{""level_attempt_id"": ""99a2bf45-1136-41f8-9c93-ace19f0e13ef"", ""level"": 95, ""device"": ""desktop"", ""completed"": true, ""passed"": false, ""session_duration_seconds"": 231, ""sample_id"": ""dev_1""}"
702e627b-372a-436a-97e6-59497184b7c3,f6779161-bd97-4375-abc5-ec30b05de76f,2026-05-05 12:59:39.246759,play_attempt,"{""level_attempt_id"": ""1b4bdecb-b9a7-4ebc-b35b-62ea4f58ec4c"", ""level"": 95, ""device"": ""desktop"", ""completed"": true, ""passed"": true, ""session_duration_seconds"": 380, ""sample_id"": ""dev_1""}"
c63f8bfb-e71b-4e2f-a05e-0e5e32017d07,f6779161-bd97-4375-abc5-ec30b05de76f,2026-05-06 13:05:59.882931,play_attempt,"{""level_attempt_id"": ""43e383ef-8b26-4156-a3f6-08ef1bab3024"", ""level"": 96, ""device"": ""desktop"", ""completed"": true, ""passed"": true, ""session_duration_seconds"": 439, ""sample_id"": ""dev_1""}"
88b8b6e5-7cc2-43c5-ab68-f7e1df95a963,f6779161-bd97-4375-abc5-ec30b05de76f,2026-05-07 13:13:19.58085,play_attempt,"{""level_attempt_id"": ""6f6366f6-361e-4e5d-9930-29e5b56a4b9c"", ""level"": 97, ""device"": ""tablet"", ""completed"": true, ""passed"": true, ""session_duration_seconds"": 213, ""sample_id"": ""dev_1""}"
45e8c209-4788-4952-b7b7-639ddf455566,f6779161-bd97-4375-abc5-ec30b05de76f,2026-05-07 13:16:53.543339,play_attempt,"{""level_attempt_id"": ""7210ff66-dfaf-46ec-9736-5242b04ce87a"", ""level"": 98, ""device"": ""tablet"", ""completed"": true, ""passed"": false, ""session_duration_seconds"": 529, ""sample_id"": ""dev_1""}"
36a6d191-c2fb-4216-8b9d-a53f30e881de,f6779161-bd97-4375-abc5-ec30b05de76f,2026-05-07 13:25:42.778564,play_attempt,"{""level_attempt_id"": ""c2981084-2584-4850-b8d4-a0c62b5696dd"", ""level"": 98, ""device"": ""tablet"", ""completed"": false, ""passed"": false, ""session_duration_seconds"": 311, ""sample_id"": ""dev_1""}"
7abd687d-379e-40eb-8871-896da2c70781,f6779161-bd97-4375-abc5-ec30b05de76f,2026-05-07 13:30:53.809442,play_attempt,"{""level_attempt_id"": ""f9b7eb3e-f873-4161-8b25-a9a92312beab"", ""level"": 98, ""device"": ""desktop"", ""completed"": true, ""passed"": false, ""session_duration_seconds"": 375, ""sample_id"": ""dev_1""}"
b43888bd-64df-4b57-b665-5b84f140562f,f6779161-bd97-4375-abc5-ec30b05de76f,2026-05-07 13:37:09.802348,play_attempt,"{""level_attempt_id"": ""df72611c-b607-404c-9791-d62ea14d8aea"", ""level"": 98, ""device"": ""desktop"", ""completed"": true, ""passed"": true, ""session_duration_seconds"": 293, ""sample_id"": ""dev_1""}"
a239b6c3-7bb6-45f7-aaef-e14d77f99b8d,f6779161-bd97-4375-abc5-ec30b05de76f,2026-05-07 13:42:03.624042,play_attempt,"{""level_attempt_id"": ""cb34ff5a-8a92-43cd-82a7-ad23f252a69b"", ""level"": 99, ""device"": ""desktop"", ""completed"": false, ""passed"": false, ""session_duration_seconds"": 366, ""sample_id"": ""dev_1""}"
99eb49f9-6cbf-422a-9cd7-82aac1218e59,f6779161-bd97-4375-abc5-ec30b05de76f,2026-05-07 13:48:09.93654,play_attempt,"{""level_attempt_id"": ""9f7c2fd4-ff77-40bf-8266-dfd7fb8c9d3d"", ""level"": 99, ""device"": ""desktop"", ""completed"": true, ""passed"": true, ""session_duration_seconds"": 212, ""sample_id"": ""dev_1""}"
8e2df574-8a06-4a82-93f2-51054c6ab571,f6779161-bd97-4375-abc5-ec30b05de76f,2026-05-07 13:51:42.632917,play_attempt,"{""level_attempt_id"": ""6c2145ce-0eb8-4b6c-9ff0-b4561997374f"", ""level"": 100, ""device"": ""desktop"", ""completed"": true, ""passed"": false, ""session_duration_seconds"": 300, ""sample_id"": ""dev_1""}"
c4d88989-8fa3-40e4-85d4-a2a4c19057d2,f6779161-bd97-4375-abc5-ec30b05de76f,2026-05-07 13:56:43.165685,play_attempt,"{""level_attempt_id"": ""33643318-5c58-4cee-9b9c-5fbd92920cf0"", ""level"": 100, ""device"": ""tablet"", ""completed"": true, ""passed"": false, ""session_duration_seconds"": 438, ""sample_id"": ""dev_1""}"
8279550c-e360-445e-971e-54af6b907262,f6779161-bd97-4375-abc5-ec30b05de76f,2026-05-07 14:04:02.147748,play_attempt,"{""level_attempt_id"": ""415f6312-1d5b-496d-b039-13261c77616f"", ""level"": 100, ""device"": ""phone"", ""completed"": true, ""passed"": false, ""session_duration_seconds"": 296, ""sample_id"": ""dev_1""}"
b79e5e0a-35b3-450b-8501-b0bde611c178,f6779161-bd97-4375-abc5-ec30b05de76f,2026-05-07 14:08:59.111328,play_attempt,"{""level_attempt_id"": ""748a85da-d41d-4555-8971-0fe448fe4659"", ""level"": 100, ""device"": ""phone"", ""completed"": true, ""passed"": true, ""session_duration_seconds"": 527, ""sample_id"": ""dev_1""}"
e67feb40-69be-4884-8719-7adb18ae41eb,f6d8fbfc-3da0-464e-8a79-747e35ff8e6a,2026-01-01 00:00:00,user_created,"{""location"": ""WY"", ""age"": 18, ""gender"": ""female"", ""sample_id"": ""dev_1""}"
3a48c8fe-0768-4bb9-8110-4dacceaebb04,f6d8fbfc-3da0-464e-8a79-747e35ff8e6a,2026-01-01 23:02:08,play_attempt,"{""level_attempt_id"": ""ff11e975-99dc-440f-a9fa-5ac7e91900eb"", ""level"": 1, ""device"": ""tablet"", ""completed"": true, ""passed"": true, ""session_duration_seconds"": 523, ""sample_id"": ""dev_1""}"
ada12536-0e0f-4574-8bb5-a8d33ead884c,f6d8fbfc-3da0-464e-8a79-747e35ff8e6a,2026-01-01 23:10:51.539721,play_attempt,"{""level_attempt_id"": ""016c50bb-bf52-477f-a6a5-24843bafa34d"", ""level"": 2, ""device"": ""tablet"", ""completed"": false, ""passed"": false, ""session_duration_seconds"": 193, ""sample_id"": ""dev_1""}"
965d07c3-0e3d-4e8e-a9fd-b72b78a294b0,f6d8fbfc-3da0-464e-8a79-747e35ff8e6a,2026-01-01 23:14:04.689936,play_attempt,"{""level_attempt_id"": ""5f775edb-d5ef-4e50-be38-1b41666e8c20"", ""level"": 2, ""device"": ""phone"", ""completed"": true, ""passed"": true, ""session_duration_seconds"": 341, ""sample_id"": ""dev_1""}"
2db0bd36-bd2a-4279-924e-6369802e090b,f6d8fbfc-3da0-464e-8a79-747e35ff8e6a,2026-01-01 23:19:46.059159,play_attempt,"{""level_attempt_id"": ""6a7e3cea-32e4-4a06-9d36-9ee45bcebd6c"", ""level"": 3, ""device"": ""tablet"", ""completed"": true, ""passed"": true, ""session_duration_seconds"": 271, ""sample_id"": ""dev_1""}"
d7f63f5a-e35e-4def-a392-f2359885b260,f6d8fbfc-3da0-464e-8a79-747e35ff8e6a,2026-01-01 23:24:17.657021,play_attempt,"{""level_attempt_id"": ""cdfe9eeb-f8c2-4b85-9d82-db97694b56b0"", ""level"": 4, ""device"": ""desktop"", ""completed"": true, ""passed"": true, ""session_duration_seconds"": 516, ""sample_id"": ""dev_1""}"
859e1ef4-4d6f-4fab-86d1-7376f198a415,f6d8fbfc-3da0-464e-8a79-747e35ff8e6a,2026-01-01 23:32:53.918416,play_attempt,"{""level_attempt_id"": ""b0423e5b-7a2a-40e2-bcc3-78d92a14ace3"", ""level"": 5, ""device"": ""desktop"", ""completed"": true, ""passed"": true, ""session_duration_seconds"": 161, ""sample_id"": ""dev_1""}"
4722df3f-ffb2-4a29-b2db-20040cfa1e0a,f6d8fbfc-3da0-464e-8a79-747e35ff8e6a,2026-01-02 23:35:34.944575,play_attempt,"{""level_attempt_id"": ""a068bc8c-c74a-4bba-ac4f-9ddac857839d"", ""level"": 6, ""device"": ""desktop"", ""completed"": true, ""passed"": true, ""session_duration_seconds"": 277, ""sample_id"": ""dev_1""}"
8294b099-12c1-4941-9afc-a52d5f62a74c,f6d8fbfc-3da0-464e-8a79-747e35ff8e6a,2026-01-02 23:40:12.364032,play_attempt,"{""level_attempt_id"": ""d6506209-1e05-4c8b-b895-04d45e69b69d"", ""level"": 7, ""device"": ""tablet"", ""completed"": true, ""passed"": true, ""session_duration_seconds"": 548, ""sample_id"": ""dev_1""}"
2b5c9be1-8f94-4cb0-9a32-2cce8db9b9a2,f6d8fbfc-3da0-464e-8a79-747e35ff8e6a,2026-01-02 23:49:20.996023,play_attempt,"{""level_attempt_id"": ""2c45bfb6-81ce-48ef-bbad-e1329540b5ed"", ""level"": 8, ""device"": ""tablet"", ""completed"": true, ""passed"": true, ""session_duration_seconds"": 524, ""sample_id"": ""dev_1""}"
78dc45b4-ff9f-46f4-ae8a-8d664917a68e,f6d8fbfc-3da0-464e-8a79-747e35ff8e6a,2026-01-02 23:58:05.436474,play_attempt,"{""level_attempt_id"": ""ddac11d7-ddc9-4a89-90fb-bdca5caf026c"", ""level"": 9, ""device"": ""tablet"", ""completed"": true, ""passed"": true, ""session_duration_seconds"": 315, ""sample_id"": ""dev_1""}"
511ecfe0-a25a-4d20-916b-60b7f78e957e,f6d8fbfc-3da0-464e-8a79-747e35ff8e6a,2026-01-03 00:03:20.629699,play_attempt,"{""level_attempt_id"": ""2bebe8b1-16a9-4518-82ae-41dbfb2d70ec"", ""level"": 10, ""device"": ""tablet"", ""completed"": true, ""passed"": true, ""session_duration_seconds"": 300, ""sample_id"": ""dev_1""}"
1032fbda-2b13-42b4-be49-29d44dbd8e84,f6d8fbfc-3da0-464e-8a79-747e35ff8e6a,2026-01-04 00:08:21.16174,play_attempt,"{""level_attempt_id"": ""458c2492-5d30-49e2-a4e3-fdfa2615b34b"", ""level"": 11, ""device"": ""tablet"", ""completed"": true, ""passed"": true, ""session_duration_seconds"": 346, ""sample_id"": ""dev_1""}"
dc708a42-749e-4191-b9a2-825e923752bf,f6d8fbfc-3da0-464e-8a79-747e35ff8e6a,2026-01-04 00:14:07.211851,play_attempt,"{""level_attempt_id"": ""0680dbe3-d524-42dc-af24-1a58346ec655"", ""level"": 12, ""device"": ""tablet"", ""completed"": true, ""passed"": true, ""session_duration_seconds"": 343, ""sample_id"": ""dev_1""}"
e16630ff-0ce9-48b3-b913-e6109e03064d,f6d8fbfc-3da0-464e-8a79-747e35ff8e6a,2026-01-04 00:19:50.243081,play_attempt,"{""level_attempt_id"": ""e09ee729-bfd5-4ee6-8061-1c5bdf93188c"", ""level"": 13, ""device"": ""tablet"", ""completed"": true, ""passed"": true, ""session_duration_seconds"": 404, ""sample_id"": ""dev_1""}"
1688fc2a-6ad8-494c-a88f-719e1d4e8411,f6d8fbfc-3da0-464e-8a79-747e35ff8e6a,2026-01-04 00:26:34.438628,play_attempt,"{""level_attempt_id"": ""c38a986e-df00-480a-9f5f-93faf97ac1da"", ""level"": 14, ""device"": ""tablet"", ""completed"": true, ""passed"": true, ""session_duration_seconds"": 351, ""sample_id"": ""dev_1""}"
051c25f4-64a2-43fe-a4c5-023549e4e6e0,f6d8fbfc-3da0-464e-8a79-747e35ff8e6a,2026-01-06 00:32:25.662058,play_attempt,"{""level_attempt_id"": ""c3a8220a-ea54-464f-8d9c-fedf238d59f9"", ""level"": 15, ""device"": ""tablet"", ""completed"": true, ""passed"": true, ""session_duration_seconds"": 408, ""sample_id"": ""dev_1""}"
225343ec-daa9-419b-8535-ce301117dba4,f6d8fbfc-3da0-464e-8a79-747e35ff8e6a,2026-01-06 00:39:14.500336,play_attempt,"{""level_attempt_id"": ""68157266-33f5-45e5-ba4b-f37d173b172c"", ""level"": 16, ""device"": ""tablet"", ""completed"": true, ""passed"": true, ""session_duration_seconds"": 314, ""sample_id"": ""dev_1""}"
ca0ffd8e-26c1-4842-b015-3ed399064ed8,f6d8fbfc-3da0-464e-8a79-747e35ff8e6a,2026-01-07 00:44:29.223262,play_attempt,"{""level_attempt_id"": ""f58cf7c7-94d4-4b64-8231-af6ef00e03db"", ""level"": 17, ""device"": ""tablet"", ""completed"": false, ""passed"": false, ""session_duration_seconds"": 147, ""sample_id"": ""dev_1""}"
e1026b39-1a94-4ce0-a19c-0308d8282123,f6d8fbfc-3da0-464e-8a79-747e35ff8e6a,2026-01-07 00:46:56.631081,play_attempt,"{""level_attempt_id"": ""621620a8-2187-464a-ab62-ba8b8e96afe0"", ""level"": 17, ""device"": ""phone"", ""completed"": true, ""passed"": true, ""session_duration_seconds"": 242, ""sample_id"": ""dev_1""}"
c57834a9-0078-4728-966e-c2fe37079258,f6d8fbfc-3da0-464e-8a79-747e35ff8e6a,2026-01-07 00:50:59.286831,play_attempt,"{""level_attempt_id"": ""cd68d1dc-9759-41ea-99d6-e3983d1b1e6d"", ""level"": 18, ""device"": ""phone"", ""completed"": false, ""passed"": false, ""session_duration_seconds"": 498, ""sample_id"": ""dev_1""}"
8a759dae-bfa9-478b-9681-48043c40ec49,f6d8fbfc-3da0-464e-8a79-747e35ff8e6a,2026-01-07 00:59:18.227935,play_attempt,"{""level_attempt_id"": ""152151ef-6e4e-49be-8972-41ae056b25b9"", ""level"": 18, ""device"": ""desktop"", ""completed"": true, ""passed"": true, ""session_duration_seconds"": 225, ""sample_id"": ""dev_1""}"
7c204d0e-af04-4be2-917b-e996b597535e,f6d8fbfc-3da0-464e-8a79-747e35ff8e6a,2026-01-07 01:03:03.994541,play_attempt,"{""level_attempt_id"": ""edac129d-7414-4f99-812a-a9efbe0fff19"", ""level"": 19, ""device"": ""desktop"", ""completed"": false, ""passed"": false, ""session_duration_seconds"": 599, ""sample_id"": ""dev_1""}"
faf6e34c-fd52-44e3-955b-e75301b08c5e,f6d8fbfc-3da0-464e-8a79-747e35ff8e6a,2026-01-07 01:13:03.856315,play_attempt,"{""level_attempt_id"": ""45e55619-90af-41dd-816a-299de14e5be7"", ""level"": 19, ""device"": ""phone"", ""completed"": true, ""passed"": true, ""session_duration_seconds"": 308, ""sample_id"": ""dev_1""}"
ae5e67db-d242-44d0-9445-d0896c666b67,f6d8fbfc-3da0-464e-8a79-747e35ff8e6a,2026-01-07 01:18:11.930216,play_attempt,"{""level_attempt_id"": ""69a46848-07f4-4ba8-ac81-f6277c3bfb74"", ""level"": 20, ""device"": ""phone"", ""completed"": true, ""passed"": true, ""session_duration_seconds"": 317, ""sample_id"": ""dev_1""}"
212b637d-81ea-4517-a788-a54754ae0d69,f6d8fbfc-3da0-464e-8a79-747e35ff8e6a,2026-01-09 01:23:29.146725,play_attempt,"{""level_attempt_id"": ""9e083d73-247d-4213-a7e2-ff473ad86724"", ""level"": 21, ""device"": ""phone"", ""completed"": true, ""passed"": true, ""session_duration_seconds"": 468, ""sample_id"": ""dev_1""}"
6491186b-42ad-43c0-9c0f-78565b72a5b7,f6d8fbfc-3da0-464e-8a79-747e35ff8e6a,2026-01-29 01:31:17.209921,play_attempt,"{""level_attempt_id"": ""a6d77e5d-de98-4492-b925-4e3bf4b092f3"", ""level"": 22, ""device"": ""phone"", ""completed"": true, ""passed"": false, ""session_duration_seconds"": 490, ""sample_id"": ""dev_1""}"
d874897d-8b1b-4e55-aa2b-ad33151a61d7,f6d8fbfc-3da0-464e-8a79-747e35ff8e6a,2026-01-29 01:39:28.001942,play_attempt,"{""level_attempt_id"": ""733ed02a-9fe2-44d3-8e2b-adeba94ea990"", ""level"": 22, ""device"": ""phone"", ""completed"": true, ""passed"": true, ""session_duration_seconds"": 494, ""sample_id"": ""dev_1""}"
a79d891b-0d6c-4c1c-963b-87711d500ee2,f6d8fbfc-3da0-464e-8a79-747e35ff8e6a,2026-01-29 01:47:42.551813,play_attempt,"{""level_attempt_id"": ""292ed9e2-d28d-4a10-baf3-9882b5d5581a"", ""level"": 23, ""device"": ""desktop"", ""completed"": true, ""passed"": true, ""session_duration_seconds"": 400, ""sample_id"": ""dev_1""}"
127c5a99-b638-40b5-bbb9-a5e83e000325,f6d8fbfc-3da0-464e-8a79-747e35ff8e6a,2026-01-29 01:54:23.248384,play_attempt,"{""level_attempt_id"": ""cc0786dd-a842-4c8b-b9ec-25b292bf5077"", ""level"": 24, ""device"": ""desktop"", ""completed"": true, ""passed"": true, ""session_duration_seconds"": 478, ""sample_id"": ""dev_1""}"
b01ab76f-41fe-4b5d-abae-f3ea6ae6da09,f6d8fbfc-3da0-464e-8a79-747e35ff8e6a,2026-01-29 02:02:21.716089,play_attempt,"{""level_attempt_id"": ""9e1b6d5a-ae7a-4384-8bf5-e09967b9b632"", ""level"": 25, ""device"": ""desktop"", ""completed"": false, ""passed"": false, ""session_duration_seconds"": 376, ""sample_id"": ""dev_1""}"
17a391ae-1c47-4f92-adbe-8646e0ef322f,f6d8fbfc-3da0-464e-8a79-747e35ff8e6a,2026-01-29 02:08:37.821984,play_attempt,"{""level_attempt_id"": ""44656387-eb05-4145-82f7-5ce03eeb9a8f"", ""level"": 25, ""device"": ""desktop"", ""completed"": true, ""passed"": true, ""session_duration_seconds"": 467, ""sample_id"": ""dev_1""}"
dc7d240f-f0b0-4905-9606-460c2d06ceac,f6d8fbfc-3da0-464e-8a79-747e35ff8e6a,2026-01-29 02:16:25.289479,play_attempt,"{""level_attempt_id"": ""69c23d99-fe69-418b-ab88-6f4ef2d74713"", ""level"": 26, ""device"": ""desktop"", ""completed"": false, ""passed"": false, ""session_duration_seconds"": 383, ""sample_id"": ""dev_1""}"
71476ce8-62ce-48e3-bbe8-7eee9ec90a78,f6d8fbfc-3da0-464e-8a79-747e35ff8e6a,2026-01-29 02:22:48.675021,play_attempt,"{""level_attempt_id"": ""656487a6-ce02-4d99-b751-0690861f4ae8"", ""level"": 26, ""device"": ""desktop"", ""completed"": true, ""passed"": false, ""session_duration_seconds"": 230, ""sample_id"": ""dev_1""}"
58e4114e-9322-4fef-86ec-abd4c4bdcd3b,f6d8fbfc-3da0-464e-8a79-747e35ff8e6a,2026-01-29 02:26:39.17468,play_attempt,"{""level_attempt_id"": ""cdef6b94-5a42-41ce-bf03-a1fcb2f5e85c"", ""level"": 26, ""device"": ""desktop"", ""completed"": true, ""passed"": true, ""session_duration_seconds"": 272, ""sample_id"": ""dev_1""}"
0d99a4d7-a6fa-49cf-bc33-4f288a2b63de,f6d8fbfc-3da0-464e-8a79-747e35ff8e6a,2026-01-29 02:31:11.729714,play_attempt,"{""level_attempt_id"": ""2a463b5e-48b5-40b8-a444-ad022501808d"", ""level"": 27, ""device"": ""desktop"", ""completed"": true, ""passed"": true, ""session_duration_seconds"": 234, ""sample_id"": ""dev_1""}"
00230e31-db75-4ef1-b81e-9b80c255f375,f6d8fbfc-3da0-464e-8a79-747e35ff8e6a,2026-01-29 02:35:06.172499,play_attempt,"{""level_attempt_id"": ""fd92be99-cb67-4301-b74c-21725f7af83b"", ""level"": 28, ""device"": ""phone"", ""completed"": true, ""passed"": true, ""session_duration_seconds"": 356, ""sample_id"": ""dev_1""}"
57bcf597-af97-4990-af35-88db359d0e70,f6d8fbfc-3da0-464e-8a79-747e35ff8e6a,2026-01-29 02:41:02.254781,play_attempt,"{""level_attempt_id"": ""3ded8564-3df6-4bef-9ff6-5937df2371ea"", ""level"": 29, ""device"": ""desktop"", ""completed"": true, ""passed"": true, ""session_duration_seconds"": 222, ""sample_id"": ""dev_1""}"
58cee08e-b55a-474f-a1b0-4c8f207bf1ce,f6d8fbfc-3da0-464e-8a79-747e35ff8e6a,2026-01-29 02:44:44.331365,play_attempt,"{""level_attempt_id"": ""e17ec4fe-eee0-4b4e-ad85-3ad543119848"", ""level"": 30, ""device"": ""desktop"", ""completed"": false, ""passed"": false, ""session_duration_seconds"": 65, ""sample_id"": ""dev_1""}"
b7895d0d-43f5-439e-bf2c-ba0330256064,f6d8fbfc-3da0-464e-8a79-747e35ff8e6a,2026-01-29 02:45:49.598634,play_attempt,"{""level_attempt_id"": ""7445bee8-8b60-481f-a98a-d84dc0ed05e8"", ""level"": 30, ""device"": ""desktop"", ""completed"": true, ""passed"": true, ""session_duration_seconds"": 389, ""sample_id"": ""dev_1""}"
3c4eec16-1bdd-4842-85fe-2b6a155b2cdc,f6d8fbfc-3da0-464e-8a79-747e35ff8e6a,2026-02-12 02:52:18.642805,play_attempt,"{""level_attempt_id"": ""16578d7a-37ef-456a-af9a-d5271c15c176"", ""level"": 31, ""device"": ""desktop"", ""completed"": true, ""passed"": true, ""session_duration_seconds"": 345, ""sample_id"": ""dev_1""}"
913e4be1-ecd3-4e67-b74b-c8f8fc7048b8,f6d8fbfc-3da0-464e-8a79-747e35ff8e6a,2026-02-14 02:58:04.495866,play_attempt,"{""level_attempt_id"": ""ff51bef6-fb11-4d9f-8b8e-6fe5762f8e3d"", ""level"": 32, ""device"": ""desktop"", ""completed"": true, ""passed"": true, ""session_duration_seconds"": 419, ""sample_id"": ""dev_1""}"
0cff218f-2f5d-4c2f-84ff-ece4faa6a013,f6d8fbfc-3da0-464e-8a79-747e35ff8e6a,2026-02-15 03:05:04.337743,play_attempt,"{""level_attempt_id"": ""e3eff83d-9185-4de5-a190-35dc3a53215d"", ""level"": 33, ""device"": ""desktop"", ""completed"": true, ""passed"": false, ""session_duration_seconds"": 455, ""sample_id"": ""dev_1""}"
4c0575bb-167c-4e31-a98b-86276ba16399,f6d8fbfc-3da0-464e-8a79-747e35ff8e6a,2026-02-15 03:12:40.283729,play_attempt,"{""level_attempt_id"": ""fe160750-9e98-49bd-b800-9bf2c2b74539"", ""level"": 33, ""device"": ""desktop"", ""completed"": true, ""passed"": true, ""session_duration_seconds"": 256, ""sample_id"": ""dev_1""}"
241bb592-dd54-4b6f-b9b6-eeb579ee556d,f6d8fbfc-3da0-464e-8a79-747e35ff8e6a,2026-02-15 03:16:56.977709,play_attempt,"{""level_attempt_id"": ""7c02a8a3-6f5e-413f-bc39-8445ae56a7f5"", ""level"": 34, ""device"": ""desktop"", ""completed"": true, ""passed"": false, ""session_duration_seconds"": 143, ""sample_id"": ""dev_1""}"
ca2ade89-5310-4d24-a226-296a15eb32cb,f6d8fbfc-3da0-464e-8a79-747e35ff8e6a,2026-02-15 03:19:20.054195,play_attempt,"{""level_attempt_id"": ""8a2550d0-e774-4f2a-a12e-10a8564f0676"", ""level"": 34, ""device"": ""desktop"", ""completed"": true, ""passed"": true, ""session_duration_seconds"": 339, ""sample_id"": ""dev_1""}"
c22249f1-7de7-429f-b2eb-506f491de79e,f6d8fbfc-3da0-464e-8a79-747e35ff8e6a,2026-02-16 03:24:59.639083,play_attempt,"{""level_attempt_id"": ""8eaaf0bb-f3bb-434e-8333-960a2bc782fa"", ""level"": 35, ""device"": ""desktop"", ""completed"": true, ""passed"": true, ""session_duration_seconds"": 262, ""sample_id"": ""dev_1""}"
32d46a7b-c479-4626-b09d-40813b02c988,f6d8fbfc-3da0-464e-8a79-747e35ff8e6a,2026-02-16 03:29:21.777162,play_attempt,"{""level_attempt_id"": ""74f74136-8f55-4120-9d24-1bbb2cefd2ca"", ""level"": 36, ""device"": ""phone"", ""completed"": true, ""passed"": true, ""session_duration_seconds"": 206, ""sample_id"": ""dev_1""}"
732a7f90-04b3-4e60-9414-1b3a94e9b89a,f6d8fbfc-3da0-464e-8a79-747e35ff8e6a,2026-02-16 03:32:47.848002,play_attempt,"{""level_attempt_id"": ""6dc0cdfe-4e31-4004-9261-336254878e6d"", ""level"": 37, ""device"": ""desktop"", ""completed"": false, ""passed"": false, ""session_duration_seconds"": 95, ""sample_id"": ""dev_1""}"
d5218bd0-6bba-4bca-9721-8694df21bef3,f6d8fbfc-3da0-464e-8a79-747e35ff8e6a,2026-02-16 03:34:23.241387,play_attempt,"{""level_attempt_id"": ""bfa73e95-1a61-4855-95c1-822778a9cdd2"", ""level"": 37, ""device"": ""desktop"", ""completed"": true, ""passed"": true, ""session_duration_seconds"": 417, ""sample_id"": ""dev_1""}"
2488338f-c425-406f-a0b1-331560325078,f6d8fbfc-3da0-464e-8a79-747e35ff8e6a,2026-02-16 03:41:20.646902,play_attempt,"{""level_attempt_id"": ""5ab7fe18-6c6e-419a-8bfe-6b5dce9610ea"", ""level"": 38, ""device"": ""phone"", ""completed"": true, ""passed"": false, ""session_duration_seconds"": 320, ""sample_id"": ""dev_1""}"
4cbf44f3-35e0-469a-88b6-6add2b5a68db,f6d8fbfc-3da0-464e-8a79-747e35ff8e6a,2026-02-16 03:46:40.852025,play_attempt,"{""level_attempt_id"": ""a5182f05-18dc-4fbf-87b5-5c9615e92b69"", ""level"": 38, ""device"": ""phone"", ""completed"": true, ""passed"": true, ""session_duration_seconds"": 360, ""sample_id"": ""dev_1""}"
811b3fe1-348d-4b44-b413-493616cc64ad,f6d8fbfc-3da0-464e-8a79-747e35ff8e6a,2026-02-16 03:52:40.913063,play_attempt,"{""level_attempt_id"": ""97cf1e8b-9201-4ce5-a805-601ff9fb77d3"", ""level"": 39, ""device"": ""desktop"", ""completed"": true, ""passed"": false, ""session_duration_seconds"": 394, ""sample_id"": ""dev_1""}"
202d1c11-03ee-424a-87b7-e6a435aa2f7a,f6d8fbfc-3da0-464e-8a79-747e35ff8e6a,2026-02-16 03:59:15.203245,play_attempt,"{""level_attempt_id"": ""f58632f5-7123-4e7f-b416-2e212a2a6750"", ""level"": 39, ""device"": ""phone"", ""completed"": true, ""passed"": true, ""session_duration_seconds"": 308, ""sample_id"": ""dev_1""}"
306d5382-98b1-470e-bb7b-5f7847858132,f6d8fbfc-3da0-464e-8a79-747e35ff8e6a,2026-02-17 04:04:23.699147,play_attempt,"{""level_attempt_id"": ""303dde14-9588-4d0c-9cb6-42517fdf359d"", ""level"": 40, ""device"": ""phone"", ""completed"": true, ""passed"": true, ""session_duration_seconds"": 296, ""sample_id"": ""dev_1""}"
8d590df3-ecf1-411e-9ddf-721a9cb36799,f6d8fbfc-3da0-464e-8a79-747e35ff8e6a,2026-02-19 04:09:19.825589,play_attempt,"{""level_attempt_id"": ""a31e94f6-ff95-429c-b945-88a7f1767351"", ""level"": 41, ""device"": ""tablet"", ""completed"": true, ""passed"": true, ""session_duration_seconds"": 274, ""sample_id"": ""dev_1""}"
730415f5-27b9-45cd-95c8-8a3b562e3223,f6d8fbfc-3da0-464e-8a79-747e35ff8e6a,2026-02-20 04:13:54.04296,play_attempt,"{""level_attempt_id"": ""e5bb8fc1-7c62-4738-9b6b-76840bc34be9"", ""level"": 42, ""device"": ""tablet"", ""completed"": true, ""passed"": true, ""session_duration_seconds"": 303, ""sample_id"": ""dev_1""}"
853aca8e-824d-4917-826e-76e0a8b22e55,f6d8fbfc-3da0-464e-8a79-747e35ff8e6a,2026-02-21 04:18:57.501318,play_attempt,"{""level_attempt_id"": ""27a1b63b-8e8d-4f68-8e9a-c0e3825cf419"", ""level"": 43, ""device"": ""tablet"", ""completed"": true, ""passed"": false, ""session_duration_seconds"": 304, ""sample_id"": ""dev_1""}"
88ff5e21-572c-4e2e-82e4-4452adfffad1,f6d8fbfc-3da0-464e-8a79-747e35ff8e6a,2026-02-21 04:24:01.726437,play_attempt,"{""level_attempt_id"": ""ce66741d-f457-472a-9d21-e87f0b3567f9"", ""level"": 43, ""device"": ""tablet"", ""completed"": true, ""passed"": false, ""session_duration_seconds"": 156, ""sample_id"": ""dev_1""}"
5401d28d-85bc-4d4e-b96a-6a23638a3943,f6d8fbfc-3da0-464e-8a79-747e35ff8e6a,2026-02-21 04:26:38.280825,play_attempt,"{""level_attempt_id"": ""1fcd9a8d-6d41-4ca5-b918-73d7d6f20714"", ""level"": 43, ""device"": ""phone"", ""completed"": true, ""passed"": false, ""session_duration_seconds"": 261, ""sample_id"": ""dev_1""}"
da14a75a-9974-4da6-a44d-b81d1a9537a8,f6d8fbfc-3da0-464e-8a79-747e35ff8e6a,2026-02-21 04:30:59.782961,play_attempt,"{""level_attempt_id"": ""a1b961ca-1977-4c02-b806-7b213400df3a"", ""level"": 43, ""device"": ""phone"", ""completed"": true, ""passed"": false, ""session_duration_seconds"": 273, ""sample_id"": ""dev_1""}"
7553d83d-c087-4288-b595-17bb057e5ebc,f6d8fbfc-3da0-464e-8a79-747e35ff8e6a,2026-02-21 04:35:33.573298,play_attempt,"{""level_attempt_id"": ""dc82a727-7577-4dd5-8e53-e738958410a7"", ""level"": 43, ""device"": ""phone"", ""completed"": false, ""passed"": false, ""session_duration_seconds"": 191, ""sample_id"": ""dev_1""}"
719613d3-bdea-4bd6-ac33-b04c40b29f24,f6d8fbfc-3da0-464e-8a79-747e35ff8e6a,2026-02-21 04:38:44.64803,play_attempt,"{""level_attempt_id"": ""a8d61a6e-3e94-4477-8f0c-fd3e459200a3"", ""level"": 43, ""device"": ""phone"", ""completed"": false, ""passed"": false, ""session_duration_seconds"": 200, ""sample_id"": ""dev_1""}"
780a7016-a0df-4e9b-b6e8-87f32740f688,f6d8fbfc-3da0-464e-8a79-747e35ff8e6a,2026-02-21 04:42:04.890859,play_attempt,"{""level_attempt_id"": ""ced3e28d-7e6a-4f98-ba62-f67ed55cacd4"", ""level"": 43, ""device"": ""phone"", ""completed"": true, ""passed"": true, ""session_duration_seconds"": 518, ""sample_id"": ""dev_1""}"
fde80aa3-4fb5-4848-91da-d272bccfa644,f6d8fbfc-3da0-464e-8a79-747e35ff8e6a,2026-02-22 04:50:43.352683,play_attempt,"{""level_attempt_id"": ""065d6ff5-1fb0-4b9c-9e08-2b066d5b391d"", ""level"": 44, ""device"": ""phone"", ""completed"": false, ""passed"": false, ""session_duration_seconds"": 472, ""sample_id"": ""dev_1""}"
0dc525e1-6a22-4f25-859c-7b9e9169d3d0,f6d8fbfc-3da0-464e-8a79-747e35ff8e6a,2026-02-22 04:58:35.669151,play_attempt,"{""level_attempt_id"": ""2c74fc37-a2b8-4534-8a4d-f2f3e6cdf440"", ""level"": 44, ""device"": ""phone"", ""completed"": false, ""passed"": false, ""session_duration_seconds"": 31, ""sample_id"": ""dev_1""}"
aa9396d0-8c82-49db-82bf-a7b558f31c08,f6d8fbfc-3da0-464e-8a79-747e35ff8e6a,2026-02-22 04:59:06.921165,play_attempt,"{""level_attempt_id"": ""f46adeaa-87d6-4036-a7e5-6c223d89b467"", ""level"": 44, ""device"": ""tablet"", ""completed"": true, ""passed"": true, ""session_duration_seconds"": 366, ""sample_id"": ""dev_1""}"
5fec5385-5e22-43cc-bc6d-633188dfcaac,f6d8fbfc-3da0-464e-8a79-747e35ff8e6a,2026-02-22 05:05:12.947289,play_attempt,"{""level_attempt_id"": ""dd2966ae-0e82-4f8d-a886-fe3e78c8ce79"", ""level"": 45, ""device"": ""tablet"", ""completed"": true, ""passed"": false, ""session_duration_seconds"": 363, ""sample_id"": ""dev_1""}"
529bb868-f8b8-41ec-a59d-30a612ee2d3b,f6d8fbfc-3da0-464e-8a79-747e35ff8e6a,2026-02-22 05:11:16.698973,play_attempt,"{""level_attempt_id"": ""f2afa040-82c9-41a5-8331-77417af9ccf6"", ""level"": 45, ""device"": ""tablet"", ""completed"": true, ""passed"": false, ""session_duration_seconds"": 200, ""sample_id"": ""dev_1""}"
ce8c4649-9849-4233-9cbd-b6ced571657e,f6d8fbfc-3da0-464e-8a79-747e35ff8e6a,2026-02-22 05:14:37.382265,play_attempt,"{""level_attempt_id"": ""a3a6d00a-8eed-4f6c-bfc5-8198114d8209"", ""level"": 45, ""device"": ""tablet"", ""completed"": false, ""passed"": false, ""session_duration_seconds"": 522, ""sample_id"": ""dev_1""}"
30bd1c69-4ae1-4105-a0e1-c06a35a0122a,f6d8fbfc-3da0-464e-8a79-747e35ff8e6a,2026-02-22 05:23:19.794561,play_attempt,"{""level_attempt_id"": ""880b467b-4747-4141-a63d-b7ab4e5abe21"", ""level"": 45, ""device"": ""tablet"", ""completed"": true, ""passed"": true, ""session_duration_seconds"": 199, ""sample_id"": ""dev_1""}"
dd1b4fd2-9ef9-42e0-9a50-6b807cfb5ee5,f6d8fbfc-3da0-464e-8a79-747e35ff8e6a,2026-02-23 05:26:39.232404,play_attempt,"{""level_attempt_id"": ""21d0aca9-825e-47d4-9d62-3dc0f4db97e7"", ""level"": 46, ""device"": ""desktop"", ""completed"": true, ""passed"": true, ""session_duration_seconds"": 362, ""sample_id"": ""dev_1""}"
007dec69-6123-43df-98e5-004388de8006,f6d8fbfc-3da0-464e-8a79-747e35ff8e6a,2026-02-23 05:32:41.745581,play_attempt,"{""level_attempt_id"": ""cdc1df68-4578-4b62-b9e9-850ee5f101f1"", ""level"": 47, ""device"": ""phone"", ""completed"": true, ""passed"": true, ""session_duration_seconds"": 319, ""sample_id"": ""dev_1""}"
b6ee54a1-e5fa-4536-a33e-d8134ccf778d,f6d8fbfc-3da0-464e-8a79-747e35ff8e6a,2026-02-23 05:38:01.243498,play_attempt,"{""level_attempt_id"": ""6702335d-94db-4fe7-9ce9-78e79af43a56"", ""level"": 48, ""device"": ""phone"", ""completed"": true, ""passed"": false, ""session_duration_seconds"": 454, ""sample_id"": ""dev_1""}"
5914d6ba-824c-47f4-8ff7-19dbb6df0009,f6d8fbfc-3da0-464e-8a79-747e35ff8e6a,2026-02-23 05:45:36.058238,play_attempt,"{""level_attempt_id"": ""b7b5cfbf-5c92-4777-976c-d84fca74589b"", ""level"": 48, ""device"": ""phone"", ""completed"": false, ""passed"": false, ""session_duration_seconds"": 151, ""sample_id"": ""dev_1""}"
bd6c9bcf-237e-4ea1-966f-3717ffb3f06f,f6d8fbfc-3da0-464e-8a79-747e35ff8e6a,2026-02-23 05:48:07.565819,play_attempt,"{""level_attempt_id"": ""9cfbc95d-2d6c-4bff-92b5-fe500d007f96"", ""level"": 48, ""device"": ""phone"", ""completed"": true, ""passed"": false, ""session_duration_seconds"": 224, ""sample_id"": ""dev_1""}"
e13b9638-12a6-4d8d-abf7-a2cc8ff270cd,f6d8fbfc-3da0-464e-8a79-747e35ff8e6a,2026-02-23 05:51:52.028388,play_attempt,"{""level_attempt_id"": ""cf2e16eb-7bce-4fb2-8ade-427f223e50a4"", ""level"": 48, ""device"": ""tablet"", ""completed"": true, ""passed"": false, ""session_duration_seconds"": 264, ""sample_id"": ""dev_1""}"
ce6daf5e-e835-4742-bd95-9928137a83e5,f6d8fbfc-3da0-464e-8a79-747e35ff8e6a,2026-02-23 05:56:16.696099,play_attempt,"{""level_attempt_id"": ""3a71b188-7273-400d-9508-320a419bd57d"", ""level"": 48, ""device"": ""tablet"", ""completed"": false, ""passed"": false, ""session_duration_seconds"": 516, ""sample_id"": ""dev_1""}"
0dae9005-312a-4306-a03f-1f294ded5e92,f6d8fbfc-3da0-464e-8a79-747e35ff8e6a,2026-02-23 06:04:52.801666,play_attempt,"{""level_attempt_id"": ""afdd6e18-fb3a-4e77-b6fa-36627bbf3eaa"", ""level"": 48, ""device"": ""tablet"", ""completed"": true, ""passed"": true, ""session_duration_seconds"": 195, ""sample_id"": ""dev_1""}"
3dc99864-c55d-4080-9b85-200044c2923d,f6d8fbfc-3da0-464e-8a79-747e35ff8e6a,2026-02-23 06:08:08.029277,play_attempt,"{""level_attempt_id"": ""710a32f8-e20f-4d64-9590-5de001111b60"", ""level"": 49, ""device"": ""tablet"", ""completed"": false, ""passed"": false, ""session_duration_seconds"": 583, ""sample_id"": ""dev_1""}"
54111342-53dc-4d16-980a-d57f4885b65f,f6d8fbfc-3da0-464e-8a79-747e35ff8e6a,2026-02-23 06:17:51.572014,play_attempt,"{""level_attempt_id"": ""7da77350-0bf9-4e01-b6c0-701809763fae"", ""level"": 49, ""device"": ""tablet"", ""completed"": true, ""passed"": true, ""session_duration_seconds"": 323, ""sample_id"": ""dev_1""}"
a8a0702b-e131-4488-8fce-e63bcce85001,f6d8fbfc-3da0-464e-8a79-747e35ff8e6a,2026-02-23 06:23:14.730385,play_attempt,"{""level_attempt_id"": ""3f7cd111-559b-4bfd-bc24-7ce25f099574"", ""level"": 50, ""device"": ""tablet"", ""completed"": true, ""passed"": true, ""session_duration_seconds"": 267, ""sample_id"": ""dev_1""}"
e1db81df-9adc-447f-a9a4-9fe6a81380b2,f6d8fbfc-3da0-464e-8a79-747e35ff8e6a,2026-02-23 06:27:42.370302,play_attempt,"{""level_attempt_id"": ""4302facc-e32b-4de6-a71d-8ff4137d5246"", ""level"": 51, ""device"": ""tablet"", ""completed"": false, ""passed"": false, ""session_duration_seconds"": 97, ""sample_id"": ""dev_1""}"
1271c3ff-bc45-4ab6-9a38-793d6c61a890,f6d8fbfc-3da0-464e-8a79-747e35ff8e6a,2026-02-23 06:29:19.612351,play_attempt,"{""level_attempt_id"": ""d7775b91-7668-481d-91d6-9beaa24a5f71"", ""level"": 51, ""device"": ""tablet"", ""completed"": true, ""passed"": true, ""session_duration_seconds"": 268, ""sample_id"": ""dev_1""}"
987e4611-227b-4d9b-b331-aa148b512a3b,f6d8fbfc-3da0-464e-8a79-747e35ff8e6a,2026-02-23 06:33:47.954369,play_attempt,"{""level_attempt_id"": ""410cc7e2-feeb-4f36-a695-76f7b908f019"", ""level"": 52, ""device"": ""tablet"", ""completed"": true, ""passed"": true, ""session_duration_seconds"": 183, ""sample_id"": ""dev_1""}"
b8b6d6c4-7ab1-4d9a-801a-94773ecbbb85,f6d8fbfc-3da0-464e-8a79-747e35ff8e6a,2026-02-23 06:36:51.349163,play_attempt,"{""level_attempt_id"": ""5b89bd3d-cc7e-46be-abfb-39ddbc6f22d3"", ""level"": 53, ""device"": ""tablet"", ""completed"": true, ""passed"": false, ""session_duration_seconds"": 238, ""sample_id"": ""dev_1""}"
78647e9a-d555-488c-82a1-505e8c3eb28f,f6d8fbfc-3da0-464e-8a79-747e35ff8e6a,2026-02-23 06:40:49.882373,play_attempt,"{""level_attempt_id"": ""69c9094c-19b0-4cc4-a3ea-aa689289beb1"", ""level"": 53, ""device"": ""tablet"", ""completed"": false, ""passed"": false, ""session_duration_seconds"": 146, ""sample_id"": ""dev_1""}"
e0c2efcf-a3a2-4080-a189-80476d629d70,f6d8fbfc-3da0-464e-8a79-747e35ff8e6a,2026-02-23 06:43:16.004594,play_attempt,"{""level_attempt_id"": ""3c32465b-501b-4b41-9d1e-44917fc07b83"", ""level"": 53, ""device"": ""tablet"", ""completed"": true, ""passed"": false, ""session_duration_seconds"": 502, ""sample_id"": ""dev_1""}"
842b2386-6a8b-47d6-96f5-c418df0a7b22,f6d8fbfc-3da0-464e-8a79-747e35ff8e6a,2026-02-23 06:51:38.900722,play_attempt,"{""level_attempt_id"": ""4aa113a6-8062-46c3-be08-b88e2df61dfb"", ""level"": 53, ""device"": ""tablet"", ""completed"": true, ""passed"": true, ""session_duration_seconds"": 272, ""sample_id"": ""dev_1""}"
12b32c55-7df6-4fd9-95b0-2168ae3263ee,f6d8fbfc-3da0-464e-8a79-747e35ff8e6a,2026-02-25 06:56:11.778401,play_attempt,"{""level_attempt_id"": ""17f0c005-dca4-49f0-9670-d2ebe6237296"", ""level"": 54, ""device"": ""tablet"", ""completed"": true, ""passed"": false, ""session_duration_seconds"": 154, ""sample_id"": ""dev_1""}"
910fd6c7-7c12-4707-b28f-e2b6e84d8553,f6d8fbfc-3da0-464e-8a79-747e35ff8e6a,2026-02-25 06:58:46.757211,play_attempt,"{""level_attempt_id"": ""15045322-383d-4ec7-9d62-90a428dd9855"", ""level"": 54, ""device"": ""tablet"", ""completed"": true, ""passed"": false, ""session_duration_seconds"": 201, ""sample_id"": ""dev_1""}"
02ed3d82-5cec-4022-bbfd-31e50666febc,f6d8fbfc-3da0-464e-8a79-747e35ff8e6a,2026-02-25 07:02:08.454225,play_attempt,"{""level_attempt_id"": ""2a105851-2c36-4e78-95fb-8b61f502861b"", ""level"": 54, ""device"": ""tablet"", ""completed"": true, ""passed"": true, ""session_duration_seconds"": 194, ""sample_id"": ""dev_1""}"
ae2d46b6-08d5-4ecf-b63f-826180159c3a,f6d8fbfc-3da0-464e-8a79-747e35ff8e6a,2026-02-25 07:05:23.380023,play_attempt,"{""level_attempt_id"": ""c7079745-f2a0-41bf-95ce-f07dc98ed549"", ""level"": 55, ""device"": ""tablet"", ""completed"": true, ""passed"": false, ""session_duration_seconds"": 317, ""sample_id"": ""dev_1""}"
6fb9a67c-c2f7-47f9-ac0b-fc28552c8fb8,f6d8fbfc-3da0-464e-8a79-747e35ff8e6a,2026-02-25 07:10:40.795773,play_attempt,"{""level_attempt_id"": ""ad42bb7f-3906-46ff-a71b-6da4a14144ab"", ""level"": 55, ""device"": ""tablet"", ""completed"": false, ""passed"": false, ""session_duration_seconds"": 518, ""sample_id"": ""dev_1""}"
d38499ec-4147-4015-89e8-9284d79adb4a,f6d8fbfc-3da0-464e-8a79-747e35ff8e6a,2026-02-25 07:19:19.335708,play_attempt,"{""level_attempt_id"": ""e84728ee-8f8e-4bc7-a62c-0b7a9211fa47"", ""level"": 55, ""device"": ""tablet"", ""completed"": true, ""passed"": true, ""session_duration_seconds"": 370, ""sample_id"": ""dev_1""}"
323cf6e6-20ee-4f51-a992-2fa037b1009e,f6d8fbfc-3da0-464e-8a79-747e35ff8e6a,2026-02-25 07:25:29.643709,play_attempt,"{""level_attempt_id"": ""52972c69-689f-4a3c-aacd-2a48ab00db67"", ""level"": 56, ""device"": ""tablet"", ""completed"": true, ""passed"": false, ""session_duration_seconds"": 218, ""sample_id"": ""dev_1""}"
4bb8c69e-ebc5-4d76-98d5-0329115b7608,f6d8fbfc-3da0-464e-8a79-747e35ff8e6a,2026-02-25 07:29:08.171668,play_attempt,"{""level_attempt_id"": ""df8c9a5e-4b1d-4509-a17a-e24f3fd69cb7"", ""level"": 56, ""device"": ""tablet"", ""completed"": true, ""passed"": true, ""session_duration_seconds"": 195, ""sample_id"": ""dev_1""}"
06166dcf-2972-4b49-a90f-0101047f2b54,f6d8fbfc-3da0-464e-8a79-747e35ff8e6a,2026-02-25 07:32:23.231654,play_attempt,"{""level_attempt_id"": ""a5c3e598-0175-4d00-a606-fa413c21af3d"", ""level"": 57, ""device"": ""tablet"", ""completed"": true, ""passed"": true, ""session_duration_seconds"": 216, ""sample_id"": ""dev_1""}"
25755aa5-71a6-4f54-b758-08a414e39ea0,f6d8fbfc-3da0-464e-8a79-747e35ff8e6a,2026-02-25 07:35:59.968709,play_attempt,"{""level_attempt_id"": ""bee725a2-9d5d-4dc1-afb6-45ed591fdbc6"", ""level"": 58, ""device"": ""phone"", ""completed"": true, ""passed"": true, ""session_duration_seconds"": 243, ""sample_id"": ""dev_1""}"
24724e86-29a5-4c69-8b42-e986b711f77b,f6d8fbfc-3da0-464e-8a79-747e35ff8e6a,2026-02-26 07:40:03.232636,play_attempt,"{""level_attempt_id"": ""b3e92b60-7fde-4b79-a63c-899826d6154c"", ""level"": 59, ""device"": ""phone"", ""completed"": true, ""passed"": true, ""session_duration_seconds"": 257, ""sample_id"": ""dev_1""}"
a13f0953-c319-4fc9-8e01-8a5b7d2e24a6,f6d8fbfc-3da0-464e-8a79-747e35ff8e6a,2026-03-02 07:44:20.435486,play_attempt,"{""level_attempt_id"": ""0720b32b-018d-4cd6-b941-161324ee4e2a"", ""level"": 60, ""device"": ""phone"", ""completed"": true, ""passed"": false, ""session_duration_seconds"": 465, ""sample_id"": ""dev_1""}"
ba4cf10a-97e6-413f-a006-6bb80e8c71fc,f6d8fbfc-3da0-464e-8a79-747e35ff8e6a,2026-03-02 07:52:05.933953,play_attempt,"{""level_attempt_id"": ""1f3da63b-ca70-4ddf-91be-465ba85a481b"", ""level"": 60, ""device"": ""phone"", ""completed"": true, ""passed"": true, ""session_duration_seconds"": 291, ""sample_id"": ""dev_1""}"
f762fe2b-a65e-4459-a30d-fbf8924579de,f6d8fbfc-3da0-464e-8a79-747e35ff8e6a,2026-03-02 07:56:57.331465,play_attempt,"{""level_attempt_id"": ""f72f3eea-5122-4a57-b74d-7652536a42c6"", ""level"": 61, ""device"": ""phone"", ""completed"": true, ""passed"": false, ""session_duration_seconds"": 391, ""sample_id"": ""dev_1""}"
9446dc78-745b-470a-ae75-6f903d1677b3,f6d8fbfc-3da0-464e-8a79-747e35ff8e6a,2026-03-02 08:03:28.872239,play_attempt,"{""level_attempt_id"": ""93845f50-44c4-4614-bc47-259389b42a7f"", ""level"": 61, ""device"": ""phone"", ""completed"": false, ""passed"": false, ""session_duration_seconds"": 585, ""sample_id"": ""dev_1""}"
10f718d9-be43-4de2-8798-d1293d207721,f6d8fbfc-3da0-464e-8a79-747e35ff8e6a,2026-03-02 08:13:13.923964,play_attempt,"{""level_attempt_id"": ""a60e3b2f-d33b-47ca-a388-7722b9243857"", ""level"": 61, ""device"": ""phone"", ""completed"": true, ""passed"": true, ""session_duration_seconds"": 291, ""sample_id"": ""dev_1""}"
a2145b64-2d3a-46f1-bf66-c23a4e3f31db,f6d8fbfc-3da0-464e-8a79-747e35ff8e6a,2026-03-02 08:18:04.980655,play_attempt,"{""level_attempt_id"": ""9cc0419d-8041-4580-9ae0-67fb523458e1"", ""level"": 62, ""device"": ""phone"", ""completed"": true, ""passed"": true, ""session_duration_seconds"": 188, ""sample_id"": ""dev_1""}"
0f2c3787-ce5a-4278-a69d-1f4a250a0bdb,f6d8fbfc-3da0-464e-8a79-747e35ff8e6a,2026-03-05 08:21:13.906921,play_attempt,"{""level_attempt_id"": ""342998f8-3929-4491-93f2-f7c28847bbe3"", ""level"": 63, ""device"": ""phone"", ""completed"": true, ""passed"": false, ""session_duration_seconds"": 307, ""sample_id"": ""dev_1""}"
4766146d-7b1f-4042-b34b-4a41950e1a89,f6d8fbfc-3da0-464e-8a79-747e35ff8e6a,2026-03-05 08:26:21.539482,play_attempt,"{""level_attempt_id"": ""a4329e32-d6f8-42d6-8899-1633e0b24454"", ""level"": 63, ""device"": ""desktop"", ""completed"": false, ""passed"": false, ""session_duration_seconds"": 430, ""sample_id"": ""dev_1""}"
7b8c732d-402b-4c3a-b11d-4d124b744e66,f6d8fbfc-3da0-464e-8a79-747e35ff8e6a,2026-03-05 08:33:32.067926,play_attempt,"{""level_attempt_id"": ""dbe8e242-93c5-42bd-bc12-cc9825eac169"", ""level"": 63, ""device"": ""desktop"", ""completed"": true, ""passed"": false, ""session_duration_seconds"": 331, ""sample_id"": ""dev_1""}"
6e458642-bf94-4479-acb5-57efac32cbce,f6d8fbfc-3da0-464e-8a79-747e35ff8e6a,2026-03-05 08:39:03.286207,play_attempt,"{""level_attempt_id"": ""60bbf6c5-a526-410a-a109-fabcba789be3"", ""level"": 63, ""device"": ""desktop"", ""completed"": true, ""passed"": false, ""session_duration_seconds"": 407, ""sample_id"": ""dev_1""}"
cde43828-5092-4fb1-9152-f9fd0fd03b40,f6d8fbfc-3da0-464e-8a79-747e35ff8e6a,2026-03-05 08:45:50.982234,play_attempt,"{""level_attempt_id"": ""b70bd31a-7338-4268-a9e6-0dcefa77b08e"", ""level"": 63, ""device"": ""desktop"", ""completed"": false, ""passed"": false, ""session_duration_seconds"": 287, ""sample_id"": ""dev_1""}"
a897802c-4422-4590-b198-654b265d8108,f6d8fbfc-3da0-464e-8a79-747e35ff8e6a,2026-03-05 08:50:37.996005,play_attempt,"{""level_attempt_id"": ""d4d79ad4-879f-40b1-a9d1-f081707a8864"", ""level"": 63, ""device"": ""desktop"", ""completed"": false, ""passed"": false, ""session_duration_seconds"": 57, ""sample_id"": ""dev_1""}"
545a32c6-c2f2-4a09-a9a0-97bd76b1c508,f6d8fbfc-3da0-464e-8a79-747e35ff8e6a,2026-03-05 08:51:35.678105,play_attempt,"{""level_attempt_id"": ""8500c52c-d6d2-453c-b84f-acc94042ed0d"", ""level"": 63, ""device"": ""desktop"", ""completed"": true, ""passed"": true, ""session_duration_seconds"": 332, ""sample_id"": ""dev_1""}"
866cdbc9-f92e-4eca-b7b6-5e649d389959,f6d8fbfc-3da0-464e-8a79-747e35ff8e6a,2026-03-05 08:57:08.565158,play_attempt,"{""level_attempt_id"": ""26fd8adc-7dc9-4f36-a9e6-cd46ee354091"", ""level"": 64, ""device"": ""tablet"", ""completed"": true, ""passed"": true, ""session_duration_seconds"": 173, ""sample_id"": ""dev_1""}"
96650a8b-4242-4905-9a57-6d78063d5c8b,f6d8fbfc-3da0-464e-8a79-747e35ff8e6a,2026-03-05 09:00:02.265024,play_attempt,"{""level_attempt_id"": ""0097ccca-9bf3-4881-837f-4e724847e7d4"", ""level"": 65, ""device"": ""tablet"", ""completed"": true, ""passed"": true, ""session_duration_seconds"": 402, ""sample_id"": ""dev_1""}"
8f5a2357-1a0c-4af2-b0bc-b32c6f645962,f6d8fbfc-3da0-464e-8a79-747e35ff8e6a,2026-03-05 09:06:44.610169,play_attempt,"{""level_attempt_id"": ""d0f5055f-aef8-432e-998b-a95b217cfa13"", ""level"": 66, ""device"": ""tablet"", ""completed"": false, ""passed"": false, ""session_duration_seconds"": 186, ""sample_id"": ""dev_1""}"
d0646b47-d168-4d96-add3-8e529bdf7c98,f6d8fbfc-3da0-464e-8a79-747e35ff8e6a,2026-03-05 09:09:51.050493,play_attempt,"{""level_attempt_id"": ""66b9054a-897e-432f-a1a7-be8a5cb29585"", ""level"": 66, ""device"": ""tablet"", ""completed"": true, ""passed"": false, ""session_duration_seconds"": 314, ""sample_id"": ""dev_1""}"
0233b775-842f-447e-b15f-9615dbf0a8a7,f6d8fbfc-3da0-464e-8a79-747e35ff8e6a,2026-03-05 09:15:05.913764,play_attempt,"{""level_attempt_id"": ""42064f50-937b-43eb-a7b3-0e51bb9566a1"", ""level"": 66, ""device"": ""tablet"", ""completed"": false, ""passed"": false, ""session_duration_seconds"": 533, ""sample_id"": ""dev_1""}"
fb0a604a-781c-4a1b-8670-5522f3b44313,f6d8fbfc-3da0-464e-8a79-747e35ff8e6a,2026-03-05 09:23:59.320302,play_attempt,"{""level_attempt_id"": ""50ab5b41-9c81-48bc-9c92-ee4ad84545dd"", ""level"": 66, ""device"": ""tablet"", ""completed"": false, ""passed"": false, ""session_duration_seconds"": 380, ""sample_id"": ""dev_1""}"
7510ca53-9f13-4c14-806b-a08811a32818,f6d8fbfc-3da0-464e-8a79-747e35ff8e6a,2026-03-05 09:30:19.610365,play_attempt,"{""level_attempt_id"": ""33a255d6-4afa-47c9-b016-e567facfd3b7"", ""level"": 66, ""device"": ""tablet"", ""completed"": false, ""passed"": false, ""session_duration_seconds"": 210, ""sample_id"": ""dev_1""}"
81b153f1-c1a0-4420-a84d-daab0a5070c5,f6d8fbfc-3da0-464e-8a79-747e35ff8e6a,2026-03-05 09:33:50.288906,play_attempt,"{""level_attempt_id"": ""d952f890-0db8-4f0f-905c-8dd2f3404cec"", ""level"": 66, ""device"": ""tablet"", ""completed"": true, ""passed"": false, ""session_duration_seconds"": 503, ""sample_id"": ""dev_1""}"
33b926e3-24e7-4cdf-b617-f63175e3276f,f6d8fbfc-3da0-464e-8a79-747e35ff8e6a,2026-03-05 09:42:13.955326,play_attempt,"{""level_attempt_id"": ""d824f738-5a2c-4e5c-af4b-b7104c63fda3"", ""level"": 66, ""device"": ""tablet"", ""completed"": false, ""passed"": false, ""session_duration_seconds"": 142, ""sample_id"": ""dev_1""}"
0670887f-7ad2-43d3-888e-867889f8804e,f6d8fbfc-3da0-464e-8a79-747e35ff8e6a,2026-03-05 09:44:36.209555,play_attempt,"{""level_attempt_id"": ""805105c7-2745-4a6c-b0d4-dbf5cfa468d3"", ""level"": 66, ""device"": ""tablet"", ""completed"": true, ""passed"": false, ""session_duration_seconds"": 242, ""sample_id"": ""dev_1""}"
6852e558-89b1-404c-bf01-70b94be4cd94,f6d8fbfc-3da0-464e-8a79-747e35ff8e6a,2026-03-05 09:48:38.632169,play_attempt,"{""level_attempt_id"": ""94035362-13b1-48e1-a722-2e7ad6e913f8"", ""level"": 66, ""device"": ""tablet"", ""completed"": true, ""passed"": false, ""session_duration_seconds"": 421, ""sample_id"": ""dev_1""}"
903fcc29-682d-409d-a7cf-6256a64b668b,f6d8fbfc-3da0-464e-8a79-747e35ff8e6a,2026-03-05 09:55:40.084562,play_attempt,"{""level_attempt_id"": ""3e3cfe75-6d85-4823-bcc8-d5d1ffe46d23"", ""level"": 66, ""device"": ""tablet"", ""completed"": true, ""passed"": true, ""session_duration_seconds"": 375, ""sample_id"": ""dev_1""}"
eaa7bf48-fd3f-4833-bed6-4a4590681d53,f6d8fbfc-3da0-464e-8a79-747e35ff8e6a,2026-03-05 10:01:55.722835,play_attempt,"{""level_attempt_id"": ""962c02a2-ba9a-46e4-8673-ccb23ba68d3a"", ""level"": 67, ""device"": ""tablet"", ""completed"": true, ""passed"": true, ""session_duration_seconds"": 505, ""sample_id"": ""dev_1""}"
4008246e-3d9b-4ae6-bd44-2bcb858e58c9,f6d8fbfc-3da0-464e-8a79-747e35ff8e6a,2026-03-05 10:10:21.180921,play_attempt,"{""level_attempt_id"": ""6c32d6a5-fda4-4ff5-a90f-dfa070a19031"", ""level"": 68, ""device"": ""desktop"", ""completed"": true, ""passed"": false, ""session_duration_seconds"": 383, ""sample_id"": ""dev_1""}"
761f419a-7960-4108-bd27-1c1b0812d277,f6d8fbfc-3da0-464e-8a79-747e35ff8e6a,2026-03-05 10:16:44.311443,play_attempt,"{""level_attempt_id"": ""ed1067ff-13e6-4106-926b-615ff60ebefc"", ""level"": 68, ""device"": ""desktop"", ""completed"": true, ""passed"": false, ""session_duration_seconds"": 270, ""sample_id"": ""dev_1""}"
2a28e460-da13-4f3b-ab67-6d2c12dfe09a,f6d8fbfc-3da0-464e-8a79-747e35ff8e6a,2026-03-05 10:21:14.939883,play_attempt,"{""level_attempt_id"": ""cbfa1baa-6d9d-4c07-b61a-c0f7bb782918"", ""level"": 68, ""device"": ""desktop"", ""completed"": true, ""passed"": true, ""session_duration_seconds"": 449, ""sample_id"": ""dev_1""}"
b0880031-962d-41c7-9b00-41fb8ead7a28,f6d8fbfc-3da0-464e-8a79-747e35ff8e6a,2026-03-05 10:28:44.670653,play_attempt,"{""level_attempt_id"": ""e94a65c0-1525-44ba-b398-482a8d6c6de5"", ""level"": 69, ""device"": ""desktop"", ""completed"": true, ""passed"": true, ""session_duration_seconds"": 226, ""sample_id"": ""dev_1""}"
4ac39969-4ad9-486d-81fc-8ceb52458cd2,f6d8fbfc-3da0-464e-8a79-747e35ff8e6a,2026-03-05 10:32:31.342912,play_attempt,"{""level_attempt_id"": ""d7e08169-ac8a-401f-b6af-7786de3cf4f8"", ""level"": 70, ""device"": ""tablet"", ""completed"": true, ""passed"": true, ""session_duration_seconds"": 457, ""sample_id"": ""dev_1""}"
e78e8a70-1616-4807-9f16-2a8975b9ff55,f6d8fbfc-3da0-464e-8a79-747e35ff8e6a,2026-03-05 10:40:08.567682,play_attempt,"{""level_attempt_id"": ""a43a5953-72be-42aa-b740-d2c42c01a86a"", ""level"": 71, ""device"": ""phone"", ""completed"": false, ""passed"": false, ""session_duration_seconds"": 45, ""sample_id"": ""dev_1""}"
9e33b61c-4190-4b19-b759-583ade3bcee1,f6d8fbfc-3da0-464e-8a79-747e35ff8e6a,2026-03-05 10:40:53.939048,play_attempt,"{""level_attempt_id"": ""a080c555-3299-463d-9892-77b10e1b470f"", ""level"": 71, ""device"": ""phone"", ""completed"": true, ""passed"": true, ""session_duration_seconds"": 288, ""sample_id"": ""dev_1""}"
c72b2a46-9089-46d7-bb08-a2d9e9db2f34,f6d8fbfc-3da0-464e-8a79-747e35ff8e6a,2026-03-22 10:45:42.370795,play_attempt,"{""level_attempt_id"": ""749fb758-07c3-4b3b-8f0b-ea5084b88e3f"", ""level"": 72, ""device"": ""phone"", ""completed"": true, ""passed"": false, ""session_duration_seconds"": 329, ""sample_id"": ""dev_1""}"
29f3810c-3626-449b-92f0-f8750f400265,f6d8fbfc-3da0-464e-8a79-747e35ff8e6a,2026-03-22 10:51:11.491344,play_attempt,"{""level_attempt_id"": ""b7d3927c-0619-40cd-9fa5-8cb577c81a8e"", ""level"": 72, ""device"": ""phone"", ""completed"": true, ""passed"": true, ""session_duration_seconds"": 324, ""sample_id"": ""dev_1""}"
5cee8b99-058f-48bc-9942-9fe91bb826a5,f6d8fbfc-3da0-464e-8a79-747e35ff8e6a,2026-03-22 10:56:35.828941,play_attempt,"{""level_attempt_id"": ""f19c77a2-d5c3-4283-9968-a7daee7d3873"", ""level"": 73, ""device"": ""phone"", ""completed"": true, ""passed"": false, ""session_duration_seconds"": 452, ""sample_id"": ""dev_1""}"
09ed0446-b5ee-452d-8e51-ed4ef0959d0a,f6d8fbfc-3da0-464e-8a79-747e35ff8e6a,2026-03-22 11:04:08.477038,play_attempt,"{""level_attempt_id"": ""c472e2cc-4416-4eed-bc89-bebabe819f9e"", ""level"": 73, ""device"": ""phone"", ""completed"": true, ""passed"": true, ""session_duration_seconds"": 319, ""sample_id"": ""dev_1""}"
5536275a-6b23-4b0b-b5e7-66f09c074a2c,f6d8fbfc-3da0-464e-8a79-747e35ff8e6a,2026-03-23 11:09:27.768599,play_attempt,"{""level_attempt_id"": ""a11733e6-b591-4195-bcad-f5503b7264c4"", ""level"": 74, ""device"": ""phone"", ""completed"": true, ""passed"": true, ""session_duration_seconds"": 149, ""sample_id"": ""dev_1""}"
e230fa6d-412e-49a9-acd2-231a5dba85bb,f6d8fbfc-3da0-464e-8a79-747e35ff8e6a,2026-03-23 11:11:57.59327,play_attempt,"{""level_attempt_id"": ""055b7e3a-4f4f-4889-b113-b9835a3194f9"", ""level"": 75, ""device"": ""phone"", ""completed"": true, ""passed"": true, ""session_duration_seconds"": 249, ""sample_id"": ""dev_1""}"
e8578681-0af6-4f26-959c-d0c729cbd4b5,f6d8fbfc-3da0-464e-8a79-747e35ff8e6a,2026-03-23 11:16:07.003731,play_attempt,"{""level_attempt_id"": ""e5b3d5e9-b447-43aa-a32d-7fdb49540f81"", ""level"": 76, ""device"": ""desktop"", ""completed"": true, ""passed"": true, ""session_duration_seconds"": 509, ""sample_id"": ""dev_1""}"
c76329b9-829d-4af8-a117-e2e457f61fd9,f6d8fbfc-3da0-464e-8a79-747e35ff8e6a,2026-03-23 11:24:36.418984,play_attempt,"{""level_attempt_id"": ""1e1d49fe-6722-486a-ae0a-33131425c508"", ""level"": 77, ""device"": ""desktop"", ""completed"": false, ""passed"": false, ""session_duration_seconds"": 121, ""sample_id"": ""dev_1""}"
4d623b2c-9df2-4431-85b1-5dd98758207b,f6d8fbfc-3da0-464e-8a79-747e35ff8e6a,2026-03-23 11:26:37.946269,play_attempt,"{""level_attempt_id"": ""3acc5f18-f593-4aea-8052-59ef77a6ef0f"", ""level"": 77, ""device"": ""phone"", ""completed"": true, ""passed"": true, ""session_duration_seconds"": 287, ""sample_id"": ""dev_1""}"
8a8e54f8-e71d-4517-b58d-07dcc81ec3af,f6d8fbfc-3da0-464e-8a79-747e35ff8e6a,2026-03-23 11:31:25.882498,play_attempt,"{""level_attempt_id"": ""280b8db1-3741-47dd-9372-18cc617857cc"", ""level"": 78, ""device"": ""phone"", ""completed"": true, ""passed"": false, ""session_duration_seconds"": 236, ""sample_id"": ""dev_1""}"
7441c8ac-d5a9-469b-9fb3-b795e6a6692d,f6d8fbfc-3da0-464e-8a79-747e35ff8e6a,2026-03-23 11:35:22.110793,play_attempt,"{""level_attempt_id"": ""03a03cd2-9c3e-4c6a-bc0f-d8b0b7fdc94c"", ""level"": 78, ""device"": ""phone"", ""completed"": true, ""passed"": false, ""session_duration_seconds"": 223, ""sample_id"": ""dev_1""}"
8a92473f-a161-4e5e-8456-f86aff8b7829,f6d8fbfc-3da0-464e-8a79-747e35ff8e6a,2026-03-23 11:39:05.539776,play_attempt,"{""level_attempt_id"": ""3af19aa4-75da-4a0e-92ad-dc0531fa9e5b"", ""level"": 78, ""device"": ""phone"", ""completed"": false, ""passed"": false, ""session_duration_seconds"": 313, ""sample_id"": ""dev_1""}"
ab4b6054-c6aa-4f0c-a450-c2a97ff15efc,f6d8fbfc-3da0-464e-8a79-747e35ff8e6a,2026-03-23 11:44:19.144512,play_attempt,"{""level_attempt_id"": ""24e99b6e-6668-4baa-96e4-e120fa59338d"", ""level"": 78, ""device"": ""phone"", ""completed"": true, ""passed"": true, ""session_duration_seconds"": 360, ""sample_id"": ""dev_1""}"
2d6c862e-866f-4c2c-b250-0a29663a963e,f6d8fbfc-3da0-464e-8a79-747e35ff8e6a,2026-03-23 11:50:19.374637,play_attempt,"{""level_attempt_id"": ""0ac8469a-add4-46a2-b392-04b0497c3031"", ""level"": 79, ""device"": ""phone"", ""completed"": true, ""passed"": true, ""session_duration_seconds"": 231, ""sample_id"": ""dev_1""}"
a5fdff56-e72b-4363-bfd2-96b236f75ad0,f6d8fbfc-3da0-464e-8a79-747e35ff8e6a,2026-03-23 11:54:10.741155,play_attempt,"{""level_attempt_id"": ""2dd5b39e-051a-4624-aea4-fa5acb37e799"", ""level"": 80, ""device"": ""phone"", ""completed"": true, ""passed"": true, ""session_duration_seconds"": 257, ""sample_id"": ""dev_1""}"
b4f7e3cd-bad1-4f25-b965-0bea4e1004d4,f6d8fbfc-3da0-464e-8a79-747e35ff8e6a,2026-03-24 11:58:27.767302,play_attempt,"{""level_attempt_id"": ""e3b4f3af-77f8-40e9-9221-2bb0ed2d1e34"", ""level"": 81, ""device"": ""phone"", ""completed"": true, ""passed"": false, ""session_duration_seconds"": 410, ""sample_id"": ""dev_1""}"
6b8aab2c-9c62-4cdc-b732-04fc21205350,f6d8fbfc-3da0-464e-8a79-747e35ff8e6a,2026-03-24 12:05:18.125483,play_attempt,"{""level_attempt_id"": ""500b94af-7a10-42c7-be7d-30ca77756f09"", ""level"": 81, ""device"": ""desktop"", ""completed"": false, ""passed"": false, ""session_duration_seconds"": 314, ""sample_id"": ""dev_1""}"
24200aa6-50d5-42f3-92e5-260e79367950,f6d8fbfc-3da0-464e-8a79-747e35ff8e6a,2026-03-24 12:10:33.052006,play_attempt,"{""level_attempt_id"": ""8b8704af-0dc5-4ac5-bfcd-7b475fccabb8"", ""level"": 81, ""device"": ""desktop"", ""completed"": true, ""passed"": true, ""session_duration_seconds"": 243, ""sample_id"": ""dev_1""}"
a433d6be-481c-4c9e-bede-3f668651083f,f6d8fbfc-3da0-464e-8a79-747e35ff8e6a,2026-03-24 12:14:37.022366,play_attempt,"{""level_attempt_id"": ""8b845cb5-6ec5-4b91-9424-58c7159a2eac"", ""level"": 82, ""device"": ""desktop"", ""completed"": true, ""passed"": true, ""session_duration_seconds"": 391, ""sample_id"": ""dev_1""}"
dda63784-f793-4d6a-a690-cb5e125ff055,f6d8fbfc-3da0-464e-8a79-747e35ff8e6a,2026-03-24 12:21:08.234901,play_attempt,"{""level_attempt_id"": ""c03f56a2-6e29-48ef-a1d8-f6b44f7d2510"", ""level"": 83, ""device"": ""desktop"", ""completed"": true, ""passed"": false, ""session_duration_seconds"": 218, ""sample_id"": ""dev_1""}"
0f71d259-37e5-41d5-8b73-85bb96f1c6c4,f6d8fbfc-3da0-464e-8a79-747e35ff8e6a,2026-03-24 12:24:46.415459,play_attempt,"{""level_attempt_id"": ""038c8147-fa85-4c2f-ab64-2cfb88a31f35"", ""level"": 83, ""device"": ""desktop"", ""completed"": true, ""passed"": false, ""session_duration_seconds"": 271, ""sample_id"": ""dev_1""}"
bd36b906-82dd-4ec3-8254-05898590044d,f6d8fbfc-3da0-464e-8a79-747e35ff8e6a,2026-03-24 12:29:17.552374,play_attempt,"{""level_attempt_id"": ""3c155e5a-feff-41b0-8ed0-c2b7350f2d16"", ""level"": 83, ""device"": ""desktop"", ""completed"": true, ""passed"": false, ""session_duration_seconds"": 224, ""sample_id"": ""dev_1""}"
90dda68f-b50f-454f-b1e6-039457f23e5c,f6d8fbfc-3da0-464e-8a79-747e35ff8e6a,2026-03-24 12:33:02.396204,play_attempt,"{""level_attempt_id"": ""6ade483d-fdf1-462d-8b1f-5f4283a24959"", ""level"": 83, ""device"": ""phone"", ""completed"": true, ""passed"": false, ""session_duration_seconds"": 268, ""sample_id"": ""dev_1""}"
3527680d-6cd0-4f5f-8b7a-09e241705600,f6d8fbfc-3da0-464e-8a79-747e35ff8e6a,2026-03-24 12:37:30.656408,play_attempt,"{""level_attempt_id"": ""6d05d085-87f9-472c-9558-9ccc3e951d16"", ""level"": 83, ""device"": ""tablet"", ""completed"": true, ""passed"": false, ""session_duration_seconds"": 383, ""sample_id"": ""dev_1""}"
a2703e61-f8c6-4000-95d7-fb912d97ad50,f6d8fbfc-3da0-464e-8a79-747e35ff8e6a,2026-03-24 12:43:54.308902,play_attempt,"{""level_attempt_id"": ""4ee27ea8-d9a1-4b8e-934f-dc10b6f604f7"", ""level"": 83, ""device"": ""desktop"", ""completed"": false, ""passed"": false, ""session_duration_seconds"": 81, ""sample_id"": ""dev_1""}"
0bcde566-42ab-482f-80c4-f4c2f287c70a,f6d8fbfc-3da0-464e-8a79-747e35ff8e6a,2026-03-24 12:45:15.699637,play_attempt,"{""level_attempt_id"": ""6172c7a6-25b1-4fd1-83e8-e88c92e5a05a"", ""level"": 83, ""device"": ""desktop"", ""completed"": false, ""passed"": false, ""session_duration_seconds"": 440, ""sample_id"": ""dev_1""}"
c886dce5-e7ac-4aee-b157-9759546a2bae,f6d8fbfc-3da0-464e-8a79-747e35ff8e6a,2026-03-24 12:52:36.161341,play_attempt,"{""level_attempt_id"": ""916c28fc-9a8d-4113-b5d0-23c7217a37e2"", ""level"": 83, ""device"": ""desktop"", ""completed"": true, ""passed"": true, ""session_duration_seconds"": 295, ""sample_id"": ""dev_1""}"
c73c92bb-718f-47c9-9a7a-c3e35f4b7b4f,f6d8fbfc-3da0-464e-8a79-747e35ff8e6a,2026-04-03 12:57:31.505054,play_attempt,"{""level_attempt_id"": ""ac7eaafd-d48e-4c51-adf0-685e109262e7"", ""level"": 84, ""device"": ""desktop"", ""completed"": false, ""passed"": false, ""session_duration_seconds"": 454, ""sample_id"": ""dev_1""}"
625430d7-fb8f-4154-851d-ac97f05bbbfc,f6d8fbfc-3da0-464e-8a79-747e35ff8e6a,2026-04-03 13:05:05.693221,play_attempt,"{""level_attempt_id"": ""a608ee42-c9ef-4a3a-9cad-5cfb60c408a1"", ""level"": 84, ""device"": ""tablet"", ""completed"": true, ""passed"": false, ""session_duration_seconds"": 535, ""sample_id"": ""dev_1""}"
ac3af239-e488-4076-9b64-1b9117fd755a,f6d8fbfc-3da0-464e-8a79-747e35ff8e6a,2026-04-03 13:14:00.873056,play_attempt,"{""level_attempt_id"": ""927a9e7e-b789-408d-bc70-c59ae2b793a2"", ""level"": 84, ""device"": ""desktop"", ""completed"": true, ""passed"": false, ""session_duration_seconds"": 242, ""sample_id"": ""dev_1""}"
ed9255b7-47fa-4a24-a075-d1738901d676,f6d8fbfc-3da0-464e-8a79-747e35ff8e6a,2026-04-03 13:18:03.334376,play_attempt,"{""level_attempt_id"": ""138cc52b-894c-4c27-b635-6cf28210bcb3"", ""level"": 84, ""device"": ""desktop"", ""completed"": true, ""passed"": true, ""session_duration_seconds"": 517, ""sample_id"": ""dev_1""}"
8203d8db-6dc1-4e81-8ddb-130ec5dace4c,f6d8fbfc-3da0-464e-8a79-747e35ff8e6a,2026-04-03 13:26:40.341152,play_attempt,"{""level_attempt_id"": ""c3cc2545-3ca3-4093-b4b9-5475053f6171"", ""level"": 85, ""device"": ""tablet"", ""completed"": false, ""passed"": false, ""session_duration_seconds"": 427, ""sample_id"": ""dev_1""}"
29828385-e708-4f95-a6e0-c0a8bb53d8fe,f6d8fbfc-3da0-464e-8a79-747e35ff8e6a,2026-04-03 13:33:47.702163,play_attempt,"{""level_attempt_id"": ""aa4c36a9-f675-44ac-aada-15b05ffb251e"", ""level"": 85, ""device"": ""tablet"", ""completed"": true, ""passed"": true, ""session_duration_seconds"": 433, ""sample_id"": ""dev_1""}"
17b091d8-7be1-44aa-9313-66b14d82a791,f6d8fbfc-3da0-464e-8a79-747e35ff8e6a,2026-04-03 13:41:01.388127,play_attempt,"{""level_attempt_id"": ""6a3da8b3-9348-4685-aa4c-dc87bdae7209"", ""level"": 86, ""device"": ""tablet"", ""completed"": true, ""passed"": false, ""session_duration_seconds"": 334, ""sample_id"": ""dev_1""}"
1e5705e4-6cfa-41bc-b255-e87afb0e2f01,f6d8fbfc-3da0-464e-8a79-747e35ff8e6a,2026-04-03 13:46:35.460058,play_attempt,"{""level_attempt_id"": ""2a9b6103-7968-4449-82c4-de25704b5435"", ""level"": 86, ""device"": ""tablet"", ""completed"": true, ""passed"": false, ""session_duration_seconds"": 285, ""sample_id"": ""dev_1""}"
926e4a58-f90a-45af-a7bf-fdfec7acb456,f6d8fbfc-3da0-464e-8a79-747e35ff8e6a,2026-04-03 13:51:20.946651,play_attempt,"{""level_attempt_id"": ""7e16643a-9ccc-4b4a-9733-369f0a183e17"", ""level"": 86, ""device"": ""tablet"", ""completed"": true, ""passed"": true, ""session_duration_seconds"": 187, ""sample_id"": ""dev_1""}"
7838d662-0f89-4d41-8d3c-4cafa3d439d7,f6d8fbfc-3da0-464e-8a79-747e35ff8e6a,2026-04-03 13:54:28.61905,play_attempt,"{""level_attempt_id"": ""2164a804-4c39-49d2-8787-7f47dfc090ea"", ""level"": 87, ""device"": ""tablet"", ""completed"": false, ""passed"": false, ""session_duration_seconds"": 218, ""sample_id"": ""dev_1""}"
de4c8ddb-7dd6-46c1-9aa8-abccb3e19e2d,f6d8fbfc-3da0-464e-8a79-747e35ff8e6a,2026-04-03 13:58:06.941339,play_attempt,"{""level_attempt_id"": ""5b0a65b2-4408-4a8d-874d-5241b2af0080"", ""level"": 87, ""device"": ""tablet"", ""completed"": true, ""passed"": false, ""session_duration_seconds"": 244, ""sample_id"": ""dev_1""}"
f6558d3e-fbd6-4aa1-bd60-5ca505930139,f6d8fbfc-3da0-464e-8a79-747e35ff8e6a,2026-04-03 14:02:11.440997,play_attempt,"{""level_attempt_id"": ""f671917e-f3eb-4990-8aab-42801f2ec5f2"", ""level"": 87, ""device"": ""tablet"", ""completed"": true, ""passed"": true, ""session_duration_seconds"": 508, ""sample_id"": ""dev_1""}"
c603e85d-54e4-42f7-9253-c6e1eabfbf8e,f6d8fbfc-3da0-464e-8a79-747e35ff8e6a,2026-04-05 14:10:40.232206,play_attempt,"{""level_attempt_id"": ""b6708e4a-fa08-4f6e-9cd7-cc90bddea036"", ""level"": 88, ""device"": ""tablet"", ""completed"": true, ""passed"": true, ""session_duration_seconds"": 244, ""sample_id"": ""dev_1""}"
96f6b264-47c1-4629-b8c9-87d5990d48cf,f6d8fbfc-3da0-464e-8a79-747e35ff8e6a,2026-04-21 14:14:44.66859,play_attempt,"{""level_attempt_id"": ""03bfa8f8-412a-4ddb-8557-b5c7e63102a4"", ""level"": 89, ""device"": ""desktop"", ""completed"": true, ""passed"": true, ""session_duration_seconds"": 242, ""sample_id"": ""dev_1""}"
6cebfd30-b75e-44bf-bb54-db7996aca666,f6d8fbfc-3da0-464e-8a79-747e35ff8e6a,2026-04-22 14:18:47.51107,play_attempt,"{""level_attempt_id"": ""75f8d44c-71ad-48e6-9c17-e695e1259e1d"", ""level"": 90, ""device"": ""phone"", ""completed"": true, ""passed"": false, ""session_duration_seconds"": 336, ""sample_id"": ""dev_1""}"
d36d8230-e3f4-4f70-a4eb-1442fff5a1a8,f6d8fbfc-3da0-464e-8a79-747e35ff8e6a,2026-04-22 14:24:23.604979,play_attempt,"{""level_attempt_id"": ""fe24b2c7-74b8-4be1-9e73-0a7282049f54"", ""level"": 90, ""device"": ""phone"", ""completed"": true, ""passed"": true, ""session_duration_seconds"": 207, ""sample_id"": ""dev_1""}"
a0e21062-1b9e-483c-89bb-d67517bc4ad3,f6d8fbfc-3da0-464e-8a79-747e35ff8e6a,2026-04-22 14:27:51.04257,play_attempt,"{""level_attempt_id"": ""91bcc613-20c8-4174-bf11-bc63579b809f"", ""level"": 91, ""device"": ""phone"", ""completed"": false, ""passed"": false, ""session_duration_seconds"": 406, ""sample_id"": ""dev_1""}"
692b8326-c5fc-482a-96f3-8e46f21d26a7,f6d8fbfc-3da0-464e-8a79-747e35ff8e6a,2026-04-22 14:34:37.791102,play_attempt,"{""level_attempt_id"": ""e25e769d-3172-4a77-8c3d-11d56c4567ce"", ""level"": 91, ""device"": ""phone"", ""completed"": true, ""passed"": true, ""session_duration_seconds"": 213, ""sample_id"": ""dev_1""}"
5e67c2b3-0929-414b-88ef-e6595d35dc7e,f6d8fbfc-3da0-464e-8a79-747e35ff8e6a,2026-04-22 14:38:11.144076,play_attempt,"{""level_attempt_id"": ""0d81ad7b-8457-48f5-89b1-1299b8beb2bb"", ""level"": 92, ""device"": ""phone"", ""completed"": true, ""passed"": true, ""session_duration_seconds"": 342, ""sample_id"": ""dev_1""}"
c969bf6c-afef-41ea-939d-cc5faf56de14,f6d8fbfc-3da0-464e-8a79-747e35ff8e6a,2026-04-22 14:43:53.696656,play_attempt,"{""level_attempt_id"": ""9a749dbf-f3f0-4f95-a1c6-04c58dce61cf"", ""level"": 93, ""device"": ""phone"", ""completed"": true, ""passed"": true, ""session_duration_seconds"": 408, ""sample_id"": ""dev_1""}"
954db733-cb0f-4bc5-9e4e-9f5fb3e51d9f,f6d8fbfc-3da0-464e-8a79-747e35ff8e6a,2026-04-22 14:50:42.279398,play_attempt,"{""level_attempt_id"": ""7ef56105-a2e1-4885-8cc7-5584bbdceabc"", ""level"": 94, ""device"": ""phone"", ""completed"": true, ""passed"": true, ""session_duration_seconds"": 488, ""sample_id"": ""dev_1""}"
b7fd6fa7-e08d-42d7-bbad-8e74d0b1fb65,f6d8fbfc-3da0-464e-8a79-747e35ff8e6a,2026-04-22 14:58:51.027972,play_attempt,"{""level_attempt_id"": ""3b7e6c03-9fa7-4b38-ab78-2e455821a97f"", ""level"": 95, ""device"": ""phone"", ""completed"": true, ""passed"": false, ""session_duration_seconds"": 436, ""sample_id"": ""dev_1""}"
b06f1897-3b9c-4625-ae4f-f90e05c839b1,f6d8fbfc-3da0-464e-8a79-747e35ff8e6a,2026-04-22 15:06:07.404135,play_attempt,"{""level_attempt_id"": ""292a4de7-55dd-42c8-9d13-b9f9f5b82e28"", ""level"": 95, ""device"": ""phone"", ""completed"": true, ""passed"": false, ""session_duration_seconds"": 249, ""sample_id"": ""dev_1""}"
4480a648-1a57-4bbe-a18c-12e177842329,f6d8fbfc-3da0-464e-8a79-747e35ff8e6a,2026-04-22 15:10:17.388073,play_attempt,"{""level_attempt_id"": ""bf04c505-50a4-46d9-ab4b-374d12c2733e"", ""level"": 95, ""device"": ""phone"", ""completed"": true, ""passed"": true, ""session_duration_seconds"": 321, ""sample_id"": ""dev_1""}"
d55a509b-c5d9-45a4-8a56-891c6cee390b,f6d8fbfc-3da0-464e-8a79-747e35ff8e6a,2026-04-22 15:15:39.176053,play_attempt,"{""level_attempt_id"": ""6c88a45f-9e53-4e51-b55f-670d74961d8b"", ""level"": 96, ""device"": ""desktop"", ""completed"": true, ""passed"": true, ""session_duration_seconds"": 253, ""sample_id"": ""dev_1""}"
56342325-0942-4a55-9240-77911848211e,f6d8fbfc-3da0-464e-8a79-747e35ff8e6a,2026-04-22 15:19:52.783963,play_attempt,"{""level_attempt_id"": ""8f54d242-0889-49c5-9c79-cd086d1a86d0"", ""level"": 97, ""device"": ""desktop"", ""completed"": true, ""passed"": true, ""session_duration_seconds"": 284, ""sample_id"": ""dev_1""}"
f3ec5355-08cb-4e0a-b018-927afb58e7be,f6d8fbfc-3da0-464e-8a79-747e35ff8e6a,2026-05-14 15:24:37.643431,play_attempt,"{""level_attempt_id"": ""65d8cb10-d6f6-420b-81ee-f71d4b66dff0"", ""level"": 98, ""device"": ""desktop"", ""completed"": true, ""passed"": false, ""session_duration_seconds"": 413, ""sample_id"": ""dev_1""}"
1c857ddd-f431-459d-95a2-25aff5158ac2,f6d8fbfc-3da0-464e-8a79-747e35ff8e6a,2026-05-14 15:31:30.974261,play_attempt,"{""level_attempt_id"": ""95fe2c3a-7ff4-466e-b691-06750645dbd6"", ""level"": 98, ""device"": ""desktop"", ""completed"": true, ""passed"": false, ""session_duration_seconds"": 135, ""sample_id"": ""dev_1""}"
54158bf2-0d31-494a-a0c1-8d9bf96314c4,f6d8fbfc-3da0-464e-8a79-747e35ff8e6a,2026-05-14 15:33:46.678792,play_attempt,"{""level_attempt_id"": ""d749dae8-4c70-4a6b-8aef-0d8ed082df27"", ""level"": 98, ""device"": ""desktop"", ""completed"": true, ""passed"": false, ""session_duration_seconds"": 255, ""sample_id"": ""dev_1""}"
911d5853-349a-4e63-8ec2-e9d5583527cd,f6d8fbfc-3da0-464e-8a79-747e35ff8e6a,2026-05-14 15:38:02.276704,play_attempt,"{""level_attempt_id"": ""de8d3826-3b99-4765-9969-09e29f3a68c6"", ""level"": 98, ""device"": ""desktop"", ""completed"": true, ""passed"": true, ""session_duration_seconds"": 169, ""sample_id"": ""dev_1""}"
c84ec0fe-f903-4718-8253-a704b77e6389,f6d8fbfc-3da0-464e-8a79-747e35ff8e6a,2026-05-14 15:40:51.653589,play_attempt,"{""level_attempt_id"": ""856efade-1812-4431-97ed-f73e6ed8c5f5"", ""level"": 99, ""device"": ""desktop"", ""completed"": true, ""passed"": false, ""session_duration_seconds"": 361, ""sample_id"": ""dev_1""}"
e56d1183-411a-48c0-ba40-7f3147790649,f6d8fbfc-3da0-464e-8a79-747e35ff8e6a,2026-05-14 15:46:53.642412,play_attempt,"{""level_attempt_id"": ""95b13d03-38ed-4f89-a78a-a7e1b7da5d58"", ""level"": 99, ""device"": ""desktop"", ""completed"": true, ""passed"": false, ""session_duration_seconds"": 388, ""sample_id"": ""dev_1""}"
bda2f5fc-225f-4ba4-b896-6f7ddc80c360,f6d8fbfc-3da0-464e-8a79-747e35ff8e6a,2026-05-14 15:53:22.00965,play_attempt,"{""level_attempt_id"": ""b069f26a-0f4a-46d9-aef9-77c9ef225aaf"", ""level"": 99, ""device"": ""desktop"", ""completed"": true, ""passed"": true, ""session_duration_seconds"": 238, ""sample_id"": ""dev_1""}"
93682bc7-e6e9-4903-892e-249e5f389a5e,f6d8fbfc-3da0-464e-8a79-747e35ff8e6a,2026-05-14 15:57:20.340315,play_attempt,"{""level_attempt_id"": ""b6e6d9a8-fbd6-4b31-bbb0-b168e2cbc65f"", ""level"": 100, ""device"": ""desktop"", ""completed"": true, ""passed"": false, ""session_duration_seconds"": 193, ""sample_id"": ""dev_1""}"
3b2862d1-ffee-48dc-9be7-7039b2e75e10,f6d8fbfc-3da0-464e-8a79-747e35ff8e6a,2026-05-14 16:00:34.194127,play_attempt,"{""level_attempt_id"": ""72566a7a-c9c2-4e2e-bcfe-90d4ae6858b8"", ""level"": 100, ""device"": ""desktop"", ""completed"": true, ""passed"": true, ""session_duration_seconds"": 251, ""sample_id"": ""dev_1""}"
