event_id,user_id,start_ts,end_ts,level_attempt_id,level,device,completed,passed,session_duration_seconds
3bbfc52a-468c-407b-8731-f6974c968fb8,08a5fa48-2936-465e-affa-5558331c8a8d,2026-01-01 17:13:54,2026-01-01 17:15:00,1b8c91bb-2139-4435-be82-53656be92ecc,1,tablet,false,false,66
bef8ca88-fbf1-4ece-bf84-3d4e693e9015,08a5fa48-2936-465e-affa-5558331c8a8d,2026-01-01 17:15:00.058973,2026-01-01 17:18:41.058973,5e6122f5-0799-42b8-af4b-eaf2d9ed7e84,1,tablet,true,true,221
4eed36a3-419b-443a-91d9-b23bbe15ecef,08a5fa48-2936-465e-affa-5558331c8a8d,2026-01-01 17:18:41.547024,2026-01-01 17:21:04.547024,fb1e8299-5fb6-4955-a6b0-c4469adf8db6,2,tablet,true,true,143
f74d53b5-7871-44a3-a2bd-f41fdd2650e0,08a5fa48-2936-465e-affa-5558331c8a8d,2026-01-01 17:21:04.984842,2026-01-01 17:27:59.984842,60fe191d-4d48-466e-8223-3f398b15a2cc,3,phone,false,false,415
d286615c-83ef-4a2c-a2fb-96b24ab2a952,08a5fa48-2936-465e-affa-5558331c8a8d,2026-01-01 17:28:00.881217,2026-01-01 17:37:09.881217,a4a5c03a-f4ac-43b2-be08-5c5b43f5848b,3,phone,true,true,549
94bb97e4-a063-437a-a383-c7a097bbf3d1,08a5fa48-2936-465e-affa-5558331c8a8d,2026-01-01 17:37:10.362819,2026-01-01 17:41:19.362819,7fbd4b5e-f7a8-4c30-8bfc-4f66c60614cc,4,desktop,true,true,249
9dc5f82e-a2c2-4db3-87fc-7d371d6379e1,08a5fa48-2936-465e-affa-5558331c8a8d,2026-01-02 17:41:20.036237,2026-01-02 17:50:08.036237,0fd20b75-a880-4e7d-ac8c-5289850ec910,5,desktop,true,true,528
7313c197-ea63-4790-ba22-e410434342b5,08a5fa48-2936-465e-affa-5558331c8a8d,2026-01-30 17:50:08.775766,2026-01-30 17:53:20.775766,5e1e0fb6-b2ac-45cf-bcdb-7c448911f09c,6,desktop,true,true,192
188e1197-bf46-406d-a5e6-cada7dbcb3ab,08a5fa48-2936-465e-affa-5558331c8a8d,2026-01-30 17:53:20.883713,2026-01-30 17:59:28.883713,55f7405d-d413-4119-bfc3-a0ed81f0b9d5,7,desktop,true,true,368
455a5727-7bcd-4112-aa7c-6d086e2ab960,08a5fa48-2936-465e-affa-5558331c8a8d,2026-02-28 17:59:29.538225,2026-02-28 18:04:16.538225,f76f073b-eb5d-4e7b-bd31-c8ece5fdfa1b,8,desktop,true,true,287
948ed7d3-e363-476c-8182-55c922b392d7,08a5fa48-2936-465e-affa-5558331c8a8d,2026-02-28 18:04:16.542541,2026-02-28 18:08:51.542541,a7ddeec6-46de-48e0-b916-63994fdfc9b6,9,desktop,false,false,275
4afa8415-0c57-4aa5-95ee-482c2c20c058,08a5fa48-2936-465e-affa-5558331c8a8d,2026-02-28 18:08:51.544841,2026-02-28 18:14:05.544841,c197b7d3-4b8e-4604-b175-24c06c2ef474,9,phone,false,false,314
d5d966ce-eacf-44eb-b8a7-636109399c82,08a5fa48-2936-465e-affa-5558331c8a8d,2026-02-28 18:14:06.27033,2026-02-28 18:17:18.27033,a93a81da-8369-4d8e-a84d-3271d1ee882e,9,phone,true,true,192
d60c3645-b2b1-42d7-9584-bdcd15b99b0c,08a5fa48-2936-465e-affa-5558331c8a8d,2026-02-28 18:17:18.936958,2026-02-28 18:21:57.936958,95e38a32-6c8d-44b0-ad8d-db27e4ccbac7,10,tablet,true,true,279
eadc54b8-1673-4196-93db-1ee44a15533c,08a5fa48-2936-465e-affa-5558331c8a8d,2026-02-28 18:21:58.47595,2026-02-28 18:28:57.47595,cb45233d-be51-40d5-a37b-dbc1d4997a8d,11,tablet,true,true,419
6320cc5a-292d-4e5d-a9e8-bb04d51da5bb,08a5fa48-2936-465e-affa-5558331c8a8d,2026-02-28 18:28:57.834692,2026-02-28 18:34:53.834692,e6167001-9fba-4d0b-8ff2-7154f06afbbc,12,tablet,false,false,356
c011247e-0c2e-47a9-b3ec-fc6b7579d320,08a5fa48-2936-465e-affa-5558331c8a8d,2026-02-28 18:34:54.42735,2026-02-28 18:38:23.42735,527723c1-4523-4413-a156-98d87237765e,12,tablet,true,false,209
b8814ce3-cc16-47ec-8f0a-a3473667c880,08a5fa48-2936-465e-affa-5558331c8a8d,2026-02-28 18:38:24.305771,2026-02-28 18:43:57.305771,509468bd-d1dc-4ae6-9989-b2dc76751cd9,12,tablet,false,false,333
4f707440-f2d6-4ae7-aff9-24b1ea211078,08a5fa48-2936-465e-affa-5558331c8a8d,2026-02-28 18:43:57.868121,2026-02-28 18:52:02.868121,7bb4c193-fc39-4ae7-b333-8df7d0cfab6a,12,tablet,true,true,485
fd8f68d9-9961-428f-bda6-5e95b120ab57,08a5fa48-2936-465e-affa-5558331c8a8d,2026-02-28 18:52:02.90778,2026-02-28 18:57:46.90778,f8279eb8-0b37-45fb-a4bb-4a84900c43f9,13,tablet,true,true,344
ce1d1132-a88c-44f7-9e7d-8beb83c47736,08a5fa48-2936-465e-affa-5558331c8a8d,2026-02-28 18:57:47.559063,2026-02-28 19:01:29.559063,f55ccf8a-60e9-47c0-b384-c972a53405b7,14,phone,true,false,222
f586c564-eec1-4793-9a26-dd5dbf98f80b,08a5fa48-2936-465e-affa-5558331c8a8d,2026-02-28 19:01:30.02281,2026-02-28 19:05:57.02281,904f5e14-4d0e-4ba1-b5ca-6109685db4d7,14,desktop,true,true,267
55a07aa2-dea8-47da-a216-77f8c46f3437,08a5fa48-2936-465e-affa-5558331c8a8d,2026-03-01 19:05:57.347159,2026-03-01 19:11:48.347159,2ef154fe-1c63-43c2-9c7f-27b455e91b13,15,desktop,false,false,351
b5fdcd5a-cfbf-4a25-aaa1-3a127573504c,08a5fa48-2936-465e-affa-5558331c8a8d,2026-03-01 19:11:49.144506,2026-03-01 19:15:24.144506,e3ed8724-61f2-46a7-84ed-63aeac3049d6,15,desktop,true,true,215
ec8e2fe6-8d7f-4e88-8a50-5f327bc3ea61,08a5fa48-2936-465e-affa-5558331c8a8d,2026-03-01 19:15:25.081294,2026-03-01 19:22:46.081294,900b9ca9-6e86-4399-b024-30ba24582269,16,phone,false,false,441
c7fbf6e9-0593-4abe-b1f5-e982921567f3,08a5fa48-2936-465e-affa-5558331c8a8d,2026-03-01 19:22:46.199276,2026-03-01 19:28:53.199276,fa1a71e0-173e-4f2c-a908-649b0e3053f6,16,phone,true,true,367
47dc54e0-b42e-4c3f-8a59-e3eeac39065b,08a5fa48-2936-465e-affa-5558331c8a8d,2026-03-01 19:28:53.823235,2026-03-01 19:33:26.823235,b2c88c99-54bc-42ae-a981-da8ee3c2350e,17,phone,true,true,273
6d62a81a-5b96-4639-9066-09bb26c24823,08a5fa48-2936-465e-affa-5558331c8a8d,2026-03-01 19:33:27.333078,2026-03-01 19:37:26.333078,e70184dc-6bdb-4cd9-81e0-fa251d3a88c7,18,desktop,false,false,239
99de44a3-93fd-41dd-ab03-b7c9ded048f4,08a5fa48-2936-465e-affa-5558331c8a8d,2026-03-01 19:37:27.304292,2026-03-01 19:46:25.304292,df2b69d9-5182-480e-a3ed-45750cc3f161,18,desktop,true,true,538
e7d79aec-2306-48d0-bc82-48de5f2edc25,08a5fa48-2936-465e-affa-5558331c8a8d,2026-03-01 19:46:26.115609,2026-03-01 19:54:31.115609,3cf17eb9-d607-4694-80df-6d3187e1be55,19,desktop,true,false,485
cd7918cc-e996-4226-b95b-da62524b74f8,08a5fa48-2936-465e-affa-5558331c8a8d,2026-03-01 19:54:31.351583,2026-03-01 20:00:22.351583,322f0399-2280-4097-9662-614392fb0e33,19,tablet,false,false,351
ce3a8aa7-0acb-447d-94de-9ed849e92dc9,08a5fa48-2936-465e-affa-5558331c8a8d,2026-03-01 20:00:23.135894,2026-03-01 20:06:20.135894,fab9d198-8a73-4ab8-8f7d-2c0b6fef00f0,19,tablet,true,true,357
8aa84bdf-1b2a-4e58-a509-d9f3a4e26eb1,08a5fa48-2936-465e-affa-5558331c8a8d,2026-03-01 20:06:20.532933,2026-03-01 20:12:42.532933,18cbf8b6-6470-4c81-85f1-c077153d73b4,20,tablet,true,true,382
fee3902a-f786-4029-945f-f82e88ddf31a,08a5fa48-2936-465e-affa-5558331c8a8d,2026-03-01 20:12:43.083327,2026-03-01 20:19:38.083327,11dc92cb-c7ca-4504-b7ac-37d8f179e94d,21,tablet,true,true,415
550d10f4-475a-40e4-b972-fb88bf63b5ff,08a5fa48-2936-465e-affa-5558331c8a8d,2026-03-01 20:19:38.857656,2026-03-01 20:24:45.857656,5633e3bb-e50e-424b-a095-5c6e544a7c9f,22,tablet,true,true,307
053d4632-6bec-4c6a-8ca2-250f58b517d9,08a5fa48-2936-465e-affa-5558331c8a8d,2026-03-03 20:24:46.16879,2026-03-03 20:29:50.16879,338bbf18-a00f-4604-99a4-892591f0b1a3,23,tablet,true,true,304
fc6bfcd6-1312-4372-93fb-57e0514f8337,08a5fa48-2936-465e-affa-5558331c8a8d,2026-03-03 20:29:50.894093,2026-03-03 20:37:07.894093,a174d9eb-7db1-4c7b-b67d-1bcb5730bd76,24,tablet,true,true,437
e2bea135-051f-4f7a-bc6e-e5187640aad3,08a5fa48-2936-465e-affa-5558331c8a8d,2026-03-03 20:37:07.968587,2026-03-03 20:42:25.968587,f07e7deb-af4a-49c7-8f1e-ad2f80576688,25,tablet,true,true,318
a05a84be-743c-469e-b5ef-282a9d944ffa,08a5fa48-2936-465e-affa-5558331c8a8d,2026-03-03 20:42:26.82529,2026-03-03 20:47:55.82529,fb27b600-63e0-47ed-a13a-858f40f5377f,26,tablet,true,false,329
a4288e87-721e-4412-873b-d0714a0914ff,08a5fa48-2936-465e-affa-5558331c8a8d,2026-03-03 20:47:56.060659,2026-03-03 20:52:49.060659,1f21366c-e6dc-41b4-a50c-54a9b6a8e3ae,26,tablet,false,false,293
17680fc6-367a-4757-9f9e-64d12dccc1c0,08a5fa48-2936-465e-affa-5558331c8a8d,2026-03-03 20:52:49.522269,2026-03-03 21:02:40.522269,61fcf61e-88d3-4dde-b33f-c9a5530e58c8,26,tablet,false,false,591
a5d3a9db-20fa-43a0-a78e-543c9c7167d7,08a5fa48-2936-465e-affa-5558331c8a8d,2026-03-03 21:02:41.00323,2026-03-03 21:09:12.00323,d48a37db-5016-453e-ae68-4ca17cbbf78a,26,tablet,false,false,391
41c1df84-53ac-458b-a98a-103ae6379e22,08a5fa48-2936-465e-affa-5558331c8a8d,2026-03-03 21:09:12.44135,2026-03-03 21:16:07.44135,c88bbd17-cb8a-4b8c-b20b-b05dfac343c3,26,tablet,true,true,415
bee03ec8-cc0a-447b-9ca8-9936637ca615,08a5fa48-2936-465e-affa-5558331c8a8d,2026-03-09 21:16:08.165292,2026-03-09 21:21:32.165292,3816a006-4095-4d7e-b5d9-cfc8ace79294,27,tablet,true,true,324
cb5c7f50-10f5-4415-bdac-89dc31a916ee,08a5fa48-2936-465e-affa-5558331c8a8d,2026-03-10 21:21:32.446709,2026-03-10 21:24:58.446709,d42e579f-a0c4-44dd-872c-c280042012ef,28,tablet,true,true,206
5cc75716-09bf-46a4-90a6-085b9d595d1f,08a5fa48-2936-465e-affa-5558331c8a8d,2026-03-10 21:24:59.171941,2026-03-10 21:33:01.171941,a6ecd451-1d90-426d-a94b-3127f1d0d51d,29,phone,false,false,482
93ee1e8d-9e94-47c8-915f-a2bd708c2fa4,08a5fa48-2936-465e-affa-5558331c8a8d,2026-03-10 21:33:01.297408,2026-03-10 21:40:39.297408,0cb35cf1-82c8-4d35-8593-60d2a0a892f3,29,phone,true,false,458
74610243-9b32-43e3-88a7-a2e7a8a4bbd5,08a5fa48-2936-465e-affa-5558331c8a8d,2026-03-10 21:40:40.004838,2026-03-10 21:44:48.004838,6e778fae-f80a-47d9-a064-4252df6840c1,29,phone,true,true,248
88d2b7bd-971a-49cc-81a4-c80bb5bf0cd9,08a5fa48-2936-465e-affa-5558331c8a8d,2026-03-11 21:44:48.261013,2026-03-11 21:48:09.261013,7b4ef069-46cd-493b-96fb-61bcc98185ce,30,phone,true,false,201
ee30547e-6c48-4d87-b057-c8790d87b0d0,08a5fa48-2936-465e-affa-5558331c8a8d,2026-03-11 21:48:09.993537,2026-03-11 21:53:03.993537,ea851d07-1c01-4553-83cb-e9d349e05cc6,30,desktop,true,true,294
c8dc93fb-4f3f-4bfc-b0e3-f4e032448282,08a5fa48-2936-465e-affa-5558331c8a8d,2026-03-11 21:53:04.854167,2026-03-11 21:56:50.854167,9b3e7900-2316-476b-a3d7-b9597b7c5c47,31,desktop,true,false,226
c50f7758-b1d2-4686-bc9e-6d7acdf30693,08a5fa48-2936-465e-affa-5558331c8a8d,2026-03-11 21:56:51.285736,2026-03-11 22:01:56.285736,6dd534c4-7b00-493b-935f-b25e9512396b,31,tablet,true,false,305
3dd6afd4-b6e7-41ff-84fa-4054582b4f14,08a5fa48-2936-465e-affa-5558331c8a8d,2026-03-11 22:01:56.514997,2026-03-11 22:06:17.514997,fd1c3a62-cdc3-4ab8-84a7-1b687ac107eb,31,tablet,true,true,261
b53b3456-b152-4090-9cc0-a52c22933cf5,08a5fa48-2936-465e-affa-5558331c8a8d,2026-03-11 22:06:18.101608,2026-03-11 22:11:21.101608,c36273f4-a498-421e-a950-89389d766625,32,tablet,true,true,303
2844195c-a360-49fe-959f-44e7157a2657,08a5fa48-2936-465e-affa-5558331c8a8d,2026-03-11 22:11:21.81453,2026-03-11 22:15:12.81453,b484e366-7a9c-4252-8d3b-7548d45d909a,33,tablet,true,false,231
ddfeacee-fefd-4e40-850b-0dbe26dbeb32,08a5fa48-2936-465e-affa-5558331c8a8d,2026-03-11 22:15:12.947434,2026-03-11 22:25:00.947434,2f56748d-efb3-4de6-86e8-fb36271a6594,33,tablet,true,false,588
3d85c6d4-cc08-48b6-be9a-07997d6a94ec,08a5fa48-2936-465e-affa-5558331c8a8d,2026-03-11 22:25:01.601933,2026-03-11 22:33:31.601933,d49876bd-b25d-4c8e-b3d5-bc999fc89c15,33,desktop,true,true,510
0191272b-1198-4f3a-885f-6d51a835d1fc,08a5fa48-2936-465e-affa-5558331c8a8d,2026-03-12 22:33:31.793235,2026-03-12 22:39:11.793235,7fa8cdd5-0b53-4b81-ae56-e436defd0f99,34,phone,false,false,340
dc657ef7-c6f2-445d-91ad-dccfea7034d2,08a5fa48-2936-465e-affa-5558331c8a8d,2026-03-12 22:39:12.517244,2026-03-12 22:42:13.517244,c72671b5-9113-41ab-bad9-2e1a28ea3edc,34,phone,true,true,181
a4cd15a1-cecf-44fc-b510-84716525af5f,08a5fa48-2936-465e-affa-5558331c8a8d,2026-03-12 22:42:13.919923,2026-03-12 22:46:12.919923,665efb32-5f0a-4291-8797-51dc557f24d1,35,desktop,true,false,239
80de81b3-c96c-4f76-b7be-2abe9a39c1a6,08a5fa48-2936-465e-affa-5558331c8a8d,2026-03-12 22:46:12.957864,2026-03-12 22:49:27.957864,69c36eab-f3ba-4f52-9706-1f838dd7d5ff,35,phone,true,true,195
740c562d-f633-4c9d-a4f4-5f001a0b1d54,08a5fa48-2936-465e-affa-5558331c8a8d,2026-03-12 22:49:28.501438,2026-03-12 22:57:20.501438,b16a37c9-86e0-437b-8fc9-13020f649769,36,phone,true,true,472
8d4b8a1b-9dc8-4a5c-abcb-09429372a351,08a5fa48-2936-465e-affa-5558331c8a8d,2026-04-11 22:57:21.211386,2026-04-11 23:06:47.211386,7e2bb0fb-2feb-4b1f-9547-c7df7b31bf7d,37,desktop,true,true,566
1536e1c1-c5a1-4a63-bb47-3a7f1a239cd6,08a5fa48-2936-465e-affa-5558331c8a8d,2026-04-12 23:06:47.813025,2026-04-12 23:14:49.813025,7e5a21d6-9def-46bc-b1d6-3ba78d47137a,38,desktop,false,false,482
12e5c092-110f-4b77-930a-34daf0f979e4,08a5fa48-2936-465e-affa-5558331c8a8d,2026-04-12 23:14:50.262713,2026-04-12 23:18:45.262713,411dec9d-2162-4c93-8b99-c8504f73e262,38,phone,true,true,235
9fdc93c7-5a24-4177-8067-82ebd6796689,08a5fa48-2936-465e-affa-5558331c8a8d,2026-04-12 23:18:46.232534,2026-04-12 23:24:57.232534,1d26c11b-50d0-4727-bfc9-fe344ac186e9,39,phone,true,true,371
979002ff-0773-42f5-9c86-79b38e388673,08a5fa48-2936-465e-affa-5558331c8a8d,2026-04-20 23:24:57.535512,2026-04-20 23:30:11.535512,51f14028-3129-4f6a-a46c-0eb812775949,40,phone,true,true,314
573a2868-a722-4616-8bd2-81f64789bd24,08a5fa48-2936-465e-affa-5558331c8a8d,2026-04-20 23:30:11.921611,2026-04-20 23:34:30.921611,947f25c6-34cf-4a6a-9005-de9530af53c9,41,phone,true,true,259
08520838-9c5e-4671-a67c-da9720575bf1,08a5fa48-2936-465e-affa-5558331c8a8d,2026-04-20 23:34:31.124413,2026-04-20 23:38:23.124413,990a2523-c3e9-4d66-adb7-924e09792435,42,desktop,true,true,232
36a00374-3cd6-4e2d-852a-0cd13ce73beb,08a5fa48-2936-465e-affa-5558331c8a8d,2026-04-20 23:38:23.175299,2026-04-20 23:43:24.175299,54c3d1d1-ca7f-4aeb-ae7f-5ffe8b9df927,43,desktop,true,true,301
39870dd3-4537-4629-b4e5-0466dfee5828,08a5fa48-2936-465e-affa-5558331c8a8d,2026-04-20 23:43:25.156249,2026-04-20 23:49:45.156249,606b2571-635c-46b9-83ca-9220f5729730,44,phone,true,false,380
d6a597e1-b91d-4220-a727-6a171ad9bfe6,08a5fa48-2936-465e-affa-5558331c8a8d,2026-04-20 23:49:46.1082,2026-04-20 23:57:35.1082,0902800e-01a0-48c2-acc3-c42f3da08417,44,tablet,true,true,469
ba939c80-4e1d-49e8-bcf7-eba58a59f5df,08a5fa48-2936-465e-affa-5558331c8a8d,2026-04-20 23:57:35.910493,2026-04-21 00:02:11.910493,cbca1d00-e22f-4ae0-89d7-e1db0f6b3d25,45,tablet,true,false,276
944f5c47-f3dc-4e2c-9a39-fcc3cc8c9578,08a5fa48-2936-465e-affa-5558331c8a8d,2026-04-21 00:02:12.191836,2026-04-21 00:04:26.191836,87d7b78e-9152-4212-bf48-2c4319921256,45,tablet,false,false,134
53bf7c85-3570-443d-a100-5c1417fe5049,08a5fa48-2936-465e-affa-5558331c8a8d,2026-04-21 00:04:26.25309,2026-04-21 00:10:49.25309,27f76f62-dc79-4a6e-963a-07de5139060c,45,phone,true,false,383
fc18094a-a25e-4415-8a64-faca73e200a7,08a5fa48-2936-465e-affa-5558331c8a8d,2026-04-21 00:10:49.949749,2026-04-21 00:15:33.949749,3a18b5c2-4984-4124-a229-58756172c298,45,tablet,false,false,284
2ab5bd26-cf35-40bb-932a-ce4e05fb2967,08a5fa48-2936-465e-affa-5558331c8a8d,2026-04-21 00:15:34.165711,2026-04-21 00:18:15.165711,78de13e9-6fb8-4622-88b9-005bdf25376f,45,desktop,true,true,161
3801c5f6-a013-4441-b6c2-fbc37648aebb,08a5fa48-2936-465e-affa-5558331c8a8d,2026-04-21 00:18:15.610311,2026-04-21 00:22:26.610311,c2e34d34-8f85-4041-a336-25d077728e16,46,phone,true,true,251
fe454717-8f47-4d40-92d8-28e708fa9c0c,08a5fa48-2936-465e-affa-5558331c8a8d,2026-05-16 00:22:27.273055,2026-05-16 00:27:46.273055,d483b269-0ee8-484b-a0a0-22eccb12a0fe,47,phone,true,true,319
ea712678-5879-4d86-bf71-afb0d9431f58,08a5fa48-2936-465e-affa-5558331c8a8d,2026-05-16 00:27:47.268372,2026-05-16 00:32:38.268372,e65d0cc7-6d6e-4ac3-a397-ed00edd80ab4,48,phone,false,false,291
f1741c36-ada0-4e43-b138-d46d54a33b4f,08a5fa48-2936-465e-affa-5558331c8a8d,2026-05-16 00:32:38.554892,2026-05-16 00:35:35.554892,be4b1587-cf94-4d2a-a67e-6d5c53c6603c,48,phone,true,false,177
ed057392-bb67-4147-b1b1-afa3328d6b55,08a5fa48-2936-465e-affa-5558331c8a8d,2026-05-16 00:35:36.480488,2026-05-16 00:41:06.480488,a36cbc9e-4e5f-4431-a069-11ca995229c5,48,phone,true,true,330
1a796c93-52d2-405a-a6d2-1a775cc17bc5,08a5fa48-2936-465e-affa-5558331c8a8d,2026-06-06 00:41:07.34681,2026-06-06 00:45:13.34681,2e2b441f-ebc7-4a57-9623-1dae56c6bde7,49,phone,true,true,246
c89c2a74-9c24-4b85-a39a-b358687ca3b3,08a5fa48-2936-465e-affa-5558331c8a8d,2026-06-06 00:45:13.791089,2026-06-06 00:48:12.791089,51ec38da-a9c5-4f13-ae28-43c22630169e,50,desktop,true,true,179
9b8cfedd-f886-474e-810f-9bc65d5b2b19,08a5fa48-2936-465e-affa-5558331c8a8d,2026-06-25 00:48:13.787317,2026-06-25 00:53:09.787317,05ec3193-9381-487a-b09c-36f7a1570a41,51,desktop,true,true,296
93d28a69-b3de-4524-9c25-10114132ed46,08a5fa48-2936-465e-affa-5558331c8a8d,2026-06-26 00:53:10.236019,2026-06-26 01:00:08.236019,1930274c-f7ce-4f9e-a730-0565240bec82,52,phone,true,true,418
94c55fcd-d4d7-42f4-b6a3-95de4975906c,08a5fa48-2936-465e-affa-5558331c8a8d,2026-06-26 01:00:08.613284,2026-06-26 01:04:03.613284,362db09a-f103-436e-adea-7cfdec5630b1,53,phone,true,false,235
762aa5b7-fa72-49d7-8941-631b2e6efbf5,08a5fa48-2936-465e-affa-5558331c8a8d,2026-06-26 01:04:04.507782,2026-06-26 01:10:32.507782,68994027-5fc6-4bc4-afda-b071a91f579d,53,phone,true,true,388
e136248f-d5ed-44ca-aa8b-61c46b77192f,08a5fa48-2936-465e-affa-5558331c8a8d,2026-06-26 01:10:32.991417,2026-06-26 01:11:04.991417,c86a9338-401d-40cc-8cef-0f9a5ada55d8,54,phone,false,false,32
9e3aa074-9079-444a-aad8-1a14906fb119,08a5fa48-2936-465e-affa-5558331c8a8d,2026-06-26 01:11:05.098277,2026-06-26 01:14:03.098277,28a09205-28c6-4d5d-ab7e-1a9e403bb3c3,54,phone,true,false,178
09319abf-04c6-4861-86e7-03e2c5a3a47d,08a5fa48-2936-465e-affa-5558331c8a8d,2026-06-26 01:14:03.856951,2026-06-26 01:18:12.856951,16c31d89-8250-46c7-99f7-8aeb77e0b326,54,phone,true,true,249
fb9a25a6-1fbd-4c0e-81c2-ee5bfc159f20,08a5fa48-2936-465e-affa-5558331c8a8d,2026-06-26 01:18:13.439949,2026-06-26 01:24:33.439949,1324ec08-59c1-41d6-8254-2706f41a91e2,55,phone,true,true,380
e66e25ed-5cc7-4b25-8ca5-37ff8279511f,08a5fa48-2936-465e-affa-5558331c8a8d,2026-06-27 01:24:34.177821,2026-06-27 01:30:47.177821,bbe5aef9-67b6-41c2-8dbc-0758eec9537a,56,phone,true,false,373
3e23126d-82cb-4726-bed9-f0adcd5a45dc,08a5fa48-2936-465e-affa-5558331c8a8d,2026-06-27 01:30:47.988161,2026-06-27 01:38:03.988161,5980313d-8f7f-4852-80cd-c178a29ad571,56,phone,false,false,436
3461f0df-b5b3-47d9-bbde-c903945ee2dd,08a5fa48-2936-465e-affa-5558331c8a8d,2026-06-27 01:38:04.434477,2026-06-27 01:42:09.434477,b5f37111-d134-4db5-94c1-11a60494139b,56,phone,true,true,245
a3b3171b-c687-4942-9280-13324725437f,08a5fa48-2936-465e-affa-5558331c8a8d,2026-06-27 01:42:10.141481,2026-06-27 01:49:09.141481,594c7de1-a88a-4939-b894-8e001c6e8e78,57,phone,true,false,419
fd2d3c47-b90f-4f8b-82c6-ea31e559601f,08a5fa48-2936-465e-affa-5558331c8a8d,2026-06-27 01:49:09.92149,2026-06-27 01:53:43.92149,93fe9047-955d-4676-9a68-c29174f7da1f,57,phone,true,false,274
cefef478-7479-492d-a730-e8e3d9d6b194,08a5fa48-2936-465e-affa-5558331c8a8d,2026-06-27 01:53:44.31514,2026-06-27 01:57:32.31514,7e0b7f89-dadd-4a04-a925-2d0826ccc9a0,57,desktop,true,false,228
67553c4b-ed55-44ed-b149-f6d40f51630f,08a5fa48-2936-465e-affa-5558331c8a8d,2026-06-27 01:57:32.33832,2026-06-27 02:02:27.33832,52b6112a-8c54-4220-8a8a-bd145c453506,57,phone,true,false,295
128789aa-6aa7-4eec-99c6-7ab85bc36b7f,08a5fa48-2936-465e-affa-5558331c8a8d,2026-06-27 02:02:28.262095,2026-06-27 02:02:45.262095,67e0e6af-6897-4255-9d4a-f4921e61ef85,57,phone,false,false,17
b61d2df4-ccea-4f49-978c-42834dc21cdc,08a5fa48-2936-465e-affa-5558331c8a8d,2026-06-27 02:02:46.054505,2026-06-27 02:08:44.054505,c8aedab2-8c1b-4b1e-90db-64a5b23777d8,57,phone,true,false,358
8755d448-f258-49c0-86c2-c5e7ce69b2fe,08a5fa48-2936-465e-affa-5558331c8a8d,2026-06-27 02:08:44.524867,2026-06-27 02:09:45.524867,ddd3fffc-0916-4cf9-8825-c35278e878e5,57,phone,false,false,61
97df5b18-4605-449f-be8a-40bfa340427c,08a5fa48-2936-465e-affa-5558331c8a8d,2026-06-27 02:09:46.158214,2026-06-27 02:17:52.158214,b6109e1d-9904-424a-9498-af8c89f99bb5,57,phone,true,false,486
561d06c5-081a-42f2-893f-eb1b5416cc7d,08a5fa48-2936-465e-affa-5558331c8a8d,2026-06-27 02:17:52.452256,2026-06-27 02:24:38.452256,994cfd16-8f28-485f-92e2-0b7e8134cdb0,57,phone,true,false,406
4bfb3f53-5f91-4d53-b16f-96c26eb7a6c7,08a5fa48-2936-465e-affa-5558331c8a8d,2026-06-27 02:24:38.855347,2026-06-27 02:30:36.855347,a65f6d1e-d9cb-4c2b-8c67-e9cbd4e01736,57,phone,false,false,358
75b17e5f-503b-42aa-807a-56119d4e9577,08a5fa48-2936-465e-affa-5558331c8a8d,2026-06-27 02:30:37.318055,2026-06-27 02:39:24.318055,832c131c-ff77-4fe2-9c53-5c7b32c67f5c,57,phone,true,false,527
fae61649-0c52-4f91-9528-75238876f477,08a5fa48-2936-465e-affa-5558331c8a8d,2026-06-27 02:39:25.08142,2026-06-27 02:43:39.08142,c222b2b5-1337-4db1-8aec-7cffd4dd0653,57,phone,true,true,254
c8db56b6-7511-47b2-a7c4-f762aaef4219,08a5fa48-2936-465e-affa-5558331c8a8d,2026-06-27 02:43:39.43248,2026-06-27 02:48:00.43248,fb064d75-6c12-4488-9fcd-5734f585ac1b,58,phone,true,false,261
a8ac6699-a822-49a7-8aa5-aad79fdc7835,08a5fa48-2936-465e-affa-5558331c8a8d,2026-06-27 02:48:01.078675,2026-06-27 02:51:44.078675,66d73c9c-6cae-4c9e-8971-e7c41f1fc5ce,58,phone,true,true,223
a2ba5199-f7fe-488b-b76b-355e4f6bceec,08a5fa48-2936-465e-affa-5558331c8a8d,2026-06-27 02:51:45.019386,2026-06-27 03:00:15.019386,a55be785-4257-4cba-b660-795e6d2b314a,59,phone,true,false,510
92287d8c-d0d1-4787-b4ff-f4032d13b711,08a5fa48-2936-465e-affa-5558331c8a8d,2026-06-27 03:00:15.130316,2026-06-27 03:02:26.130316,9f149576-96b8-4178-8519-d7e31cc8c38e,59,desktop,false,false,131
9baca8f3-845c-4b1f-945b-e73927118c17,08a5fa48-2936-465e-affa-5558331c8a8d,2026-06-27 03:02:26.230241,2026-06-27 03:10:30.230241,3d55db12-f5cb-42c9-b05d-b92635373adf,59,desktop,false,false,484
bb468a64-e805-4cd0-8666-2730ce7c53ce,08a5fa48-2936-465e-affa-5558331c8a8d,2026-06-27 03:10:31.224082,2026-06-27 03:17:29.224082,34ffef79-e18a-4cb2-a556-8ba0cbd9ab5d,59,desktop,true,false,418
e5f04aaf-575b-4b2c-b43c-9f3d7fb01ac2,08a5fa48-2936-465e-affa-5558331c8a8d,2026-06-27 03:17:29.512214,2026-06-27 03:21:50.512214,bc43d3e1-3215-42e6-bb26-dca8dbe2ce06,59,phone,true,true,261
fc59c1c5-ebed-44a9-8534-cecc931c867e,08a5fa48-2936-465e-affa-5558331c8a8d,2026-07-19 03:21:51.351747,2026-07-19 03:28:25.351747,d4105257-4e58-4215-8ccc-58aa9aacb570,60,phone,true,false,394
757c71ac-035a-43f6-b1af-da12f9af2891,08a5fa48-2936-465e-affa-5558331c8a8d,2026-07-19 03:28:26.125545,2026-07-19 03:34:22.125545,6ed0769b-d4ce-4857-93fc-c7d5a0d87481,60,phone,true,true,356
4a824edd-5372-4d03-84b2-1b073b36698c,08a5fa48-2936-465e-affa-5558331c8a8d,2026-07-19 03:34:22.778747,2026-07-19 03:41:32.778747,7d804411-3f22-4ec1-bb60-d699745707b1,61,phone,true,true,430
5af5f5ae-20e7-4376-b746-ae0dc7239c8d,08a5fa48-2936-465e-affa-5558331c8a8d,2026-08-06 03:41:33.393255,2026-08-06 03:48:39.393255,97a32fdc-120a-41e8-b327-82ef88109611,62,phone,true,false,426
6ade7cec-a102-4176-9f94-b84504d83192,08a5fa48-2936-465e-affa-5558331c8a8d,2026-08-06 03:48:39.824074,2026-08-06 03:56:23.824074,b778f052-3c3b-42a7-a6ca-489fd12d0f13,62,desktop,true,false,464
2698d3d6-9e70-4bd1-b727-6db866337306,08a5fa48-2936-465e-affa-5558331c8a8d,2026-08-06 03:56:24.182635,2026-08-06 04:00:58.182635,ad8000b9-dc7e-411d-993b-cf5f2ff7b0cd,62,desktop,true,true,274
75a1aa36-b0df-4f00-95ac-5830988350cd,08a5fa48-2936-465e-affa-5558331c8a8d,2026-08-06 04:00:58.270405,2026-08-06 04:09:10.270405,fc85b5d7-e5ce-46b9-b8b1-fd3d73e6ba2d,63,desktop,true,true,492
ee9a26ea-b3b7-43d5-947c-8d1ef0aa1ed0,08a5fa48-2936-465e-affa-5558331c8a8d,2026-08-06 04:09:10.751464,2026-08-06 04:17:19.751464,ceb2b1d1-a128-4aed-998f-92602281c482,64,phone,true,true,489
46c64d04-5142-4938-a401-1d2cb2e8cd1f,08a5fa48-2936-465e-affa-5558331c8a8d,2026-08-06 04:17:20.693408,2026-08-06 04:20:24.693408,fca5f0ee-b88e-4503-9153-647730faed3d,65,phone,true,true,184
5d8f2d90-dae7-4197-8389-163340dbfd3f,08a5fa48-2936-465e-affa-5558331c8a8d,2026-08-07 04:20:25.32206,2026-08-07 04:23:44.32206,938853c9-be2b-478b-8674-3072766529f9,66,phone,true,false,199
fcc6fa85-fc1c-4940-b32c-43b685d02735,08a5fa48-2936-465e-affa-5558331c8a8d,2026-08-07 04:23:44.911239,2026-08-07 04:28:27.911239,12caaeb9-26af-4606-a646-1ab11800e7ec,66,phone,false,false,283
6aeddeca-4175-427b-aa8b-7284a54fb063,08a5fa48-2936-465e-affa-5558331c8a8d,2026-08-07 04:28:27.946504,2026-08-07 04:35:25.946504,644f5c83-4c54-450c-9938-99ac0674fcec,66,phone,true,false,418
e9f0701a-4317-4c5b-92fa-a52e1e9a306a,08a5fa48-2936-465e-affa-5558331c8a8d,2026-08-07 04:35:25.94722,2026-08-07 04:41:04.94722,4085062e-0c9c-4d6a-9bb0-35b49dfd268e,66,phone,true,true,339
78ae3a96-15d6-441f-bf8b-381f9733c924,08a5fa48-2936-465e-affa-5558331c8a8d,2026-08-14 04:41:05.524094,2026-08-14 04:44:22.524094,52e1aae6-99d0-4f0f-917f-20da650fd1a4,67,phone,true,true,197
0e4c93a4-9bfd-40b7-a67d-2250ef17ce37,08a5fa48-2936-465e-affa-5558331c8a8d,2026-08-14 04:44:22.797181,2026-08-14 04:45:00.797181,c842fff6-ad28-4727-8a84-7776e508fbd3,68,phone,false,false,38
0bd7969a-e973-4bd7-8de1-ca11b716cdeb,08a5fa48-2936-465e-affa-5558331c8a8d,2026-08-14 04:45:00.991974,2026-08-14 04:51:37.991974,224cfe8b-da45-4ddb-ae32-7763ca05830e,68,tablet,false,false,397
1437a6fb-eefd-4ca9-9d49-85d6eb7f8d25,08a5fa48-2936-465e-affa-5558331c8a8d,2026-08-14 04:51:38.749215,2026-08-14 05:01:07.749215,f87b555a-ec3f-4fe8-ae5b-c54b274ba52e,68,tablet,true,false,569
393b83da-0b22-4343-8d70-c5faf1b95f6c,08a5fa48-2936-465e-affa-5558331c8a8d,2026-08-14 05:01:08.31563,2026-08-14 05:04:31.31563,d5f84b03-7275-4055-8d16-75963eb6558d,68,tablet,true,false,203
e1e11f36-ee9a-4d6c-a8bb-01b69d9da2d6,08a5fa48-2936-465e-affa-5558331c8a8d,2026-08-14 05:04:31.361984,2026-08-14 05:12:35.361984,cd7190b1-f0f6-46cf-9fbe-9c0de0d3b61b,68,tablet,false,false,484
e6d2184c-215c-4ffa-a14f-5504d945b263,08a5fa48-2936-465e-affa-5558331c8a8d,2026-08-14 05:12:35.553964,2026-08-14 05:15:25.553964,693a852d-c008-4e77-9b9f-08c5c3c9320b,68,tablet,true,false,170
3e6611f6-2f01-4b85-9c34-abda18af8af5,08a5fa48-2936-465e-affa-5558331c8a8d,2026-08-14 05:15:26.097027,2026-08-14 05:21:37.097027,efc5d3cc-a7dc-4f09-a957-10565b1562a8,68,phone,true,false,371
31db8a3a-ed19-4954-ab76-21d73a4f83d2,08a5fa48-2936-465e-affa-5558331c8a8d,2026-08-14 05:21:37.371162,2026-08-14 05:31:13.371162,f1a60bd7-a308-4379-8527-59072d1df0ca,68,phone,false,false,576
16fb371e-31c4-4ab7-ba9d-ae63bf71a87f,08a5fa48-2936-465e-affa-5558331c8a8d,2026-08-14 05:31:13.896888,2026-08-14 05:36:35.896888,7f251473-d881-41c1-8b98-bb127d820bd3,68,phone,true,true,322
7e3f95c5-c94f-409e-8c12-55bd8cab9183,08a5fa48-2936-465e-affa-5558331c8a8d,2026-08-14 05:36:36.266507,2026-08-14 05:43:23.266507,373d3cef-ca87-456c-b6c6-4a3f7b63b556,69,phone,false,false,407
5779758c-1ed7-435d-9367-85f3cc0b8a75,08a5fa48-2936-465e-affa-5558331c8a8d,2026-08-14 05:43:23.358507,2026-08-14 05:53:21.358507,d0a0d730-5b97-4ec1-a381-ea88f6899ce8,69,desktop,false,false,598
87cd84e5-3679-44c3-be7e-4744c1860e18,08a5fa48-2936-465e-affa-5558331c8a8d,2026-08-14 05:53:21.815789,2026-08-14 05:56:14.815789,d0059716-9243-4ad8-93b7-b5532025f4e5,69,desktop,true,false,173
e8603f6c-89ea-4de9-ac8b-d5c358da168f,08a5fa48-2936-465e-affa-5558331c8a8d,2026-08-14 05:56:15.56851,2026-08-14 06:00:35.56851,124f1c72-57ae-4050-927e-59da1964762a,69,desktop,true,false,260
1208bd24-eac4-4316-b892-2d39a9f0915a,08a5fa48-2936-465e-affa-5558331c8a8d,2026-08-14 06:00:35.766275,2026-08-14 06:04:11.766275,03bb7707-52a5-4778-b7ca-a8f82a4d4791,69,desktop,true,false,216
26d6e4da-246b-41bb-8ff3-ea1dfb1f14a5,08a5fa48-2936-465e-affa-5558331c8a8d,2026-08-14 06:04:12.158173,2026-08-14 06:08:03.158173,38f4c4cf-da34-4897-a934-7c993c2568e0,69,desktop,true,true,231
614f224c-644c-47a0-a32a-b31e86825857,08a5fa48-2936-465e-affa-5558331c8a8d,2026-08-14 06:08:03.241021,2026-08-14 06:10:01.241021,ba2a866a-1b1b-4ffa-a020-30069a04973c,70,desktop,false,false,118
7c8f7327-b7b8-456f-8cb4-850c8ef3ab7b,08a5fa48-2936-465e-affa-5558331c8a8d,2026-08-14 06:10:01.875781,2026-08-14 06:15:49.875781,421b4bbe-dc31-4102-b37e-486966bfab7a,70,desktop,true,true,348
396901b0-ca35-4d51-9e24-c37301fab88d,08a5fa48-2936-465e-affa-5558331c8a8d,2026-08-14 06:15:50.2086,2026-08-14 06:21:08.2086,395fb49d-1045-4266-9c47-8cdba026ff07,71,desktop,true,false,318
75c0016c-1e3d-4e40-8641-e6664049378a,08a5fa48-2936-465e-affa-5558331c8a8d,2026-08-14 06:21:08.995054,2026-08-14 06:27:39.995054,644d2a08-dfcc-44dd-a31f-f38e2492ab00,71,desktop,true,false,391
44dbfaca-d917-4c68-97dd-8764fe6f83f5,08a5fa48-2936-465e-affa-5558331c8a8d,2026-08-14 06:27:40.901113,2026-08-14 06:34:55.901113,00b5ef08-4ccb-4993-b8da-03bdc53f7dec,71,desktop,false,false,435
3a9afa15-4ac7-4532-86a3-a77006cc0b0a,08a5fa48-2936-465e-affa-5558331c8a8d,2026-08-14 06:34:56.502836,2026-08-14 06:40:34.502836,e55b89ee-9439-4826-a43e-e92a06b8b44e,71,desktop,true,true,338
bf91f94f-f698-40c0-82c0-72fed561ae98,08a5fa48-2936-465e-affa-5558331c8a8d,2026-08-14 06:40:35.066635,2026-08-14 06:46:36.066635,11340064-d97b-4b7c-976e-72d4f7f58413,72,desktop,true,true,361
be75d101-8e4d-4b02-9a43-401d06bf6d9d,08a5fa48-2936-465e-affa-5558331c8a8d,2026-08-14 06:46:36.413439,2026-08-14 06:52:00.413439,3c05125e-d8b0-4fab-b2c4-cfefe5ec8322,73,desktop,true,false,324
40a0dd33-728f-469b-b062-eeecf0309461,08a5fa48-2936-465e-affa-5558331c8a8d,2026-08-14 06:52:01.097972,2026-08-14 07:00:28.097972,3208b90b-c497-4622-a628-0a784839c2d4,73,desktop,false,false,507
c59b85cd-1037-4e32-bece-817034cc7e8d,08a5fa48-2936-465e-affa-5558331c8a8d,2026-08-14 07:00:28.31829,2026-08-14 07:09:49.31829,62cbefdc-be5a-4d51-979a-b439d2fca1ea,73,desktop,true,false,561
039a2d8d-52b5-4729-a57e-138756fd8fc1,08a5fa48-2936-465e-affa-5558331c8a8d,2026-08-14 07:09:49.539661,2026-08-14 07:19:42.539661,3a632863-8f96-4816-ad95-40424fae93eb,73,desktop,false,false,593
5375e40b-00cd-4fe2-b6d0-d5e0d179ea7a,08a5fa48-2936-465e-affa-5558331c8a8d,2026-08-14 07:19:43.045219,2026-08-14 07:24:47.045219,91826efb-f144-4201-8a1b-39d7e7d68166,73,desktop,false,false,304
b68cdad5-a3c5-4b03-9f58-010584b8402f,08a5fa48-2936-465e-affa-5558331c8a8d,2026-08-14 07:24:47.382907,2026-08-14 07:30:22.382907,4163e2bd-40a2-40db-8bc2-02a84c1d1c6b,73,desktop,true,true,335
9ddd9924-d4d5-402c-83b3-fd3542d53697,08a5fa48-2936-465e-affa-5558331c8a8d,2026-08-14 07:30:22.692575,2026-08-14 07:31:07.692575,40856ff5-ea7e-43e4-9aed-c92c863d1c2d,74,desktop,false,false,45
9d5913f5-4058-4828-9f26-40e3a3e3184c,08a5fa48-2936-465e-affa-5558331c8a8d,2026-08-14 07:31:08.173372,2026-08-14 07:34:49.173372,bac373c9-78c7-48ad-b3a8-2192d5247907,74,desktop,false,false,221
d5511f24-92ae-4bc6-a370-dcabcb47e351,08a5fa48-2936-465e-affa-5558331c8a8d,2026-08-14 07:34:49.71848,2026-08-14 07:40:31.71848,bfd16eca-a9f3-498d-8a4a-3da15ed9abb3,74,desktop,false,false,342
6d72288e-575e-4f8c-b021-3a8cffe5a09d,08a5fa48-2936-465e-affa-5558331c8a8d,2026-08-14 07:40:32.174231,2026-08-14 07:45:35.174231,f846c9f2-e8cb-4367-8e7a-cda4ecdb62fd,74,desktop,true,false,303
a4a7d9c7-7eca-4018-a5d3-45a8cdb8819d,08a5fa48-2936-465e-affa-5558331c8a8d,2026-08-14 07:45:35.990997,2026-08-14 07:52:08.990997,cec46d36-3337-496c-8c96-8ba0e97a4fe7,74,tablet,true,true,393
c5810324-be25-4d89-884f-212d04707c5d,08a5fa48-2936-465e-affa-5558331c8a8d,2026-08-14 07:52:09.642137,2026-08-14 07:59:52.642137,7d2e1630-e1cc-4082-b5da-5a5332f809c6,75,tablet,true,true,463
334df98e-c528-4727-ab3b-1c384747d3b5,08a5fa48-2936-465e-affa-5558331c8a8d,2026-08-14 07:59:53.332311,2026-08-14 08:03:36.332311,236f679e-b525-4ecb-a841-346f04e2c156,76,tablet,true,true,223
d213415f-eb6f-40ec-b636-7e911d3481eb,08a5fa48-2936-465e-affa-5558331c8a8d,2026-08-14 08:03:36.961554,2026-08-14 08:09:12.961554,d4ce3afc-6cc8-4183-9f91-15c0c6735ea2,77,tablet,true,false,336
c928316d-2ee4-41a9-a451-a0a414e44c8c,08a5fa48-2936-465e-affa-5558331c8a8d,2026-08-14 08:09:13.867484,2026-08-14 08:13:38.867484,3229ace2-5998-4d3d-a13d-517393bae57b,77,tablet,true,true,265
2c60a0ef-4092-44ac-9e42-25c2ff9be432,08a5fa48-2936-465e-affa-5558331c8a8d,2026-08-15 08:13:39.278241,2026-08-15 08:15:55.278241,47215696-ce24-4f67-af05-1bbe616f5b6f,78,tablet,true,true,136
2d1395ca-b960-49f3-bb05-c0806f0d18a5,08a5fa48-2936-465e-affa-5558331c8a8d,2026-08-15 08:15:56.16202,2026-08-15 08:20:10.16202,9aa5eae2-4e75-4752-b47f-1d82d137b85c,79,tablet,true,true,254
1e354b9f-d9e4-4d39-a114-d98444dcd501,08a5fa48-2936-465e-affa-5558331c8a8d,2026-08-25 08:20:10.783005,2026-08-25 08:27:35.783005,4a0dd965-3876-4b1c-b3c7-63f77ab62887,80,tablet,true,true,445
fb013260-9d3c-461d-b415-e9572998fc56,08a5fa48-2936-465e-affa-5558331c8a8d,2026-08-26 08:27:36.69905,2026-08-26 08:33:40.69905,aeaa593f-f3da-4d2a-a0d7-d532e507f9cf,81,tablet,true,false,364
ec332b7a-1f9d-4455-9559-46d59a195f02,08a5fa48-2936-465e-affa-5558331c8a8d,2026-08-26 08:33:41.054615,2026-08-26 08:40:22.054615,e2c63e28-3592-48bf-99f4-569a10fa00a7,81,tablet,true,false,401
616f87bb-7537-4f4e-ba30-0751a6e46e2e,08a5fa48-2936-465e-affa-5558331c8a8d,2026-08-26 08:40:22.288053,2026-08-26 08:45:04.288053,b82cf27e-8ad9-4650-847a-a490dcb435a4,81,tablet,true,true,282
04d92fba-2f5f-4b02-85ca-ca7cfe66c5d8,08a5fa48-2936-465e-affa-5558331c8a8d,2026-08-26 08:45:04.542647,2026-08-26 08:50:00.542647,cc786e8b-5f2c-4a3c-b66c-90140b37b447,82,tablet,true,false,296
eb9b97fd-c67e-4c03-a208-a0b39d42bd8c,08a5fa48-2936-465e-affa-5558331c8a8d,2026-08-26 08:50:01.209462,2026-08-26 08:55:07.209462,3fbae35a-a7e8-4548-81ee-4d2b58393fa3,82,tablet,true,false,306
1d434e0f-b1c1-4257-82db-6e6c5ba9b44b,08a5fa48-2936-465e-affa-5558331c8a8d,2026-08-26 08:55:07.979677,2026-08-26 08:59:40.979677,d53de75e-7980-42b3-8faa-e0322487071a,82,tablet,true,true,273
f39efef2-c347-446e-b1ae-525496aa556c,08a5fa48-2936-465e-affa-5558331c8a8d,2026-08-26 08:59:41.253861,2026-08-26 09:06:20.253861,454e5351-ec94-4cac-9fe7-d7b4ed7fd85e,83,tablet,true,false,399
08cb5f12-16fd-454c-947c-32b832c85ed8,08a5fa48-2936-465e-affa-5558331c8a8d,2026-08-26 09:06:20.915175,2026-08-26 09:10:03.915175,4cbc1b5b-b0e3-46cd-a575-06b4468d3b4e,83,tablet,true,true,223
aa8479dc-d434-4499-9d72-e9c04e864655,08a5fa48-2936-465e-affa-5558331c8a8d,2026-09-04 09:10:04.277128,2026-09-04 09:19:01.277128,d46d24ba-918d-447a-96df-d87892872fad,84,tablet,true,false,537
b1cf2d9e-4fc3-4ea4-8668-677928919740,08a5fa48-2936-465e-affa-5558331c8a8d,2026-09-04 09:19:01.729678,2026-09-04 09:22:57.729678,a005d6c8-713f-4d7e-bad7-1030f278ca5e,84,tablet,true,true,236
f9c85cdd-1b9c-4bc4-859c-7f1a9eb918ac,08a5fa48-2936-465e-affa-5558331c8a8d,2026-09-04 09:22:58.466246,2026-09-04 09:30:58.466246,91aa5d28-ac47-4e28-8a58-e8c6bd7cc414,85,tablet,true,true,480
8b25276e-29e0-4aa5-aad2-cca7ce3e6d8f,08a5fa48-2936-465e-affa-5558331c8a8d,2026-10-02 09:30:59.129989,2026-10-02 09:37:20.129989,d63b5ab9-66cb-4d35-b6c0-0c286ef046e1,86,tablet,true,true,381
147bb951-353b-4a55-b996-0b56343e7af3,08a5fa48-2936-465e-affa-5558331c8a8d,2026-10-02 09:37:20.806137,2026-10-02 09:43:56.806137,64280178-627a-4501-b493-0a8975c33884,87,phone,true,false,396
cb26f538-c2e7-402f-a442-1c034bf6dec3,08a5fa48-2936-465e-affa-5558331c8a8d,2026-10-02 09:43:57.494285,2026-10-02 09:46:42.494285,d7d4fa71-660a-4a21-b5e9-0a63c1475d41,87,tablet,true,true,165
c2baa4c5-927c-4bbe-84e5-89151a0c33e6,08a5fa48-2936-465e-affa-5558331c8a8d,2026-10-02 09:46:42.987365,2026-10-02 09:51:07.987365,b8e12960-d83e-41f4-9ffd-ed3910354fd2,88,tablet,true,false,265
8da995ff-891a-4996-9751-21d3d26d8a35,08a5fa48-2936-465e-affa-5558331c8a8d,2026-10-02 09:51:08.784713,2026-10-02 09:52:25.784713,3bc0176d-8f61-4e60-bad8-d0def800fba9,88,phone,false,false,77
06f05a3f-6f95-4622-806b-2d29a20d65f9,08a5fa48-2936-465e-affa-5558331c8a8d,2026-10-02 09:52:26.367575,2026-10-02 10:01:37.367575,f2ba9f2b-35bd-400e-92cc-75646afa3538,88,phone,true,true,551
fc191e81-6e81-499a-bb8d-17af521280a5,08a5fa48-2936-465e-affa-5558331c8a8d,2026-10-02 10:01:37.775053,2026-10-02 10:07:30.775053,f9211092-256e-4d28-b180-7f3b39acfc11,89,phone,true,true,353
c074fd31-2036-475f-8c89-ba4b16e231f1,08a5fa48-2936-465e-affa-5558331c8a8d,2026-10-02 10:07:31.551843,2026-10-02 10:12:08.551843,24cd45a8-0361-422c-a886-5d89e5d74b18,90,phone,true,true,277
9453d135-141b-46ab-91af-6b8f1d14fd98,08a5fa48-2936-465e-affa-5558331c8a8d,2026-10-02 10:12:09.511934,2026-10-02 10:16:52.511934,c6a985e9-669d-4a7b-bb0f-7375d825f28e,91,phone,true,true,283
66344214-7581-42ba-8ed3-6756ae92fc4d,08a5fa48-2936-465e-affa-5558331c8a8d,2026-10-02 10:16:52.70555,2026-10-02 10:22:49.70555,b2a86eba-b07f-4ddb-897d-da92d996c6c4,92,phone,true,false,357
44f89360-d622-49a6-8fd1-adab030b1e07,08a5fa48-2936-465e-affa-5558331c8a8d,2026-10-02 10:22:49.965984,2026-10-02 10:28:11.965984,8c11c734-e46d-42a8-b8d0-63c67bb704e3,92,phone,true,false,322
09ab92cd-e088-4eef-afc0-b9648e9ae39b,08a5fa48-2936-465e-affa-5558331c8a8d,2026-10-02 10:28:12.142681,2026-10-02 10:34:58.142681,dbd999ef-9049-446d-a069-622e498ede2d,92,phone,true,false,406
6673349e-faa2-4944-a97a-905d488f8acf,08a5fa48-2936-465e-affa-5558331c8a8d,2026-10-02 10:34:59.099489,2026-10-02 10:40:33.099489,5a01832d-0e04-4378-abca-1c551bed64b9,92,phone,true,false,334
d3280749-4cb5-413e-aad4-11e857a75be0,08a5fa48-2936-465e-affa-5558331c8a8d,2026-10-02 10:40:33.306127,2026-10-02 10:49:35.306127,b903a3f2-100c-49dc-a608-f7ee76580ef9,92,phone,false,false,542
cb3e0eb1-0582-478d-9be9-da70d6f6f3ba,08a5fa48-2936-465e-affa-5558331c8a8d,2026-10-02 10:49:35.800709,2026-10-02 10:55:49.800709,3b9f5bf7-4450-4b85-90b9-585adea1a02d,92,tablet,true,true,374
6a22523e-6f92-48be-ab33-2617dad8a287,08a5fa48-2936-465e-affa-5558331c8a8d,2026-10-05 10:55:50.662266,2026-10-05 10:58:21.662266,7b80a48e-e3c1-410a-b2da-fe5f1554d739,93,tablet,true,true,151
063a79e5-de12-48ad-b14e-8c8498c48f49,08a5fa48-2936-465e-affa-5558331c8a8d,2026-10-05 10:58:21.7297,2026-10-05 11:04:56.7297,6883d40c-0478-4409-936c-b765175a1312,94,tablet,true,false,395
eab01bad-8892-4a86-8d3c-451f41099e43,08a5fa48-2936-465e-affa-5558331c8a8d,2026-10-05 11:04:57.093068,2026-10-05 11:11:56.093068,1b34855f-9e0a-4dce-9eae-9bf19693e89e,94,tablet,true,false,419
420637d0-b4f3-4fed-a390-b7f58225ce92,08a5fa48-2936-465e-affa-5558331c8a8d,2026-10-05 11:11:56.261354,2026-10-05 11:20:01.261354,10c16602-a7a1-4a36-b557-66767a0fffa5,94,tablet,false,false,485
6b9bb84b-55f3-48ec-a75d-52686c39ee75,08a5fa48-2936-465e-affa-5558331c8a8d,2026-10-05 11:20:02.024599,2026-10-05 11:29:15.024599,c81a485d-024f-4e11-8ec9-e2f5a6fe6dd8,94,tablet,true,true,553
e73bf3ff-25c5-4a79-b603-bb0f000b624f,08a5fa48-2936-465e-affa-5558331c8a8d,2026-10-05 11:29:15.5528,2026-10-05 11:31:31.5528,efaaa175-4f2b-475e-96bc-208210776ccc,95,phone,false,false,136
c321ed66-8419-407a-bc4a-fef023a2dbb4,08a5fa48-2936-465e-affa-5558331c8a8d,2026-10-05 11:31:32.286262,2026-10-05 11:35:57.286262,23b64f96-755f-4172-b13b-f06ef7c0d8a9,95,phone,true,false,265
5d52134c-b716-48f4-887a-2a3af5f8174f,08a5fa48-2936-465e-affa-5558331c8a8d,2026-10-05 11:35:57.357705,2026-10-05 11:42:28.357705,6661a9db-8988-422d-b085-f060d4651cd5,95,tablet,true,true,391
f99b9fd5-8562-47fc-a8a8-06fab3c668df,08a5fa48-2936-465e-affa-5558331c8a8d,2026-10-08 11:42:29.307722,2026-10-08 11:51:56.307722,7c78df84-d804-47ba-ab1f-8d066a25a84a,96,tablet,true,true,567
dd9e300f-7329-4767-a376-2ff1d9c0228e,08a5fa48-2936-465e-affa-5558331c8a8d,2026-10-19 11:51:56.653565,2026-10-19 12:00:16.653565,c76a58bf-2454-4401-9c38-4842f176b3d8,97,phone,true,true,500
580ac447-adac-4f0e-9a20-afa38d782a0b,08a5fa48-2936-465e-affa-5558331c8a8d,2026-10-19 12:00:17.254747,2026-10-19 12:05:33.254747,20a5359c-426b-44d7-8a82-d2a6e0efd2ef,98,phone,true,false,316
e632a277-5f10-49b0-a1e4-f3479bbdda5d,08a5fa48-2936-465e-affa-5558331c8a8d,2026-10-19 12:05:33.446168,2026-10-19 12:12:09.446168,681fdd14-5adb-4457-9437-622d471e8710,98,phone,true,false,396
56563f1e-69d3-4027-8045-982727056603,08a5fa48-2936-465e-affa-5558331c8a8d,2026-10-19 12:12:09.935906,2026-10-19 12:19:03.935906,ea3c88c2-0e54-4e0c-95fd-11679cd487e9,98,phone,true,false,414
a2e4c1ee-0f66-409f-9343-5fac3577d100,08a5fa48-2936-465e-affa-5558331c8a8d,2026-10-19 12:19:04.054117,2026-10-19 12:22:07.054117,db7fe8b5-c8ed-4038-bfbd-bc57085722f6,98,phone,false,false,183
659c94b4-b6e2-4aeb-9b1f-604fb25fb403,08a5fa48-2936-465e-affa-5558331c8a8d,2026-10-19 12:22:07.684426,2026-10-19 12:24:42.684426,857b10f6-acab-4074-bd13-6d1dfee0d3a5,98,phone,true,false,155
876e47c0-b9d9-497e-844f-365e08cdf3ac,08a5fa48-2936-465e-affa-5558331c8a8d,2026-10-19 12:24:42.708977,2026-10-19 12:29:05.708977,5e934063-9798-41a9-a8b2-794d9d41eee8,98,phone,true,true,263
e7a68585-e4bd-446f-81d5-1c1f5506d678,08a5fa48-2936-465e-affa-5558331c8a8d,2026-10-25 12:29:05.961231,2026-10-25 12:35:31.961231,a851fbc9-292c-4712-a991-234d9005ba5b,99,phone,true,false,386
8b635556-4061-4351-919f-5add6ac287a9,08a5fa48-2936-465e-affa-5558331c8a8d,2026-10-25 12:35:32.440153,2026-10-25 12:39:40.440153,a46cfe13-1dbb-4982-9805-adb2d6ab34dc,99,desktop,true,false,248
f2e7eb44-8b72-47dd-96af-5816b7339deb,08a5fa48-2936-465e-affa-5558331c8a8d,2026-10-25 12:39:41.439697,2026-10-25 12:45:55.439697,95b59940-8a58-41cc-8902-57b123bd4866,99,desktop,true,false,374
ccda90bd-886a-4626-9876-75159332f322,08a5fa48-2936-465e-affa-5558331c8a8d,2026-10-25 12:45:55.444937,2026-10-25 12:53:39.444937,5c09e44a-912d-41e1-9929-efc1c7bb7ffd,99,desktop,true,true,464
6fbc5a43-45a2-4e1f-99f5-9933b1fe5a3d,08a5fa48-2936-465e-affa-5558331c8a8d,2026-10-25 12:53:39.472068,2026-10-25 12:55:06.472068,e736bdd0-ead1-43fd-a3bd-69e46d99cb0e,100,tablet,false,false,87
ab960357-d2e7-413c-8b52-00852d9bbc79,08a5fa48-2936-465e-affa-5558331c8a8d,2026-10-25 12:55:07.382939,2026-10-25 13:01:02.382939,79dfb4f7-8f60-48ed-b18b-0131b33d6e75,100,tablet,true,true,355
146421fa-c2f5-41fb-91cf-2e8357c172af,abe0a742-9916-40d4-b488-e6f7539063a4,2026-01-01 07:17:58,2026-01-01 07:27:22,01f8703d-7674-42ef-8cea-be16d86492f8,1,desktop,false,false,564
1b9f0ac1-6132-4d13-aac2-3bb2949ee584,abe0a742-9916-40d4-b488-e6f7539063a4,2026-01-01 07:27:22.223883,2026-01-01 07:31:36.223883,3ff63176-c742-45bc-b447-9a2a67da2fe7,1,phone,true,true,254
94671e02-cdf9-4204-8a26-84e6d4e1f5b0,abe0a742-9916-40d4-b488-e6f7539063a4,2026-01-02 07:31:36.896344,2026-01-02 07:38:13.896344,c80f608d-558a-49ec-9f33-45577194684d,2,phone,true,true,397
763447af-f8e8-43f7-b531-6822de65efdb,abe0a742-9916-40d4-b488-e6f7539063a4,2026-01-05 07:38:14.335958,2026-01-05 07:41:17.335958,75952fb5-4183-4297-94b3-e521db2862b2,3,phone,true,false,183
22aea6bb-5b94-4b4b-92f8-4b2c49d421b1,abe0a742-9916-40d4-b488-e6f7539063a4,2026-01-05 07:41:18.144968,2026-01-05 07:50:11.144968,6fdba23c-d54d-48a1-847b-3e7ffaf9a971,3,desktop,true,false,533
fe13fbfe-0e95-4950-9a35-c18d79a04526,abe0a742-9916-40d4-b488-e6f7539063a4,2026-01-05 07:50:11.808587,2026-01-05 07:56:23.808587,eaf37116-faae-4cdd-8d29-984fe2e45248,3,desktop,true,false,372
a1148aa3-b7f3-454a-85c7-012e247d97ff,abe0a742-9916-40d4-b488-e6f7539063a4,2026-01-05 07:56:24.724664,2026-01-05 08:00:49.724664,2599b2d8-5614-4ea9-8d23-8b428d34d726,3,desktop,true,true,265
94ac7039-7e74-403c-be2b-4f5618700456,abe0a742-9916-40d4-b488-e6f7539063a4,2026-01-05 08:00:49.85902,2026-01-05 08:04:47.85902,e1939b1e-611c-4ed0-934b-48cb569b77d0,4,tablet,false,false,238
389f60c7-4e03-4b56-87f0-283f8fc7d1ad,abe0a742-9916-40d4-b488-e6f7539063a4,2026-01-05 08:04:48.255633,2026-01-05 08:09:30.255633,a6251746-4322-497f-b11b-e3be403d7e73,4,tablet,true,false,282
0c5d4463-1429-442c-82fb-dbdf13709ab7,abe0a742-9916-40d4-b488-e6f7539063a4,2026-01-05 08:09:30.662864,2026-01-05 08:15:45.662864,8f11d4aa-59e0-48f0-94cc-49d2d81f721b,4,tablet,true,true,375
2915c151-985e-40ed-9e3c-70377a08ad9c,abe0a742-9916-40d4-b488-e6f7539063a4,2026-01-05 08:15:45.772327,2026-01-05 08:20:20.772327,0d4929b8-e834-48e0-900a-61ed07bfdf48,5,desktop,true,false,275
cf4c4b6d-fdfe-4ab1-909e-d664f921b23f,abe0a742-9916-40d4-b488-e6f7539063a4,2026-01-05 08:20:20.966204,2026-01-05 08:25:32.966204,45b5cca1-8bfd-4bab-9fe5-793ac2406602,5,desktop,false,false,312
8d34ef71-1e50-429f-b608-df5eed2321bb,abe0a742-9916-40d4-b488-e6f7539063a4,2026-01-05 08:25:33.405223,2026-01-05 08:30:41.405223,51af0189-83fa-4155-bd9e-32c4ff1d20af,5,phone,true,false,308
37db42f6-f319-4ad2-8856-e6e2f8122272,abe0a742-9916-40d4-b488-e6f7539063a4,2026-01-05 08:30:41.580297,2026-01-05 08:37:00.580297,79e43120-88dd-417a-95d0-850836e1059f,5,tablet,true,true,379
bff464dc-8635-42e7-a435-52460dd15fd1,abe0a742-9916-40d4-b488-e6f7539063a4,2026-01-06 08:37:01.332055,2026-01-06 08:41:46.332055,5d2c0b46-361c-4664-978d-7b028f76fa59,6,tablet,false,false,285
433e7b6d-010d-47c7-92e0-604fdcbc1838,abe0a742-9916-40d4-b488-e6f7539063a4,2026-01-06 08:41:47.014665,2026-01-06 08:48:00.014665,afd78382-b4df-4bda-8a60-e3e18a944e51,6,tablet,true,true,373
8a38d223-9d1c-4196-bd80-d67aa9742d1e,abe0a742-9916-40d4-b488-e6f7539063a4,2026-01-07 08:48:00.214319,2026-01-07 08:54:12.214319,b3930823-40d7-4679-a8b9-378ccb76154f,7,phone,true,true,372
6fd5aa66-b750-44f4-a801-2b358074b46d,abe0a742-9916-40d4-b488-e6f7539063a4,2026-01-07 08:54:12.257515,2026-01-07 08:57:50.257515,037ae669-4625-4629-9dc9-8f880b127beb,8,phone,true,true,218
700f3ecb-4726-4a1d-90fb-1b5eabaac6c4,abe0a742-9916-40d4-b488-e6f7539063a4,2026-01-07 08:57:50.602942,2026-01-07 09:03:46.602942,f1c25288-775a-4216-a195-90b582a679a8,9,phone,true,false,356
94d3b574-854e-4637-8b75-14fdff3fe9ea,abe0a742-9916-40d4-b488-e6f7539063a4,2026-01-07 09:03:46.911623,2026-01-07 09:11:20.911623,7422cb1c-88ce-45bf-862c-20f4e38b1eb1,9,phone,true,true,454
8397413d-8cfa-4739-bdd6-c3527d317b82,abe0a742-9916-40d4-b488-e6f7539063a4,2026-01-07 09:11:21.661715,2026-01-07 09:14:33.661715,961c939b-d760-43de-8f06-089c5a708dac,10,phone,false,false,192
8b687981-3f76-48dd-8db2-cd6dddb45672,abe0a742-9916-40d4-b488-e6f7539063a4,2026-01-07 09:14:34.005377,2026-01-07 09:19:13.005377,e4b7be5c-9106-46ee-9255-84b6ab6535f8,10,phone,true,true,279
cde72252-d3ed-406a-978d-f2525f687894,abe0a742-9916-40d4-b488-e6f7539063a4,2026-01-07 09:19:13.685289,2026-01-07 09:25:37.685289,a985cef5-b908-419f-95b8-de653707e81e,11,phone,true,true,384
e328a51d-6d41-47f7-af04-d6c7c57ccd60,abe0a742-9916-40d4-b488-e6f7539063a4,2026-01-14 09:25:38.514275,2026-01-14 09:30:36.514275,376f5fe0-aaac-43a6-b5bd-d93e323c5690,12,phone,false,false,298
20eca0b6-0c09-403f-bf1b-94ce74704258,abe0a742-9916-40d4-b488-e6f7539063a4,2026-01-14 09:30:37.217333,2026-01-14 09:37:26.217333,e6d74c8b-fa12-4a90-92ec-8a7492da9b33,12,phone,true,true,409
4d92b797-9555-428c-a6b5-84b0a69e54b1,abe0a742-9916-40d4-b488-e6f7539063a4,2026-01-23 09:37:26.444456,2026-01-23 09:40:31.444456,5074c360-6d7f-417a-99c0-6329e5c2cdd3,13,phone,true,true,185
86ca904c-62b8-4124-9497-c8f9476ec00b,abe0a742-9916-40d4-b488-e6f7539063a4,2026-01-23 09:40:31.794516,2026-01-23 09:44:08.794516,ca0c28e6-91b5-42fd-824e-0aac8f84e1c8,14,phone,true,true,217
d7c17398-90ec-44d8-8e56-04e726b65942,abe0a742-9916-40d4-b488-e6f7539063a4,2026-01-23 09:44:08.935063,2026-01-23 09:52:48.935063,b404b43c-b7bc-4e67-92b0-c45f8f644576,15,phone,true,false,520
1f6734f2-185b-4d69-9712-c23265d8d3a6,abe0a742-9916-40d4-b488-e6f7539063a4,2026-01-23 09:52:49.048992,2026-01-23 09:59:37.048992,f0195769-cc47-422f-a81b-c901d7135dd9,15,phone,true,true,408
bc8d3e5e-ffb6-4d6e-a09a-b86c85608726,abe0a742-9916-40d4-b488-e6f7539063a4,2026-01-23 09:59:37.524298,2026-01-23 10:06:47.524298,34e4cffa-b3f4-4800-8bff-e4a694f7103d,16,phone,true,true,430
65facfaa-9c1c-44bd-9443-8af46b52a4ee,abe0a742-9916-40d4-b488-e6f7539063a4,2026-01-23 10:06:47.893427,2026-01-23 10:12:11.893427,6481a328-6405-4c1d-97a1-66a6434f3d21,17,phone,true,true,324
b8ce5f5a-7317-4926-b9bf-0f2efe5aafdf,abe0a742-9916-40d4-b488-e6f7539063a4,2026-01-24 10:12:12.839402,2026-01-24 10:17:28.839402,b370d1cf-1f41-4ae2-929c-1729d3994eee,18,phone,true,false,316
5a9aa52e-f4a1-4082-b9f0-9b25bb6563fd,abe0a742-9916-40d4-b488-e6f7539063a4,2026-01-24 10:17:29.080848,2026-01-24 10:23:12.080848,abacc881-0c59-43c8-b504-05020982689a,18,phone,true,true,343
0f346df3-40c3-435a-b126-2e31fd9a7d07,abe0a742-9916-40d4-b488-e6f7539063a4,2026-01-24 10:23:12.92515,2026-01-24 10:27:50.92515,dab4d24e-107d-4052-9853-0575a3634621,19,phone,true,true,278
b21bebdc-8281-4e44-b072-9f44eb388324,abe0a742-9916-40d4-b488-e6f7539063a4,2026-01-24 10:27:51.639669,2026-01-24 10:31:35.639669,6c49b7c5-1a76-4505-a762-28edfcb24510,20,phone,true,true,224
10dafa2d-1e07-4260-a46c-43071bccb59a,abe0a742-9916-40d4-b488-e6f7539063a4,2026-01-24 10:31:35.895209,2026-01-24 10:35:36.895209,b6d679d2-8d59-4846-878b-100a81ce2368,21,phone,false,false,241
52a02547-5e92-4cee-bbe3-ef92659c294a,abe0a742-9916-40d4-b488-e6f7539063a4,2026-01-24 10:35:37.120044,2026-01-24 10:36:50.120044,d3008352-73e9-4284-8b62-22bb53a27390,21,phone,false,false,73
1d69fe46-41a1-43ac-bb3c-f4ee3f7788e5,abe0a742-9916-40d4-b488-e6f7539063a4,2026-01-24 10:36:50.700052,2026-01-24 10:40:10.700052,bf36f04d-b518-4043-840c-66e9c2d2ea53,21,tablet,true,true,200
557536c2-b915-4a85-9447-19ebc3c88265,abe0a742-9916-40d4-b488-e6f7539063a4,2026-01-24 10:40:10.718843,2026-01-24 10:44:12.718843,a6efafa9-6038-4418-82b1-701aa8e0d6e5,22,tablet,true,true,242
aa4be181-6f10-4c90-87e3-bd47f2e7373c,abe0a742-9916-40d4-b488-e6f7539063a4,2026-01-24 10:44:13.244847,2026-01-24 10:52:00.244847,f4addb52-adcd-48a6-a31a-11b2e2f63a90,23,tablet,true,false,467
da1ba2bc-7dd7-4849-9c87-16f165e13d37,abe0a742-9916-40d4-b488-e6f7539063a4,2026-01-24 10:52:01.154051,2026-01-24 11:01:28.154051,cc2dd093-15dc-4e53-9bc3-e9b433df2983,23,tablet,true,true,567
7c96cb1b-3c0c-4ea0-b704-b61320f441f6,abe0a742-9916-40d4-b488-e6f7539063a4,2026-01-24 11:01:28.744863,2026-01-24 11:06:55.744863,93691548-788e-4eb6-a5e5-be987fedc884,24,tablet,true,true,327
81278f22-fbdc-416f-9e58-9633697e9e26,abe0a742-9916-40d4-b488-e6f7539063a4,2026-01-24 11:06:55.931087,2026-01-24 11:11:54.931087,8d865771-5f10-4ac5-8048-070a4594b555,25,tablet,true,false,299
79532c56-1188-4bd8-ab07-9cdd66b6e990,abe0a742-9916-40d4-b488-e6f7539063a4,2026-01-24 11:11:55.591379,2026-01-24 11:16:23.591379,0343b48b-d894-4101-903f-a2a0ed542223,25,tablet,true,true,268
f48a036e-8b47-4e55-8914-1a992dd0d914,abe0a742-9916-40d4-b488-e6f7539063a4,2026-01-24 11:16:23.665669,2026-01-24 11:22:49.665669,b59a7d49-8dcf-4649-a6cc-5ac1b0e348e6,26,tablet,true,true,386
e1094c34-9899-4c73-8fde-9ff07d582fc8,abe0a742-9916-40d4-b488-e6f7539063a4,2026-01-24 11:22:50.282834,2026-01-24 11:30:00.282834,ce6479cc-144c-462a-a8c3-778a0e74ca49,27,tablet,true,false,430
3617d161-7583-490d-989e-1b719b7f2eeb,abe0a742-9916-40d4-b488-e6f7539063a4,2026-01-24 11:30:00.530362,2026-01-24 11:32:52.530362,511dc88b-b9c3-45d7-90af-cf3468f89500,27,tablet,true,true,172
ced90307-bde3-40af-9bf3-24e2d4d47c2d,abe0a742-9916-40d4-b488-e6f7539063a4,2026-01-24 11:32:53.153431,2026-01-24 11:39:10.153431,f4b9850e-b512-47d1-99d3-9eaf1976df04,28,tablet,true,true,377
d2716ee5-c751-44d7-926e-1c6c894860db,abe0a742-9916-40d4-b488-e6f7539063a4,2026-01-25 11:39:10.875363,2026-01-25 11:46:36.875363,c9e8017d-dd2d-4b65-b122-e2931fa174ca,29,desktop,true,true,446
d5e699ef-07c6-45f9-8469-655d3fcf28d9,abe0a742-9916-40d4-b488-e6f7539063a4,2026-01-25 11:46:37.267307,2026-01-25 11:51:40.267307,c2250315-db0e-4361-ac8a-aef19e148a68,30,desktop,true,true,303
2018fd98-0242-4902-8ace-f4746c124b7a,abe0a742-9916-40d4-b488-e6f7539063a4,2026-01-25 11:51:40.969875,2026-01-25 11:58:58.969875,c0fa3b70-9bdb-4470-8563-195f493b85f5,31,desktop,true,true,438
fb730a8a-2355-4e9a-baeb-61ca17535a80,abe0a742-9916-40d4-b488-e6f7539063a4,2026-01-25 11:58:59.797497,2026-01-25 12:03:11.797497,7e767eeb-3460-499d-a533-c265aff383b7,32,desktop,true,false,252
ac749b89-3489-4d0a-ba7c-475c228e826f,abe0a742-9916-40d4-b488-e6f7539063a4,2026-01-25 12:03:12.403881,2026-01-25 12:07:19.403881,ac122288-ed1f-434a-bf97-cd48c53e4d5e,32,phone,true,true,247
8c55c137-0e14-47d2-ba01-3d779dfb6541,abe0a742-9916-40d4-b488-e6f7539063a4,2026-01-25 12:07:19.507434,2026-01-25 12:11:58.507434,d095fb4b-03c7-4c05-88bb-d5be6ac25426,33,phone,true,false,279
2c5bdb37-562b-425d-9308-b78d33d8dfab,abe0a742-9916-40d4-b488-e6f7539063a4,2026-01-25 12:11:59.280195,2026-01-25 12:14:23.280195,ff59984b-b716-4e5f-8038-390a4f90bce2,33,desktop,true,true,144
ddfea032-690e-4535-98e4-ecbd4330ba73,abe0a742-9916-40d4-b488-e6f7539063a4,2026-01-25 12:14:24.112454,2026-01-25 12:17:36.112454,49c5a937-d761-408a-a46d-fdbcfc00bffb,34,desktop,true,true,192
00919b54-3cb0-40d1-b20d-c5debbcc9a74,abe0a742-9916-40d4-b488-e6f7539063a4,2026-01-25 12:17:36.524721,2026-01-25 12:20:56.524721,22ca5779-7e7b-4054-b1a8-d20ae187db9f,35,desktop,true,true,200
45941f43-c73c-4494-9597-b8d904416504,abe0a742-9916-40d4-b488-e6f7539063a4,2026-01-29 12:20:57.507536,2026-01-29 12:24:44.507536,ed84c9a1-b184-4cae-a77e-f76505a73647,36,desktop,true,true,227
1efa4000-a7df-49ea-966f-2d66d5effcdd,abe0a742-9916-40d4-b488-e6f7539063a4,2026-01-29 12:24:44.599828,2026-01-29 12:33:35.599828,30258633-adfd-4f8d-8b37-5b227428dd18,37,phone,true,true,531
bd45d107-a3b4-4cac-810e-9a86a095b09b,abe0a742-9916-40d4-b488-e6f7539063a4,2026-01-29 12:33:35.621731,2026-01-29 12:34:04.621731,5e712e61-5788-4136-a84b-c20610de2cd5,38,phone,false,false,29
b3145b98-cc38-4994-9705-49244c69523e,abe0a742-9916-40d4-b488-e6f7539063a4,2026-01-29 12:34:05.432958,2026-01-29 12:39:40.432958,c730d908-68c3-4392-8e81-1aa9749139d2,38,phone,true,true,335
294936f0-1c60-450e-a7d0-5df94f10703f,abe0a742-9916-40d4-b488-e6f7539063a4,2026-01-29 12:39:40.782738,2026-01-29 12:48:58.782738,e78220bf-aa35-49ad-9207-6e6f7e2f2c64,39,phone,false,false,558
cb4cfe66-3997-466c-b979-ccee31c8fae4,abe0a742-9916-40d4-b488-e6f7539063a4,2026-01-29 12:48:59.619115,2026-01-29 12:53:30.619115,ea51395d-3387-4fc6-90ad-21606a77df08,39,tablet,true,true,271
64cbf5d5-102c-431d-a839-1053431c5395,abe0a742-9916-40d4-b488-e6f7539063a4,2026-01-30 12:53:31.430868,2026-01-30 12:58:28.430868,3b7cf0ba-8c5f-40b8-bde2-1b76f741dd3d,40,tablet,false,false,297
8b19f8c2-cfe0-41ad-bb86-25f3d75d200a,abe0a742-9916-40d4-b488-e6f7539063a4,2026-01-30 12:58:28.592296,2026-01-30 13:03:23.592296,c301dee6-4038-47d3-8758-1ab9d9794361,40,tablet,true,true,295
488072bd-49cb-418f-ab45-3aae7ce2f565,abe0a742-9916-40d4-b488-e6f7539063a4,2026-01-30 13:03:24.139672,2026-01-30 13:06:42.139672,d345a3c5-92ee-451f-a23d-811973371e48,41,tablet,true,false,198
c7464591-18ee-4cc8-80d5-c5bed1d8eb8a,abe0a742-9916-40d4-b488-e6f7539063a4,2026-01-30 13:06:42.218276,2026-01-30 13:13:24.218276,81122d5d-ae78-4904-b294-8b37d96fc59d,41,tablet,true,false,402
1a419175-5957-4238-be06-9c983268dd87,abe0a742-9916-40d4-b488-e6f7539063a4,2026-01-30 13:13:25.118174,2026-01-30 13:17:03.118174,b13d2cbf-4d12-4b3f-8fba-6bffd2bd1261,41,tablet,true,true,218
d3c83a83-a5d7-4768-a6c9-b608b3e7d0e3,abe0a742-9916-40d4-b488-e6f7539063a4,2026-01-30 13:17:03.348494,2026-01-30 13:21:18.348494,c390a0f4-9097-4959-94d5-32cfb4745289,42,tablet,true,true,255
ba7189c3-7419-4afb-b586-1b81f6a89fa0,abe0a742-9916-40d4-b488-e6f7539063a4,2026-01-30 13:21:18.882308,2026-01-30 13:30:41.882308,017ef7c4-f4fb-4f52-91de-ceca7551b49c,43,tablet,false,false,563
41790680-b4a8-4573-b223-d388b7ffcb66,abe0a742-9916-40d4-b488-e6f7539063a4,2026-01-30 13:30:42.867175,2026-01-30 13:35:19.867175,7f7db9e5-5460-4c49-b97a-6bf3f17b4ea0,43,tablet,true,false,277
a5232de0-4be4-4250-a752-f8af577c8676,abe0a742-9916-40d4-b488-e6f7539063a4,2026-01-30 13:35:19.91163,2026-01-30 13:43:50.91163,c36763aa-bd6b-4c3c-84a0-838f70864ae5,43,tablet,true,false,511
486f9d20-5790-4ac3-b74a-20ec3bcdd4ad,abe0a742-9916-40d4-b488-e6f7539063a4,2026-01-30 13:43:51.417296,2026-01-30 13:49:35.417296,87706ead-778a-421c-b9c3-d7dee22303af,43,tablet,true,false,344
50caa2c5-4f21-4de2-a3dd-11a3ec3d0a5d,abe0a742-9916-40d4-b488-e6f7539063a4,2026-01-30 13:49:35.96692,2026-01-30 13:57:14.96692,6932d5f2-a728-48c2-9d1b-2d9edb4e212c,43,tablet,true,true,459
cee8d4c7-f81e-47bf-99fd-8e969074da0b,abe0a742-9916-40d4-b488-e6f7539063a4,2026-01-30 13:57:14.979523,2026-01-30 14:01:08.979523,3463f913-0990-456a-8382-6813d2ff72c3,44,tablet,true,true,234
a4ab3030-3d22-4929-8387-8dcdc56766c5,abe0a742-9916-40d4-b488-e6f7539063a4,2026-01-30 14:01:09.582882,2026-01-30 14:06:01.582882,6bdcd33c-f435-4ae0-b2fc-25bc6d5ba107,45,desktop,true,true,292
de722b8c-b605-43a0-bbff-9147a5da9422,abe0a742-9916-40d4-b488-e6f7539063a4,2026-01-30 14:06:02.145015,2026-01-30 14:08:44.145015,7491a26c-4d04-4c96-bcf0-fd12e1938327,46,desktop,true,true,162
19a4cd1e-b025-4bbe-831c-8b9c11f3bc06,abe0a742-9916-40d4-b488-e6f7539063a4,2026-01-30 14:08:45.007842,2026-01-30 14:16:06.007842,3f24938d-f483-4dff-9e22-36f18de55615,47,desktop,true,true,441
9c92037a-7ffe-4b00-b50b-1aaad3a809ca,abe0a742-9916-40d4-b488-e6f7539063a4,2026-01-30 14:16:06.6826,2026-01-30 14:22:32.6826,aa2acec6-ad78-4c0a-8f50-896d9526abb0,48,desktop,true,true,386
68564480-9779-4ea4-a6b8-866dc4e3197d,abe0a742-9916-40d4-b488-e6f7539063a4,2026-01-30 14:22:33.523207,2026-01-30 14:28:39.523207,fe292ba6-c358-4fdc-b4f8-19439893b516,49,desktop,true,false,366
8e4e19be-a212-4264-8c4c-6e994d4a22c7,abe0a742-9916-40d4-b488-e6f7539063a4,2026-01-30 14:28:40.522132,2026-01-30 14:34:53.522132,602106a0-7720-40ca-bc74-87faad8fbba0,49,desktop,false,false,373
a9e5e3f9-5b7b-468d-a357-4b59ca4be653,abe0a742-9916-40d4-b488-e6f7539063a4,2026-01-30 14:34:53.647019,2026-01-30 14:40:33.647019,50e42b36-e846-4657-a1b7-9d4a4c66080d,49,desktop,true,false,340
a1ff8bed-2335-4838-95e6-822237d4da7f,abe0a742-9916-40d4-b488-e6f7539063a4,2026-01-30 14:40:33.911092,2026-01-30 14:45:01.911092,843f3b4c-7ed5-4110-8c30-adf1f15e5c99,49,desktop,true,true,268
e5aff044-40ed-4537-ae7a-b6bd64c9917c,abe0a742-9916-40d4-b488-e6f7539063a4,2026-01-30 14:45:02.144562,2026-01-30 14:49:08.144562,911ec86a-4b66-4e59-a292-0256f03174f8,50,desktop,true,true,246
83012e97-bfda-4ece-83a6-4a08e5aaf1c2,abe0a742-9916-40d4-b488-e6f7539063a4,2026-01-30 14:49:08.594993,2026-01-30 14:53:50.594993,f40dae5f-84d2-4536-92f0-b0e8d017af79,51,desktop,true,true,282
3e47386f-6303-4287-9749-b74068576984,abe0a742-9916-40d4-b488-e6f7539063a4,2026-01-30 14:53:51.455965,2026-01-30 14:58:21.455965,d715a237-9b77-4186-834d-0a5aaf97d95c,52,desktop,true,true,270
4c2d2f56-eba0-41c3-85f7-0ee22ac335e5,abe0a742-9916-40d4-b488-e6f7539063a4,2026-01-30 14:58:21.851742,2026-01-30 15:04:52.851742,fe9a7039-39b3-4402-bb36-7e7efb068203,53,desktop,true,true,391
61041ff4-1dc9-4e00-908a-7ad02a4d8570,abe0a742-9916-40d4-b488-e6f7539063a4,2026-01-30 15:04:53.297714,2026-01-30 15:12:09.297714,e533833a-b856-441d-ae4b-187470a8e289,54,phone,false,false,436
24b4064d-e72e-4b68-895d-2e289bfee8b7,abe0a742-9916-40d4-b488-e6f7539063a4,2026-01-30 15:12:09.994674,2026-01-30 15:16:09.994674,8188763a-86d6-4940-a194-ac9977dab1df,54,tablet,true,false,240
b28cdfc0-5b99-49ef-b644-67ad0e955a4e,abe0a742-9916-40d4-b488-e6f7539063a4,2026-01-30 15:16:10.141524,2026-01-30 15:20:29.141524,977bdd0d-02e5-4188-856e-e6a89ce9e228,54,tablet,true,false,259
69efb10d-b1c9-47b3-805e-0194deef397f,abe0a742-9916-40d4-b488-e6f7539063a4,2026-01-30 15:20:29.483133,2026-01-30 15:23:29.483133,a83638bf-ae53-4833-ad99-8144ed7b8180,54,phone,true,false,180
f39b786c-16ef-4a5a-8512-5b9c2b0488fb,abe0a742-9916-40d4-b488-e6f7539063a4,2026-01-30 15:23:30.031806,2026-01-30 15:23:50.031806,af262635-f492-41f7-9339-20bab514204b,54,tablet,false,false,20
d1b46fd6-620f-40c0-8483-31a1a6742807,abe0a742-9916-40d4-b488-e6f7539063a4,2026-01-30 15:23:50.599391,2026-01-30 15:27:47.599391,e33d4555-8364-4d12-b549-fd0471ca7f7a,54,tablet,true,true,237
05ab8efe-805b-475a-8429-a157cdad2f4d,abe0a742-9916-40d4-b488-e6f7539063a4,2026-01-30 15:27:48.107446,2026-01-30 15:35:22.107446,9982dde7-8920-4345-a376-32705b5b9d20,55,desktop,true,false,454
d9dd5108-fc78-4895-aed8-5ff780aa4c9b,abe0a742-9916-40d4-b488-e6f7539063a4,2026-01-30 15:35:22.905303,2026-01-30 15:41:04.905303,790059d1-3c46-42bc-80b6-cb1b50d7211b,55,desktop,true,false,342
1ea721c1-1cc8-4323-a985-58da8f3d7624,abe0a742-9916-40d4-b488-e6f7539063a4,2026-01-30 15:41:04.946568,2026-01-30 15:47:52.946568,ac5736eb-a5a3-45ab-94f8-a098d0e04ffe,55,desktop,true,false,408
287cd2b1-9b50-499a-b4d8-caf0a78d59fa,abe0a742-9916-40d4-b488-e6f7539063a4,2026-01-30 15:47:53.053064,2026-01-30 15:56:20.053064,d0c7b4fc-56d7-49c2-b966-023a924986f6,55,desktop,true,true,507
c1fdd026-7fbd-4f60-baf5-937eb89a0c82,abe0a742-9916-40d4-b488-e6f7539063a4,2026-01-30 15:56:21.002026,2026-01-30 15:59:57.002026,aaadd265-85f8-49b3-bb24-c7421a5e1f93,56,tablet,true,true,216
ad0a8c9c-90e9-4276-96ff-d04216348d88,abe0a742-9916-40d4-b488-e6f7539063a4,2026-01-30 15:59:57.825159,2026-01-30 16:06:35.825159,df18346f-e2f4-490e-818d-17db2684ec30,57,tablet,true,true,398
cb7e1817-5ebe-4c8d-8e4b-9c5b79416bf5,abe0a742-9916-40d4-b488-e6f7539063a4,2026-01-31 16:06:36.55638,2026-01-31 16:10:04.55638,1360bead-2db2-4465-8eb0-e0db4676479b,58,tablet,false,false,208
a631a0b5-ff66-4665-a327-2d8f572f3084,abe0a742-9916-40d4-b488-e6f7539063a4,2026-01-31 16:10:05.161485,2026-01-31 16:14:09.161485,abc0495c-e21a-453e-9940-9f2369cc015e,58,desktop,true,true,244
d061b017-3c72-48e3-8692-590bdc719647,abe0a742-9916-40d4-b488-e6f7539063a4,2026-01-31 16:14:10.048247,2026-01-31 16:22:32.048247,173da4b9-6462-4232-a75e-f13f135239da,59,desktop,true,true,502
c2a4b699-6bb7-4eb5-8b96-023ee2866f3b,abe0a742-9916-40d4-b488-e6f7539063a4,2026-02-01 16:22:32.338731,2026-02-01 16:26:13.338731,640d7e0c-ca37-4964-8b63-7332fa90e247,60,desktop,true,true,221
940e150e-06a1-43b1-9e1f-2a7436bf1a01,abe0a742-9916-40d4-b488-e6f7539063a4,2026-02-02 16:26:14.203928,2026-02-02 16:29:23.203928,2ba2cc0a-fb67-4642-a547-624320a5ecfb,61,desktop,true,true,189
0c460f7a-e5a4-48e8-88ab-2487b7a074e8,abe0a742-9916-40d4-b488-e6f7539063a4,2026-02-02 16:29:23.47293,2026-02-02 16:33:45.47293,1e804d2e-fcb7-4698-8721-cf31fa65091a,62,desktop,true,true,262
85a3d2eb-6f20-4d78-b768-fb9d0f1771d4,abe0a742-9916-40d4-b488-e6f7539063a4,2026-02-02 16:33:45.587211,2026-02-02 16:38:43.587211,dd297c1a-a043-4326-baec-de67ca8fc6c1,63,desktop,true,true,298
686183c0-c03e-45c1-8da6-485551edf493,abe0a742-9916-40d4-b488-e6f7539063a4,2026-02-02 16:38:43.615045,2026-02-02 16:43:50.615045,2c7dae42-471e-47db-979a-7386eb99c0ab,64,desktop,false,false,307
c57cd046-2d99-4294-b5dc-6b0322fadd3d,abe0a742-9916-40d4-b488-e6f7539063a4,2026-02-02 16:43:50.722561,2026-02-02 16:48:33.722561,7f3fafe7-842d-4546-a41b-078399e26cee,64,desktop,true,true,283
6d2c59a1-1d74-4cc0-b4f1-e7b0f325ac7a,abe0a742-9916-40d4-b488-e6f7539063a4,2026-02-02 16:48:34.569178,2026-02-02 16:53:10.569178,b70d0e7b-1b31-44e8-9eea-39b972f95b6c,65,desktop,true,false,276
980714c1-aa32-4792-8a41-df9df7105b18,abe0a742-9916-40d4-b488-e6f7539063a4,2026-02-02 16:53:10.760562,2026-02-02 17:00:21.760562,5194a3a3-2f14-48c8-aeb9-49912e08117f,65,desktop,true,false,431
fd97bdb2-d2e4-4a4b-bd50-69b90bf8cd64,abe0a742-9916-40d4-b488-e6f7539063a4,2026-02-02 17:00:22.054558,2026-02-02 17:04:23.054558,ac832247-d94f-4b40-9878-f2e83f8e74f6,65,desktop,false,false,241
7695faaa-cbc1-4ad4-b65b-1c76d5c828fc,abe0a742-9916-40d4-b488-e6f7539063a4,2026-02-02 17:04:23.184795,2026-02-02 17:08:57.184795,08d01522-ed21-43f3-a5db-2f62575ab33b,65,phone,true,false,274
071246b2-a09e-4d0d-a9f9-34b0dc8de99a,abe0a742-9916-40d4-b488-e6f7539063a4,2026-02-02 17:08:57.8388,2026-02-02 17:16:31.8388,efca7991-ce92-49f2-af04-a18b8c6c273a,65,phone,false,false,454
c4d23175-a56c-499a-8d4d-5d437b00ec57,abe0a742-9916-40d4-b488-e6f7539063a4,2026-02-02 17:16:32.093888,2026-02-02 17:21:52.093888,368c53b7-7d98-4d69-b2f5-4b939a8d446f,65,phone,true,true,320
216989f7-9d61-4660-ba1c-3d638d42fda0,abe0a742-9916-40d4-b488-e6f7539063a4,2026-02-02 17:21:52.224229,2026-02-02 17:26:52.224229,9ca6dee9-04cb-4223-b19a-8d5417b7915a,66,phone,true,true,300
1aaa1133-62c2-4882-9727-524ebc30fb67,abe0a742-9916-40d4-b488-e6f7539063a4,2026-02-02 17:26:52.971819,2026-02-02 17:33:38.971819,d0a6cda4-7f41-4fd0-b808-5d27bf7b2ce4,67,phone,true,false,406
248dbbf3-7363-4bfe-bb6a-c4db0463013c,abe0a742-9916-40d4-b488-e6f7539063a4,2026-02-02 17:33:39.825493,2026-02-02 17:37:47.825493,f3965b08-63ae-4919-a59d-9e16b1c31dcb,67,tablet,true,true,248
bf9808ab-61c0-46f6-bd22-2986026406bd,abe0a742-9916-40d4-b488-e6f7539063a4,2026-02-02 17:37:47.920618,2026-02-02 17:45:41.920618,e474e798-70ca-4500-b44b-190fb59b846a,68,phone,false,false,474
d558366b-cd69-4371-8da0-66924539e724,abe0a742-9916-40d4-b488-e6f7539063a4,2026-02-02 17:45:42.882695,2026-02-02 17:48:35.882695,20a098cc-1c30-4767-9180-aab2586963d2,68,desktop,true,true,173
50b5a12c-9f93-4252-b00d-506308c6cde4,abe0a742-9916-40d4-b488-e6f7539063a4,2026-02-02 17:48:36.498995,2026-02-02 17:54:15.498995,98a5afaa-1cc9-4970-8867-33b57a0994ce,69,desktop,true,false,339
7aee70f0-168c-4054-b7da-3dbd1141f4bf,abe0a742-9916-40d4-b488-e6f7539063a4,2026-02-02 17:54:15.790858,2026-02-02 18:02:02.790858,fcf42339-9104-4dd3-9d15-db6c7ca342dd,69,desktop,true,true,467
0907007c-326a-4d53-a622-f54fffbed5ed,abe0a742-9916-40d4-b488-e6f7539063a4,2026-02-03 18:02:03.592942,2026-02-03 18:05:08.592942,a8d23e42-3fd9-4e11-b5b4-e74dec3619b3,70,desktop,true,false,185
9de2d2bd-79ae-4985-9a4c-0b8c2c51028b,abe0a742-9916-40d4-b488-e6f7539063a4,2026-02-03 18:05:09.046907,2026-02-03 18:10:26.046907,8709242e-9c29-42a7-b2c2-08e227850292,70,desktop,true,false,317
0051e670-d58d-47da-859a-d81636bf5735,abe0a742-9916-40d4-b488-e6f7539063a4,2026-02-03 18:10:26.774972,2026-02-03 18:14:10.774972,4540cb9c-45b5-4052-ba1d-5d0bc6a76342,70,desktop,true,true,224
ee665ab6-3b4b-487e-8236-2b6e462024b6,abe0a742-9916-40d4-b488-e6f7539063a4,2026-02-04 18:14:11.429333,2026-02-04 18:23:50.429333,79554928-e603-4915-8db5-b171196a1d2a,71,desktop,true,true,579
f117dade-b010-47cc-a2a6-46b8936282be,abe0a742-9916-40d4-b488-e6f7539063a4,2026-02-04 18:23:51.035545,2026-02-04 18:28:24.035545,6debfdfc-f640-46de-b537-8ec410ae7925,72,desktop,true,true,273
31794181-bbff-4694-9944-be2d03b8210d,abe0a742-9916-40d4-b488-e6f7539063a4,2026-02-04 18:28:24.1607,2026-02-04 18:32:00.1607,f90e7a30-4be4-41c4-8aa8-3bec62d5a557,73,desktop,true,true,216
f3b0f170-2b6f-462b-894b-d4fd71e2f828,abe0a742-9916-40d4-b488-e6f7539063a4,2026-02-05 18:32:00.618522,2026-02-05 18:36:24.618522,c9b2501b-5032-42b9-85fb-83acb005ee12,74,desktop,true,true,264
7144b0c8-3e13-4dae-830c-bbe344bdee98,abe0a742-9916-40d4-b488-e6f7539063a4,2026-02-08 18:36:25.172552,2026-02-08 18:42:17.172552,943a7d87-ec46-42a7-9569-b92f10f4c918,75,desktop,true,true,352
fdc5a664-1c64-4e9c-b8b0-629526822353,abe0a742-9916-40d4-b488-e6f7539063a4,2026-02-08 18:42:17.27059,2026-02-08 18:49:53.27059,4d9610ec-6dd3-49c0-8290-b9d980a56838,76,desktop,true,true,456
d109d298-c912-45a8-b8fe-5613d45c3e27,abe0a742-9916-40d4-b488-e6f7539063a4,2026-02-09 18:49:53.28829,2026-02-09 18:58:19.28829,2142d483-a28c-4582-a47f-6bed8734a948,77,desktop,true,true,506
be6996a5-1de6-4eb7-afd0-da1bf4b97565,abe0a742-9916-40d4-b488-e6f7539063a4,2026-02-09 18:58:19.775835,2026-02-09 19:01:06.775835,a2e9e7bc-26c3-4a04-9d10-18f558a38fd3,78,desktop,true,false,167
fbb4d679-a46c-4529-be33-3521e9fa2db1,abe0a742-9916-40d4-b488-e6f7539063a4,2026-02-09 19:01:07.638137,2026-02-09 19:05:22.638137,4575bf81-0f77-4ca9-bb82-339bd3469d25,78,desktop,true,true,255
29113c45-96e9-4771-900e-3ee3b28c72db,abe0a742-9916-40d4-b488-e6f7539063a4,2026-02-09 19:05:23.185246,2026-02-09 19:10:55.185246,90645612-3a26-48b5-8167-26a8cd483ca3,79,desktop,true,true,332
25623e50-fa4c-4fcf-aba2-ac33aea3ae34,abe0a742-9916-40d4-b488-e6f7539063a4,2026-02-09 19:10:55.925121,2026-02-09 19:18:31.925121,00544229-58a7-48ea-b437-aba9d01d2143,80,desktop,true,true,456
d282bef7-93a5-4f0f-8e33-e860cc37b9f8,abe0a742-9916-40d4-b488-e6f7539063a4,2026-02-09 19:18:32.813474,2026-02-09 19:22:33.813474,3d6d4029-f457-4eab-829b-beec01bc6fd5,81,desktop,true,false,241
30322532-b40a-4253-b356-b134a795982a,abe0a742-9916-40d4-b488-e6f7539063a4,2026-02-09 19:22:34.469572,2026-02-09 19:30:08.469572,925a89d2-b197-45d0-864a-8082cafcc5db,81,desktop,true,true,454
dea724c0-bc8f-4272-a3fc-f4b97001be95,abe0a742-9916-40d4-b488-e6f7539063a4,2026-02-09 19:30:08.880576,2026-02-09 19:36:08.880576,d27c6ba4-4322-432b-af2c-e7badf5f1d52,82,desktop,true,true,360
86f13352-7e28-4dba-9a8b-a600d7a43b33,abe0a742-9916-40d4-b488-e6f7539063a4,2026-02-09 19:36:09.665196,2026-02-09 19:44:32.665196,752f3e89-93d0-49e8-aa72-aef26cee1b77,83,desktop,true,true,503
478dbc5f-fbc9-4511-96a1-399be9a2653b,abe0a742-9916-40d4-b488-e6f7539063a4,2026-02-09 19:44:33.409317,2026-02-09 19:50:23.409317,d5c664ac-396f-45db-a76c-74b7daef617f,84,desktop,true,false,350
2776e7c1-005e-43b3-b775-ed0c4cd5e442,abe0a742-9916-40d4-b488-e6f7539063a4,2026-02-09 19:50:23.531243,2026-02-09 19:55:37.531243,39d2cabe-b284-4ff0-a05d-ff5b9c887915,84,tablet,true,true,314
25b0d7d4-6a05-4d04-861f-53c420b48017,abe0a742-9916-40d4-b488-e6f7539063a4,2026-02-12 19:55:37.589209,2026-02-12 20:02:20.589209,9249d241-2071-4375-be11-2722c22036ab,85,tablet,true,true,403
d4de89af-b921-415f-825e-5665cd290e36,abe0a742-9916-40d4-b488-e6f7539063a4,2026-02-12 20:02:21.207063,2026-02-12 20:10:47.207063,bf47db76-b341-412c-b656-e194ba3e48df,86,tablet,true,false,506
8ea24e92-68ab-417c-8bf2-4fb88e6667de,abe0a742-9916-40d4-b488-e6f7539063a4,2026-02-12 20:10:47.292404,2026-02-12 20:17:17.292404,a59c228c-0a4d-4a3c-b95c-750cb1ab3a84,86,tablet,true,false,390
a3df6eac-7144-4e73-97b1-916f533a4136,abe0a742-9916-40d4-b488-e6f7539063a4,2026-02-12 20:17:17.723491,2026-02-12 20:21:43.723491,14b165da-54ca-4fda-a799-452117f6f560,86,desktop,true,true,266
80c52ab9-a741-4329-a3d9-01c44e7e682e,abe0a742-9916-40d4-b488-e6f7539063a4,2026-02-12 20:21:44.370414,2026-02-12 20:29:08.370414,f4578333-ed4a-4751-a1fd-06551d6255b7,87,desktop,false,false,444
a8e7e01e-3101-4cc5-a67c-47d6314ad952,abe0a742-9916-40d4-b488-e6f7539063a4,2026-02-12 20:29:09.359227,2026-02-12 20:35:51.359227,7528275a-d869-40e1-bfab-690642a68916,87,phone,true,true,402
e6903ac7-a895-49de-8655-1c90abecdfed,abe0a742-9916-40d4-b488-e6f7539063a4,2026-02-13 20:35:51.638551,2026-02-13 20:43:05.638551,80bb585a-1770-43b6-a60d-64d998c91181,88,phone,true,true,434
c9cb491b-2394-4c2c-8f8f-d9cbecd32461,abe0a742-9916-40d4-b488-e6f7539063a4,2026-02-13 20:43:06.526043,2026-02-13 20:48:28.526043,735f4f4e-a38d-46d3-859e-777a016d00c8,89,desktop,true,false,322
b1a37f1f-2684-4a35-9bef-e7c8a61da6c6,abe0a742-9916-40d4-b488-e6f7539063a4,2026-02-13 20:48:29.21214,2026-02-13 20:53:02.21214,08cd99b6-296f-48dd-9ba9-283899ad058c,89,desktop,true,true,273
b3fef06c-ffcb-4e22-8895-6cca0a0d74d9,abe0a742-9916-40d4-b488-e6f7539063a4,2026-02-13 20:53:02.703151,2026-02-13 20:56:46.703151,809acf08-a738-401c-9da8-2472f75a4bee,90,tablet,true,true,224
e5f65a29-abcd-4b24-9177-66451ba413dd,abe0a742-9916-40d4-b488-e6f7539063a4,2026-02-13 20:56:47.474004,2026-02-13 21:00:26.474004,df316c00-be6e-4474-9dd4-a5cbb60b0de8,91,tablet,false,false,219
12e9ca58-86ac-4d0b-b582-0c23ec1195ce,abe0a742-9916-40d4-b488-e6f7539063a4,2026-02-13 21:00:26.705828,2026-02-13 21:07:00.705828,563d923d-726a-44f9-bd11-b0b1a9be0d9d,91,tablet,true,true,394
b63a1015-4026-4d59-8778-6af1f49a9cc0,abe0a742-9916-40d4-b488-e6f7539063a4,2026-02-13 21:07:00.976793,2026-02-13 21:09:19.976793,6fadaca7-989a-4d8c-9391-27b6c62c1414,92,tablet,false,false,139
9f83e65b-76d1-41dd-8075-2698601f5893,abe0a742-9916-40d4-b488-e6f7539063a4,2026-02-13 21:09:20.304617,2026-02-13 21:09:33.304617,3531fde8-781c-42fd-9346-23fe4d185951,92,desktop,false,false,13
53bfd4ae-b3e9-4a68-9cf5-57be61fc75dd,abe0a742-9916-40d4-b488-e6f7539063a4,2026-02-13 21:09:33.819658,2026-02-13 21:12:58.819658,d0b0a90d-7a59-4049-8798-f12d995e26a1,92,desktop,true,true,205
eb6859f1-5408-4d99-881a-92656c1458a7,abe0a742-9916-40d4-b488-e6f7539063a4,2026-02-13 21:12:59.504052,2026-02-13 21:21:54.504052,1effdd2b-42b8-4689-8a2b-9534ba9ebd41,93,phone,false,false,535
47df1e92-8103-4517-999d-4000f5e3584a,abe0a742-9916-40d4-b488-e6f7539063a4,2026-02-13 21:21:55.160725,2026-02-13 21:29:25.160725,9993127a-e48d-4a38-b76d-c454a2326a7d,93,phone,true,false,450
1edacedb-a66b-4bae-bce6-0a262cb525ad,abe0a742-9916-40d4-b488-e6f7539063a4,2026-02-13 21:29:25.506861,2026-02-13 21:34:42.506861,4aac6636-e2fe-4994-9452-966661a942f9,93,phone,true,true,317
1b0b4995-b57d-4672-9483-25b157477c91,abe0a742-9916-40d4-b488-e6f7539063a4,2026-02-14 21:34:43.454661,2026-02-14 21:38:38.454661,ddcfccc8-aceb-4de8-9e93-545e8213015b,94,desktop,true,true,235
1964dd4f-912e-40c2-94c6-f22e35464a23,abe0a742-9916-40d4-b488-e6f7539063a4,2026-02-14 21:38:38.497416,2026-02-14 21:41:38.497416,ceafc694-75e0-41cc-abf4-3518aa0bff22,95,desktop,true,true,180
60cd7a50-0f5c-4a20-b4ff-de3843c0d9b9,abe0a742-9916-40d4-b488-e6f7539063a4,2026-02-14 21:41:39.282081,2026-02-14 21:44:16.282081,05d71db7-c52d-436f-904c-19aaebb32ca6,96,desktop,true,true,157
8c288b0d-a3c3-49e8-8bbd-f8b82d7e390a,abe0a742-9916-40d4-b488-e6f7539063a4,2026-02-16 21:44:16.454666,2026-02-16 21:46:59.454666,ff8a8adc-3b70-4814-a157-95f54c90ee20,97,desktop,true,false,163
da8af779-4dcc-4883-a9ba-5c3b63d551a9,abe0a742-9916-40d4-b488-e6f7539063a4,2026-02-16 21:47:00.358687,2026-02-16 21:49:04.358687,64a2ea9d-49a1-4ccb-a49c-aec1dc168868,97,desktop,false,false,124
819e9287-cfac-4c28-b7d7-ffcd0d20364c,abe0a742-9916-40d4-b488-e6f7539063a4,2026-02-16 21:49:04.534843,2026-02-16 21:53:57.534843,bb96e11d-20a7-44a0-bdc0-30b491a4345b,97,desktop,false,false,293
4621849b-1cfe-49c0-986b-64ec2a06294e,abe0a742-9916-40d4-b488-e6f7539063a4,2026-02-16 21:53:57.769178,2026-02-16 21:58:14.769178,8b009877-6e36-47bc-94dc-10fc3f16d4f1,97,phone,true,false,257
ab8934b5-c5c8-4e9f-a0e7-743d82f6fad6,abe0a742-9916-40d4-b488-e6f7539063a4,2026-02-16 21:58:15.760803,2026-02-16 22:04:25.760803,b3915ae7-cf39-46db-aa50-41c9520a9174,97,phone,true,true,370
2cf13726-e692-49e1-a0cb-5d24ed0eeb1e,abe0a742-9916-40d4-b488-e6f7539063a4,2026-02-17 22:04:26.53223,2026-02-17 22:11:59.53223,894b10f4-cac6-468e-974a-465cf9e26b24,98,desktop,true,false,453
8c7fbd9f-5d34-4e39-b6d1-60aa252cda3f,abe0a742-9916-40d4-b488-e6f7539063a4,2026-02-17 22:11:59.897658,2026-02-17 22:17:40.897658,246085e3-a60a-4d3a-9c44-ff8451f401ad,98,desktop,false,false,341
cc44268d-8c1b-4e08-aec2-6ab9578144c3,abe0a742-9916-40d4-b488-e6f7539063a4,2026-02-17 22:17:41.51549,2026-02-17 22:24:37.51549,e19ff55f-1724-4811-8ac0-3dd429548da7,98,tablet,true,true,416
16d030c6-baab-4e59-9e31-ed384c879ea2,abe0a742-9916-40d4-b488-e6f7539063a4,2026-02-17 22:24:38.451388,2026-02-17 22:27:20.451388,6d766f92-20bf-4c57-9a32-ee0987c8bc82,99,tablet,true,true,162
1ac40004-a550-4c0f-b9a9-5fcd79819099,abe0a742-9916-40d4-b488-e6f7539063a4,2026-02-17 22:27:20.877757,2026-02-17 22:30:13.877757,008e56ff-4086-4474-9b33-f6a640c90fec,100,tablet,true,true,173
6c4651e7-2f5e-4d76-aca7-6a69aaed9651,e4b46cf7-40c8-4528-9e08-8486b1d38ceb,2026-01-01 16:18:37,2026-01-01 16:24:59,34236d17-3ed2-4489-ba34-cc35ec4ff274,1,tablet,true,true,382
f38484e8-a371-4c90-adfe-619aefc74e2e,e4b46cf7-40c8-4528-9e08-8486b1d38ceb,2026-01-01 16:24:59.001322,2026-01-01 16:29:09.001322,4bc309a4-2f59-4de4-b684-b71c63413fb8,2,tablet,true,true,250
b7272ee3-d66d-407b-b30f-161b31d74e68,e4b46cf7-40c8-4528-9e08-8486b1d38ceb,2026-01-01 16:29:09.754093,2026-01-01 16:35:31.754093,791fd453-6640-4f84-bddc-2639e7c83a9c,3,tablet,true,true,382
f51e9b75-bc13-47e2-a78d-613acf235434,e4b46cf7-40c8-4528-9e08-8486b1d38ceb,2026-01-05 16:35:32.044939,2026-01-05 16:37:43.044939,5ef532e4-35b3-4a2d-836c-d190d45ae413,4,desktop,true,true,131
b56b4f51-2278-4c07-ab44-db36390d18e9,e4b46cf7-40c8-4528-9e08-8486b1d38ceb,2026-01-06 16:37:43.055424,2026-01-06 16:40:48.055424,69f409e3-ac5a-45a1-a2a5-bae250be73c0,5,phone,true,true,185
981f267e-3247-41e9-b925-44f34b9cfa99,e4b46cf7-40c8-4528-9e08-8486b1d38ceb,2026-01-08 16:40:48.177442,2026-01-08 16:46:26.177442,c4f944ee-76e3-44e1-8769-715fa4866228,6,phone,true,false,338
87fb3fdf-0ef2-4077-9007-3739c877c665,e4b46cf7-40c8-4528-9e08-8486b1d38ceb,2026-01-08 16:46:26.96991,2026-01-08 16:54:40.96991,dbda9c60-8aa7-427f-aded-0855fbce87eb,6,phone,false,false,494
83d89893-3f48-4882-a148-65738d60cfa6,e4b46cf7-40c8-4528-9e08-8486b1d38ceb,2026-01-08 16:54:41.46721,2026-01-08 17:00:20.46721,3a198e2d-b813-47bc-82a2-b20cf5831c84,6,phone,true,true,339
cebdac21-8dce-4b1e-b83d-6b07070d9024,e4b46cf7-40c8-4528-9e08-8486b1d38ceb,2026-01-09 17:00:20.505437,2026-01-09 17:04:35.505437,b2c31a50-6406-4c2b-b15c-0ab8b101cd53,7,phone,true,true,255
f2f9a75d-9ade-47c3-8b50-22ece9231aca,e4b46cf7-40c8-4528-9e08-8486b1d38ceb,2026-01-09 17:04:35.956756,2026-01-09 17:12:55.956756,7d55c032-a193-41e5-ba37-006ae1ca98c6,8,phone,false,false,500
e07a1487-0776-476f-962d-8090e3ab6bdd,e4b46cf7-40c8-4528-9e08-8486b1d38ceb,2026-01-09 17:12:56.429712,2026-01-09 17:19:06.429712,cbd27d6c-31c5-4cc0-996f-bd656dbb8fe0,8,phone,true,true,370
7c906784-ceea-4fd9-9780-17fd0192fce2,e4b46cf7-40c8-4528-9e08-8486b1d38ceb,2026-01-09 17:19:07.409051,2026-01-09 17:26:54.409051,f22a7f94-9f4e-46f9-861f-76f0c98a9276,9,tablet,true,true,467
2d3494e9-d76f-4db0-9340-1398a14e4d9e,e4b46cf7-40c8-4528-9e08-8486b1d38ceb,2026-01-09 17:26:54.864268,2026-01-09 17:35:38.864268,b1fa17b0-ee2f-4ff7-8aae-9de1ab07cc91,10,tablet,true,true,524
8642d281-fce1-428a-9afe-76814d05781a,e4b46cf7-40c8-4528-9e08-8486b1d38ceb,2026-01-09 17:35:39.836094,2026-01-09 17:39:36.836094,07e7c76d-a31e-4778-a25c-1d81c04f4551,11,tablet,true,true,237
982e48ec-725e-4fa1-8b25-465f624a4f9b,e4b46cf7-40c8-4528-9e08-8486b1d38ceb,2026-02-08 17:39:37.461563,2026-02-08 17:44:01.461563,68f818ca-1e3e-41a8-a704-c10bbbf56105,12,tablet,false,false,264
2992c6d9-e14e-40f3-8a97-afcb96398382,e4b46cf7-40c8-4528-9e08-8486b1d38ceb,2026-02-08 17:44:02.016724,2026-02-08 17:46:48.016724,ee4ad241-6371-4354-a0ae-b6de880b7a73,12,tablet,false,false,166
86da15ad-c3a8-47e0-acf1-ddb6be73956b,e4b46cf7-40c8-4528-9e08-8486b1d38ceb,2026-02-08 17:46:48.417601,2026-02-08 17:49:57.417601,917612a8-0936-4856-b98f-545ccca9d9b0,12,phone,false,false,189
9ef9af27-33e4-49b1-b77b-8a777bfd1e89,e4b46cf7-40c8-4528-9e08-8486b1d38ceb,2026-02-08 17:49:58.212158,2026-02-08 17:54:12.212158,cf22a492-6946-49dd-9be6-1524c6ed0f71,12,phone,true,true,254
1f122ccf-1997-4abf-a479-06d509da018c,e4b46cf7-40c8-4528-9e08-8486b1d38ceb,2026-02-08 17:54:12.985601,2026-02-08 17:59:25.985601,4aa352ad-d558-4010-a9cf-62bc282e4b72,13,desktop,true,true,313
45df78a0-b6ec-4dcf-abbb-9d98ed188295,e4b46cf7-40c8-4528-9e08-8486b1d38ceb,2026-02-08 17:59:26.553286,2026-02-08 18:03:47.553286,55768a14-46f0-405e-ae2b-2ef779258362,14,desktop,true,true,261
654d2d34-202e-40ee-a547-e3194eb77668,e4b46cf7-40c8-4528-9e08-8486b1d38ceb,2026-02-09 18:03:48.425896,2026-02-09 18:08:33.425896,067dafa1-0f8a-4f32-8299-9d2314b15b50,15,desktop,true,true,285
e1da87ab-a049-45b5-9da6-52b45d4ad822,e4b46cf7-40c8-4528-9e08-8486b1d38ceb,2026-02-14 18:08:34.09027,2026-02-14 18:12:00.09027,762b3d43-8126-4b9d-982a-8bf15328518e,16,tablet,true,true,206
68b8d103-2655-4b66-89f9-297c0ca07bb8,e4b46cf7-40c8-4528-9e08-8486b1d38ceb,2026-02-16 18:12:00.576641,2026-02-16 18:15:09.576641,b60f745b-3933-4287-89ac-12718e651225,17,tablet,true,false,189
85ee6371-ed8d-4570-bb8e-73d7f2261801,e4b46cf7-40c8-4528-9e08-8486b1d38ceb,2026-02-16 18:15:09.605495,2026-02-16 18:19:18.605495,b5c6fbac-4e39-4c69-a25c-b9b0903fb105,17,tablet,true,true,249
60d89b2e-c764-48e7-a74c-0b0c50b3818b,e4b46cf7-40c8-4528-9e08-8486b1d38ceb,2026-02-18 18:19:18.952306,2026-02-18 18:24:54.952306,1824135f-2239-4635-9f3b-25b0e0315171,18,tablet,true,true,336
5b040d0f-e4ef-43c6-bf01-7ff8261be57d,e4b46cf7-40c8-4528-9e08-8486b1d38ceb,2026-02-18 18:24:55.126298,2026-02-18 18:30:17.126298,6ef34ab8-6407-4709-9d50-e170e04c97a6,19,phone,true,true,322
13b53350-4877-43e3-bd8d-e98e34f04282,e4b46cf7-40c8-4528-9e08-8486b1d38ceb,2026-02-18 18:30:17.153919,2026-02-18 18:35:23.153919,1395de17-172f-40af-9f78-a50a0aafb7f8,20,phone,false,false,306
b4c7bb59-21a2-433d-8df2-d27c164e62b1,e4b46cf7-40c8-4528-9e08-8486b1d38ceb,2026-02-18 18:35:23.851626,2026-02-18 18:43:21.851626,9e5443a8-1a24-436a-9dc0-ceffd7cfa746,20,phone,true,true,478
59550301-b1e6-41fb-8f27-68ce2090cd7a,e4b46cf7-40c8-4528-9e08-8486b1d38ceb,2026-02-18 18:43:21.996669,2026-02-18 18:47:25.996669,cf89e801-b4b2-4d6c-a450-d0bddd4c7189,21,desktop,true,false,244
54f0d15a-5401-445d-8966-b0e3c5767d03,e4b46cf7-40c8-4528-9e08-8486b1d38ceb,2026-02-18 18:47:26.885653,2026-02-18 18:54:26.885653,01c7382d-3ca3-41b8-9887-7252a48c5685,21,desktop,true,false,420
cc0cd83b-f1bf-40a3-ac6d-4d9280d27ae6,e4b46cf7-40c8-4528-9e08-8486b1d38ceb,2026-02-18 18:54:27.801543,2026-02-18 19:03:16.801543,b00eaa7e-420f-4f85-944d-f09053ffabeb,21,desktop,true,true,529
c631a2fb-fc99-4dd4-a7b8-05e1be7ba066,e4b46cf7-40c8-4528-9e08-8486b1d38ceb,2026-02-19 19:03:17.509371,2026-02-19 19:11:08.509371,610bd253-945f-4b1d-917a-f03477129542,22,desktop,true,true,471
42897328-292c-4eee-8ee1-dc84dc48c428,e4b46cf7-40c8-4528-9e08-8486b1d38ceb,2026-02-19 19:11:09.406947,2026-02-19 19:18:28.406947,fd86b798-2f38-4673-bd9f-1c14df689a53,23,desktop,true,true,439
861eb371-a9c5-49cb-9b06-ec5169f005bc,e4b46cf7-40c8-4528-9e08-8486b1d38ceb,2026-02-19 19:18:28.731394,2026-02-19 19:23:21.731394,e6663442-cea6-4e33-8f74-15ca71f5aa3e,24,desktop,true,true,293
43802520-8ee2-4023-b5ad-02088c099de6,e4b46cf7-40c8-4528-9e08-8486b1d38ceb,2026-02-19 19:23:21.803017,2026-02-19 19:30:13.803017,a42579b7-ea59-4da3-9255-68d6bb58acd6,25,phone,true,true,412
47b25c38-0aa9-412a-b65a-7240808fdf4c,e4b46cf7-40c8-4528-9e08-8486b1d38ceb,2026-02-19 19:30:14.240503,2026-02-19 19:31:44.240503,f05e2d06-ffbd-4b2f-a44b-5cb274913a2e,26,phone,false,false,90
1ee1bca5-043b-4ed2-bfc2-df2f7bbfe08f,e4b46cf7-40c8-4528-9e08-8486b1d38ceb,2026-02-19 19:31:45.174792,2026-02-19 19:37:14.174792,5befe439-c6c4-4b12-b51b-7af48158f7c0,26,phone,true,false,329
8757dd2e-c815-41d5-893c-5c1a587cd3e8,e4b46cf7-40c8-4528-9e08-8486b1d38ceb,2026-02-19 19:37:14.93677,2026-02-19 19:42:12.93677,99c57c61-5268-4488-a67f-8b8e157a53d8,26,phone,false,false,298
05562743-4d08-46d0-8a5a-33150a12ac8f,e4b46cf7-40c8-4528-9e08-8486b1d38ceb,2026-02-19 19:42:13.898487,2026-02-19 19:46:59.898487,a8694dca-1f4d-48e6-b0b2-a117426a1625,26,desktop,true,true,286
fe1cf3ac-320c-4d75-8c2e-fd62f78b649e,e4b46cf7-40c8-4528-9e08-8486b1d38ceb,2026-02-19 19:47:00.338764,2026-02-19 19:50:49.338764,645e40d6-d648-480e-8a3f-342784c27bdd,27,desktop,true,false,229
00b036d9-a16b-4497-a9e0-659cd4efbe6e,e4b46cf7-40c8-4528-9e08-8486b1d38ceb,2026-02-19 19:50:49.798724,2026-02-19 19:59:10.798724,db232c1c-b1cb-48db-9c80-b1634b3703a9,27,tablet,true,true,501
379f418d-70b5-4567-a5ef-9cc45998f39b,e4b46cf7-40c8-4528-9e08-8486b1d38ceb,2026-02-20 19:59:11.385185,2026-02-20 20:05:01.385185,9b630356-2446-4504-9084-808e21dfe78a,28,tablet,true,true,350
20ab383e-ec11-4f0b-b616-a78cb4661e49,e4b46cf7-40c8-4528-9e08-8486b1d38ceb,2026-02-20 20:05:01.440216,2026-02-20 20:10:24.440216,cc3b654a-8472-48fa-bc14-8ce3558fdb9d,29,desktop,true,true,323
f9acf6ba-7628-4fcb-a07e-eac0aadb8ae2,e4b46cf7-40c8-4528-9e08-8486b1d38ceb,2026-02-20 20:10:25.416766,2026-02-20 20:13:27.416766,2dda7f4e-3ee8-4409-996e-1f4c68c84c5c,30,desktop,true,true,182
4a0f8eb6-fb38-42c4-90aa-f2cc5a3cfd5b,e4b46cf7-40c8-4528-9e08-8486b1d38ceb,2026-02-23 20:13:28.130469,2026-02-23 20:19:53.130469,41eb86b8-0ac1-4036-aa99-2a654741c75b,31,desktop,true,true,385
f37d7f31-73e0-4434-8668-fb42eb6b6f59,e4b46cf7-40c8-4528-9e08-8486b1d38ceb,2026-02-23 20:19:53.395229,2026-02-23 20:23:42.395229,24e8b203-605a-4358-bca2-6ec8c1b4eb8b,32,tablet,true,false,229
5bff4e5e-4c3f-43c3-a5a4-470e5707d64a,e4b46cf7-40c8-4528-9e08-8486b1d38ceb,2026-02-23 20:23:43.150288,2026-02-23 20:26:13.150288,fcf371ce-4af8-48fc-a4c3-e026ba0fd7b9,32,tablet,true,true,150
60ba8581-e940-4699-b60b-ba9331be2437,e4b46cf7-40c8-4528-9e08-8486b1d38ceb,2026-02-23 20:26:13.959938,2026-02-23 20:34:00.959938,ead4bab2-8773-454d-a1e5-4d4083a848d5,33,tablet,true,false,467
92e33fb2-3afd-4f5b-acba-756a481749d7,e4b46cf7-40c8-4528-9e08-8486b1d38ceb,2026-02-23 20:34:01.953754,2026-02-23 20:38:35.953754,d352d12f-9e4b-4983-b5e3-608d5cc87292,33,tablet,true,false,274
e957d41e-db05-4923-816a-4475afd65ffa,e4b46cf7-40c8-4528-9e08-8486b1d38ceb,2026-02-23 20:38:36.03799,2026-02-23 20:43:46.03799,93c9264d-03c8-447b-b6d8-c3ecb9f129e2,33,phone,true,true,310
6af595d3-28be-44ff-84dc-20b6f862e166,e4b46cf7-40c8-4528-9e08-8486b1d38ceb,2026-02-23 20:43:46.495346,2026-02-23 20:51:45.495346,fe77e2c3-012d-4478-a6ba-80e1df9c5bb2,34,phone,true,false,479
eed0d190-b5ff-41fd-8c7c-8654e8441a8c,e4b46cf7-40c8-4528-9e08-8486b1d38ceb,2026-02-23 20:51:45.931552,2026-02-23 20:55:04.931552,ef6e60a9-0c9c-4705-b04a-213ccdec7ad2,34,tablet,true,false,199
c8f1058a-7574-412f-bf55-75d2dbd24fbf,e4b46cf7-40c8-4528-9e08-8486b1d38ceb,2026-02-23 20:55:05.241072,2026-02-23 20:59:20.241072,6d8cc8c8-c82e-4fdb-8c06-a325071a64f5,34,tablet,true,true,255
f014dae4-0ba8-4200-87bc-035efa369276,e4b46cf7-40c8-4528-9e08-8486b1d38ceb,2026-02-23 20:59:21.029089,2026-02-23 21:02:07.029089,4bcbc947-8bad-410b-a132-637e98b124c7,35,tablet,true,false,166
314ef6f5-7c2d-4441-a879-d7a35c3161d9,e4b46cf7-40c8-4528-9e08-8486b1d38ceb,2026-02-23 21:02:07.123598,2026-02-23 21:06:10.123598,1934c04b-1188-4771-92a3-ba62f384c60f,35,tablet,true,true,243
2a2ba594-466f-4e74-97f5-2017a089e7d1,e4b46cf7-40c8-4528-9e08-8486b1d38ceb,2026-02-23 21:06:10.143151,2026-02-23 21:13:50.143151,ed2d00ad-644e-498f-87db-dde4c7c00cec,36,tablet,true,true,460
ec53971e-d197-47dc-9059-ef3d02bcf5ab,e4b46cf7-40c8-4528-9e08-8486b1d38ceb,2026-02-23 21:13:50.432624,2026-02-23 21:19:19.432624,f6c90399-4cd8-4fa6-8769-82cad3bfd80d,37,tablet,false,false,329
59da70ad-fc61-4237-8c08-3e6351ecc34a,e4b46cf7-40c8-4528-9e08-8486b1d38ceb,2026-02-23 21:19:19.746307,2026-02-23 21:23:08.746307,3ec989b5-85a0-4c0a-9d99-b55e425e42de,37,tablet,true,true,229
c5f659d2-a4da-49e3-b5de-52b7d2452dc1,e4b46cf7-40c8-4528-9e08-8486b1d38ceb,2026-03-22 21:23:09.422732,2026-03-22 21:28:00.422732,b952626b-08ed-4f46-b142-40fbd87fea72,38,tablet,true,true,291
fe27ca78-bc1c-46e7-a8d7-123d2309bb8d,e4b46cf7-40c8-4528-9e08-8486b1d38ceb,2026-03-23 21:28:00.66939,2026-03-23 21:31:35.66939,e3a891cc-52d0-4a31-9dee-87246e8f453a,39,tablet,true,true,215
2d768297-0297-4c74-bb79-5e3f7ed683a1,e4b46cf7-40c8-4528-9e08-8486b1d38ceb,2026-04-07 21:31:35.88643,2026-04-07 21:37:44.88643,7cf2e727-804e-485b-bb08-e1f5a6e80f39,40,tablet,true,true,369
b09f3b2a-b399-4001-9703-43548410e2b6,e4b46cf7-40c8-4528-9e08-8486b1d38ceb,2026-04-07 21:37:45.800296,2026-04-07 21:41:00.800296,1dda2669-2158-4216-9bc5-7a33ca307a43,41,tablet,false,false,195
531eeac4-f5e2-4af5-b970-777f52822b51,e4b46cf7-40c8-4528-9e08-8486b1d38ceb,2026-04-07 21:41:01.694046,2026-04-07 21:44:53.694046,a4a93923-dcec-459e-bc3f-6437d5dd905b,41,tablet,true,true,232
7cd7cf35-a002-4518-a73f-039a13605fcb,e4b46cf7-40c8-4528-9e08-8486b1d38ceb,2026-04-07 21:44:54.685132,2026-04-07 21:49:25.685132,ba53f0a8-8506-4ece-a026-b5803916df42,42,desktop,true,true,271
c8ff2109-f3a6-4e5f-966a-e13b64daa5a7,e4b46cf7-40c8-4528-9e08-8486b1d38ceb,2026-04-07 21:49:25.937381,2026-04-07 21:56:54.937381,3a8dea43-f0f8-4fec-8c43-d3cfbc877994,43,desktop,true,true,449
8e80a965-5714-4c89-9de4-011152cbfe12,e4b46cf7-40c8-4528-9e08-8486b1d38ceb,2026-04-08 21:56:55.113123,2026-04-08 22:03:25.113123,e0dc1bea-6528-4d1e-a242-b8eaeb8878f0,44,desktop,true,false,390
e490bad5-d816-4a2e-aac5-cf980afae171,e4b46cf7-40c8-4528-9e08-8486b1d38ceb,2026-04-08 22:03:25.689116,2026-04-08 22:04:04.689116,334c2d26-fb4a-4a74-b491-70f4b1360ec5,44,desktop,false,false,39
d89bf066-3114-4990-b93a-24269486d973,e4b46cf7-40c8-4528-9e08-8486b1d38ceb,2026-04-08 22:04:04.844272,2026-04-08 22:11:33.844272,fd94ba09-e3b6-4323-a3ee-4a1a39a33bc5,44,desktop,true,false,449
5f405eb3-c529-4e2c-b273-06a9e724bfd7,e4b46cf7-40c8-4528-9e08-8486b1d38ceb,2026-04-08 22:11:34.186079,2026-04-08 22:15:18.186079,956a4a6f-1e12-419e-aa2b-7c0101a74f56,44,tablet,true,false,224
afb11ad7-2e3a-40bd-b27f-b24dc4887ed0,e4b46cf7-40c8-4528-9e08-8486b1d38ceb,2026-04-08 22:15:18.263267,2026-04-08 22:24:44.263267,b6854a41-3d8c-428f-a338-0194aaaded80,44,phone,true,true,566
dd00bc47-f9da-4bd9-a395-250fd5f49016,e4b46cf7-40c8-4528-9e08-8486b1d38ceb,2026-04-11 22:24:45.12325,2026-04-11 22:28:46.12325,d071ca04-4fc8-4044-968d-4f73833b9967,45,desktop,true,true,241
5f461fd5-fda8-4201-9992-a1d4f087ecce,e4b46cf7-40c8-4528-9e08-8486b1d38ceb,2026-04-14 22:28:46.539985,2026-04-14 22:34:36.539985,9bc810e6-c307-44ea-86ce-4aebd4ca1d52,46,phone,true,false,350
8daa8821-7d5c-46ad-9b4e-fd84ea921ea3,e4b46cf7-40c8-4528-9e08-8486b1d38ceb,2026-04-14 22:34:37.175681,2026-04-14 22:43:18.175681,e399dc66-0441-4481-a64c-4692bd7d0fd3,46,phone,true,false,521
5bd78dac-e790-403a-ac61-60c29804bb83,e4b46cf7-40c8-4528-9e08-8486b1d38ceb,2026-04-14 22:43:18.345386,2026-04-14 22:44:33.345386,a0ad71c1-7527-4687-a6e6-159024ccdaa3,46,desktop,false,false,75
feaba444-0ecc-4754-ac34-bdcda8a17ce3,e4b46cf7-40c8-4528-9e08-8486b1d38ceb,2026-04-14 22:44:33.414403,2026-04-14 22:51:02.414403,6348dbfa-4832-405a-a824-d4c79bd2b3ce,46,desktop,true,true,389
bff7b42d-85e4-47ae-8948-73f9a148db7e,e4b46cf7-40c8-4528-9e08-8486b1d38ceb,2026-04-17 22:51:03.19369,2026-04-17 22:54:46.19369,fc6518f2-c2e0-42d6-8eae-f0e32abbb810,47,phone,true,true,223
42e93e7a-60fd-4d79-b756-01cf0695ab00,e4b46cf7-40c8-4528-9e08-8486b1d38ceb,2026-04-18 22:54:46.999063,2026-04-18 23:00:12.999063,e3bcddd7-f033-43ab-83e5-c2509932e011,48,phone,true,true,326
124ae641-9b03-458f-80ba-8dc0b69589d1,e4b46cf7-40c8-4528-9e08-8486b1d38ceb,2026-04-18 23:00:13.054547,2026-04-18 23:05:43.054547,95eafc65-2afa-4b7a-8f15-22d916bea10d,49,desktop,true,false,330
6f157ca8-0618-4932-8c89-fb4c2fbb57c6,e4b46cf7-40c8-4528-9e08-8486b1d38ceb,2026-04-18 23:05:43.762759,2026-04-18 23:09:44.762759,5cfdf844-93a3-48fc-a98a-0f50a27e611e,49,phone,true,false,241
33f13f80-47b6-4c1b-96d9-d9ec518fbe91,e4b46cf7-40c8-4528-9e08-8486b1d38ceb,2026-04-18 23:09:44.869577,2026-04-18 23:13:21.869577,76d94e6c-2706-4feb-88e2-5fb44b1bdfd6,49,phone,true,true,217
029a57c6-c7fa-4f64-ae16-ef8ef35b2301,e4b46cf7-40c8-4528-9e08-8486b1d38ceb,2026-04-18 23:13:22.438134,2026-04-18 23:15:58.438134,8267ac95-b235-480a-a22f-ac1810927454,50,phone,true,true,156
130f8acc-8f06-46a6-b460-79b17a91fca3,e4b46cf7-40c8-4528-9e08-8486b1d38ceb,2026-04-23 23:15:58.541906,2026-04-23 23:21:55.541906,6bbaae3d-da91-4cda-a338-2706066cd948,51,desktop,true,true,357
55765a5e-ac77-461d-af3a-7702b1c76497,e4b46cf7-40c8-4528-9e08-8486b1d38ceb,2026-05-23 23:21:56.028173,2026-05-23 23:27:38.028173,4476b1d3-3074-4995-8980-d826da59449e,52,desktop,true,true,342
7ff7b180-75a4-49c7-a228-433c0f1e9c12,e4b46cf7-40c8-4528-9e08-8486b1d38ceb,2026-05-23 23:27:38.87603,2026-05-23 23:34:01.87603,f7d719db-ec17-4c6e-87e7-e549489468da,53,desktop,true,true,383
cf62ef06-ee7d-48e2-af4e-4fbc8969e47c,e4b46cf7-40c8-4528-9e08-8486b1d38ceb,2026-05-24 23:34:02.193069,2026-05-24 23:38:04.193069,bf8704f4-eed5-403a-86ec-34381a12d3b5,54,phone,true,true,242
c9ccb247-4f50-4807-a787-7a7e1e2b5acc,e4b46cf7-40c8-4528-9e08-8486b1d38ceb,2026-05-24 23:38:04.557488,2026-05-24 23:44:34.557488,0c7862b9-e6a0-4a90-b001-4617a4011303,55,phone,false,false,390
9d68f09b-7bd0-4efd-9fae-e4be53d7f79a,e4b46cf7-40c8-4528-9e08-8486b1d38ceb,2026-05-24 23:44:34.838598,2026-05-24 23:49:58.838598,6d8908ce-900d-4a37-a4cb-50bdb6ef601c,55,phone,true,false,324
c75d85c4-2647-4be4-aee3-cdc11fd96b81,e4b46cf7-40c8-4528-9e08-8486b1d38ceb,2026-05-24 23:49:59.757714,2026-05-24 23:53:50.757714,75e80d68-780f-4bde-9d3e-26b8813f6232,55,tablet,true,false,231
f60c9e4f-efac-4884-ae62-5028e8e04603,e4b46cf7-40c8-4528-9e08-8486b1d38ceb,2026-05-24 23:53:50.795874,2026-05-25 00:00:58.795874,2fcaf740-dba9-4f31-b0a8-1834b0eb34c0,55,tablet,true,false,428
1bbf9bf6-21b5-4f29-b748-145fd9d13ee7,e4b46cf7-40c8-4528-9e08-8486b1d38ceb,2026-05-25 00:00:59.239109,2026-05-25 00:03:13.239109,5f2ef9f8-467b-4393-9da6-f2bffe94ab6d,55,tablet,false,false,134
a242fff5-5f5a-4817-a98d-e8f204cf41ab,e4b46cf7-40c8-4528-9e08-8486b1d38ceb,2026-05-25 00:03:13.754546,2026-05-25 00:09:19.754546,e3bcc32c-1fb8-4520-a423-4c1ab1248908,55,tablet,true,true,366
6ea185d4-d979-415e-9255-21a879cd7d3e,e4b46cf7-40c8-4528-9e08-8486b1d38ceb,2026-05-25 00:09:19.769867,2026-05-25 00:14:16.769867,72e8dc8a-c8d6-4f8d-ab2e-4bb6ba08b3f7,56,tablet,true,true,297
ba6f91e1-8ce1-4d31-a619-9eb5d5bb0dc6,e4b46cf7-40c8-4528-9e08-8486b1d38ceb,2026-05-25 00:14:17.40952,2026-05-25 00:19:31.40952,b66f4059-a38a-428a-8dda-4cd1fa60181a,57,tablet,true,true,314
822687c7-11d6-416d-8a9b-ff02d1a803df,e4b46cf7-40c8-4528-9e08-8486b1d38ceb,2026-05-25 00:19:32.27202,2026-05-25 00:22:09.27202,e897a977-5454-4a7c-a723-8ae4e834dc26,58,tablet,true,true,157
dd098c0d-ea6d-44e1-b4a4-c6488957e0d9,e4b46cf7-40c8-4528-9e08-8486b1d38ceb,2026-05-25 00:22:10.158318,2026-05-25 00:27:32.158318,fcb44dc7-f3a6-4bf9-bbdc-2db38c50f3d4,59,tablet,true,true,322
6c0e5e3a-9597-4e3e-ba07-2ce38725a980,e4b46cf7-40c8-4528-9e08-8486b1d38ceb,2026-05-29 00:27:32.160751,2026-05-29 00:33:13.160751,4e77f353-7801-4c47-b5dc-3f344d628edc,60,tablet,true,true,341
3b241013-03ae-41df-a698-877b7941d154,e4b46cf7-40c8-4528-9e08-8486b1d38ceb,2026-06-21 00:33:13.306828,2026-06-21 00:37:10.306828,1d16b1a4-768b-403a-80f1-74e5b228ed82,61,desktop,true,true,237
b030d5ee-21a6-4f88-949c-0feb0f50cd12,e4b46cf7-40c8-4528-9e08-8486b1d38ceb,2026-06-21 00:37:10.328533,2026-06-21 00:40:27.328533,5c0a5cb4-f449-44d9-a244-6d81237ad26b,62,desktop,true,true,197
19ba4688-fcf5-4c0e-8e49-1b2af6acfb4c,e4b46cf7-40c8-4528-9e08-8486b1d38ceb,2026-06-21 00:40:27.870722,2026-06-21 00:47:56.870722,e7f10390-b134-4e56-aff6-b4bb04fb5878,63,desktop,true,true,449
8fd18cca-bb7f-425e-91f4-7a91f8bec0f8,e4b46cf7-40c8-4528-9e08-8486b1d38ceb,2026-06-22 00:47:56.952125,2026-06-22 00:57:11.952125,fd3366aa-688e-43a6-a748-521eddc2a586,64,phone,true,false,555
cc8b7c7c-0fd4-4fc9-acb7-a654854ebed3,e4b46cf7-40c8-4528-9e08-8486b1d38ceb,2026-06-22 00:57:12.320347,2026-06-22 01:05:52.320347,44e622b3-d9b8-4e84-acdf-9590acdb1c66,64,phone,false,false,520
79dbf3ba-de11-4022-a689-04cd87a95ad0,e4b46cf7-40c8-4528-9e08-8486b1d38ceb,2026-06-22 01:05:52.497284,2026-06-22 01:09:03.497284,078c19fe-02c3-4965-ad84-c7e8aad5c90a,64,desktop,true,false,191
9808ea72-23b5-486b-9229-75409041df1b,e4b46cf7-40c8-4528-9e08-8486b1d38ceb,2026-06-22 01:09:03.518732,2026-06-22 01:14:19.518732,b0816cb2-2eb3-448e-b8da-7d546232b9c6,64,desktop,true,true,316
529f5051-2b64-448a-a5cc-3c6939d34c12,e4b46cf7-40c8-4528-9e08-8486b1d38ceb,2026-06-22 01:14:19.561745,2026-06-22 01:18:44.561745,bc09e782-637d-42a0-a250-1c0365489b6a,65,desktop,true,false,265
cd4f62ba-4835-4d40-b849-be47fbdeb81d,e4b46cf7-40c8-4528-9e08-8486b1d38ceb,2026-06-22 01:18:45.543682,2026-06-22 01:23:33.543682,b42400c7-b579-49d8-b7c0-91df12d4c1f2,65,desktop,true,false,288
04712608-1579-426e-b936-1d2c513ce267,e4b46cf7-40c8-4528-9e08-8486b1d38ceb,2026-06-22 01:23:34.363954,2026-06-22 01:27:20.363954,5880863f-6c57-49a3-889a-9c4885ab4a21,65,desktop,true,true,226
8ec134f3-481d-4b10-ab5c-31b311bf30be,e4b46cf7-40c8-4528-9e08-8486b1d38ceb,2026-06-22 01:27:20.538632,2026-06-22 01:34:25.538632,3116364c-3a33-4b40-a280-1648745fbc1f,66,desktop,true,true,425
ae3ff9d7-e6e6-4425-ac4b-5245542997fd,e4b46cf7-40c8-4528-9e08-8486b1d38ceb,2026-06-22 01:34:26.429139,2026-06-22 01:36:58.429139,ec6d00f1-d691-459a-98a5-6ca960679bff,67,desktop,true,true,152
81f7d3d8-8c7f-4482-a4e8-a01f02df371c,e4b46cf7-40c8-4528-9e08-8486b1d38ceb,2026-06-22 01:36:59.208467,2026-06-22 01:39:04.208467,3393c799-e367-4426-97d2-c1416cd965c0,68,desktop,false,false,125
e0116682-36e7-44f2-aca7-22dbdd83a605,e4b46cf7-40c8-4528-9e08-8486b1d38ceb,2026-06-22 01:39:04.275269,2026-06-22 01:43:14.275269,8576e887-1023-4654-9305-9ec1a6046870,68,desktop,true,true,250
12ac8322-31a3-4ca3-99b7-4c037e534253,e4b46cf7-40c8-4528-9e08-8486b1d38ceb,2026-06-22 01:43:14.282172,2026-06-22 01:48:56.282172,e560bd33-9348-4d62-9235-2f8177666d1c,69,phone,true,true,342
638c60ef-88e9-45d6-9361-498508d05a19,e4b46cf7-40c8-4528-9e08-8486b1d38ceb,2026-06-23 01:48:56.911954,2026-06-23 01:54:36.911954,2cb19891-895a-4c81-a16e-c908fe3f0ef7,70,phone,false,false,340
3dac1d94-42ac-4fd3-bb88-00644b409fab,e4b46cf7-40c8-4528-9e08-8486b1d38ceb,2026-06-23 01:54:37.725231,2026-06-23 01:58:51.725231,d9f875c9-e851-4334-af63-1001d946a80c,70,phone,true,true,254
28082a7f-8360-4874-94cb-dedcd0f8e5ad,e4b46cf7-40c8-4528-9e08-8486b1d38ceb,2026-06-23 01:58:51.814266,2026-06-23 02:08:26.814266,ce84a799-71cb-430c-add4-aedf38116875,71,desktop,true,true,575
764dca5b-a58c-43e2-bc1e-465db4ced0cd,e4b46cf7-40c8-4528-9e08-8486b1d38ceb,2026-06-24 02:08:26.855984,2026-06-24 02:13:40.855984,57bf352f-5d1a-4367-ab41-7de04c0e7147,72,desktop,true,false,314
7897832f-f471-49cb-9119-e7669b6050ac,e4b46cf7-40c8-4528-9e08-8486b1d38ceb,2026-06-24 02:13:40.918989,2026-06-24 02:16:30.918989,71d83364-95df-424f-89a2-6f3f803435dc,72,desktop,true,true,170
b349e9cf-afe3-4749-adf5-bbfc558f179d,e4b46cf7-40c8-4528-9e08-8486b1d38ceb,2026-06-25 02:16:31.752936,2026-06-25 02:20:04.752936,5083899e-b9ea-467d-86f1-ecfa4ca55fb1,73,desktop,false,false,213
36fccf24-4a88-4162-bd05-9805cace30c3,e4b46cf7-40c8-4528-9e08-8486b1d38ceb,2026-06-25 02:20:05.489606,2026-06-25 02:25:53.489606,e9d0b438-8a9c-405e-9c2b-60124fee022c,73,desktop,true,false,348
94af8ba4-02d8-4a3f-97da-710718e5eb76,e4b46cf7-40c8-4528-9e08-8486b1d38ceb,2026-06-25 02:25:54.061526,2026-06-25 02:31:36.061526,ff92b4fe-8516-439f-9380-551f08b58b3f,73,desktop,true,true,342
523080e0-b409-4d60-b239-57cd5550d58c,e4b46cf7-40c8-4528-9e08-8486b1d38ceb,2026-06-25 02:31:36.106289,2026-06-25 02:31:53.106289,c2dd1a81-3f9c-497c-8fb4-a9eb3279278c,74,desktop,false,false,17
c985ac6b-8453-4b4e-9960-0a3d360ec30f,e4b46cf7-40c8-4528-9e08-8486b1d38ceb,2026-06-25 02:31:54.020619,2026-06-25 02:40:15.020619,96f5145f-0a8e-40c4-8faa-d5da321bb392,74,phone,true,false,501
fda770a6-7bc8-4af1-95dc-f99e5be2a614,e4b46cf7-40c8-4528-9e08-8486b1d38ceb,2026-06-25 02:40:15.242486,2026-06-25 02:44:47.242486,d2a481e8-9c13-4de2-9c3d-04c79ccc64e6,74,phone,true,true,272
254513a4-f62e-4040-a149-27273dd65fa7,e4b46cf7-40c8-4528-9e08-8486b1d38ceb,2026-06-25 02:44:47.368298,2026-06-25 02:50:57.368298,c260a6d6-5527-4032-a054-816407ece458,75,phone,false,false,370
1c9a5549-2a2a-4c2d-9440-fc1c302a6f7e,e4b46cf7-40c8-4528-9e08-8486b1d38ceb,2026-06-25 02:50:58.306667,2026-06-25 02:57:57.306667,71b3f2a8-8aee-48ef-a592-14e190dd4a12,75,phone,true,true,419
c6c2e823-ee41-4efb-b2cd-6912a6a59fe2,e4b46cf7-40c8-4528-9e08-8486b1d38ceb,2026-06-30 02:57:58.087507,2026-06-30 03:05:15.087507,3e590006-7700-47d7-bf08-bb76611fff28,76,phone,true,false,437
5a09733d-6a16-40d4-8787-4068524e8bc3,e4b46cf7-40c8-4528-9e08-8486b1d38ceb,2026-06-30 03:05:16.034518,2026-06-30 03:09:34.034518,e1bbec29-c4bc-4b45-bdd7-69dbbbaee7bb,76,phone,false,false,258
3d283f1f-f093-4db3-98c2-7350c18f78fa,e4b46cf7-40c8-4528-9e08-8486b1d38ceb,2026-06-30 03:09:34.780057,2026-06-30 03:15:25.780057,2f08a713-f67d-46c4-ae5d-d3aa5eb535fe,76,phone,true,false,351
23e2a1c5-0492-4faf-b151-b3e901c6e8fd,e4b46cf7-40c8-4528-9e08-8486b1d38ceb,2026-06-30 03:15:26.05242,2026-06-30 03:19:38.05242,7f815e5b-afb5-4375-821c-df324f00bee6,76,phone,true,false,252
e980e32d-2391-4b7e-93d4-82320bd26ca2,e4b46cf7-40c8-4528-9e08-8486b1d38ceb,2026-06-30 03:19:38.707515,2026-06-30 03:24:48.707515,ddd17dd4-b60a-4df2-a6b0-c580ca1c3fcb,76,phone,true,true,310
d35572f9-9544-40d4-b018-b7e176bab6b8,e4b46cf7-40c8-4528-9e08-8486b1d38ceb,2026-06-30 03:24:48.77938,2026-06-30 03:32:50.77938,a01f53ba-aa0d-4814-bc52-ca1d3adf36e3,77,tablet,false,false,482
7f8e17e8-806a-4c95-a2e0-aad2a08f5718,e4b46cf7-40c8-4528-9e08-8486b1d38ceb,2026-06-30 03:32:51.284282,2026-06-30 03:39:00.284282,33dd3be9-ffe0-4188-b445-dd8d64aecf15,77,tablet,true,false,369
42743b7f-6275-4fb5-8e3a-d5b7d2d60f9c,e4b46cf7-40c8-4528-9e08-8486b1d38ceb,2026-06-30 03:39:00.865937,2026-06-30 03:44:08.865937,99e6909a-0c92-46fc-8a00-3f13181508ec,77,tablet,true,true,308
0c3188a2-1875-4c79-b7e5-11ae766c8da9,e4b46cf7-40c8-4528-9e08-8486b1d38ceb,2026-06-30 03:44:09.373676,2026-06-30 03:49:46.373676,29070bb8-5d89-4d79-bf64-1a79eabd5028,78,tablet,true,true,337
feddfe01-4744-4008-9ab5-b719ed533cb0,e4b46cf7-40c8-4528-9e08-8486b1d38ceb,2026-06-30 03:49:46.931163,2026-06-30 03:58:49.931163,56c8d6e8-3533-418a-90db-abf40db9f7b4,79,tablet,true,true,543
16ceef69-edaa-4a86-b2c5-c3400d7fc625,e4b46cf7-40c8-4528-9e08-8486b1d38ceb,2026-06-30 03:58:50.023343,2026-06-30 04:06:14.023343,e7d2f8d7-9f4a-40ee-9234-dd268b3d59e1,80,tablet,true,false,444
3688b3e7-d8b3-436d-88fe-b17452c448e9,e4b46cf7-40c8-4528-9e08-8486b1d38ceb,2026-06-30 04:06:14.238843,2026-06-30 04:13:19.238843,870f2a79-c570-4e09-8141-c216d85223a5,80,tablet,true,true,425
4434c39c-3695-446e-bb92-868cb537ed84,e4b46cf7-40c8-4528-9e08-8486b1d38ceb,2026-06-30 04:13:20.207745,2026-06-30 04:18:23.207745,8212dba5-c30f-4f6f-a0dc-9cc9261f6261,81,tablet,true,false,303
510472ac-e4ba-4707-a426-a48874e7de69,e4b46cf7-40c8-4528-9e08-8486b1d38ceb,2026-06-30 04:18:24.192833,2026-06-30 04:21:01.192833,887409d6-9f32-423c-9362-4e02473a0b99,81,tablet,true,false,157
ef6ce379-da10-499f-bd84-4b526d775afe,e4b46cf7-40c8-4528-9e08-8486b1d38ceb,2026-06-30 04:21:02.13392,2026-06-30 04:23:58.13392,4617d406-6fbb-4676-81b5-e3dfde7cc308,81,tablet,false,false,176
35be53cb-520a-4006-8761-5409cfe6134e,e4b46cf7-40c8-4528-9e08-8486b1d38ceb,2026-06-30 04:23:58.303313,2026-06-30 04:26:43.303313,c65ea987-0d88-4936-aaa1-d0b277b77a3e,81,tablet,true,true,165
c6143ee2-a133-4ead-b74e-d05ad0d65050,e4b46cf7-40c8-4528-9e08-8486b1d38ceb,2026-07-24 04:26:43.551704,2026-07-24 04:27:09.551704,6fc5f8bb-40f3-4b9a-b5c5-1326005c9c8e,82,tablet,false,false,26
5392982b-8866-4ea9-a61b-a8dff9d370d6,e4b46cf7-40c8-4528-9e08-8486b1d38ceb,2026-07-24 04:27:09.602418,2026-07-24 04:31:25.602418,f27bd8a3-c5a5-4c46-9395-6036b58a1411,82,tablet,true,false,256
5e674ac6-326b-45a0-bc5e-f089d1871f31,e4b46cf7-40c8-4528-9e08-8486b1d38ceb,2026-07-24 04:31:25.822514,2026-07-24 04:34:04.822514,67d8152a-f1b2-40e2-b34d-d58b07bd7ac9,82,tablet,false,false,159
b688e816-c15a-4136-b682-ad5294fd56ab,e4b46cf7-40c8-4528-9e08-8486b1d38ceb,2026-07-24 04:34:05.695441,2026-07-24 04:36:55.695441,e908a419-abb8-42d7-8730-91b0ad0922b8,82,tablet,true,true,170
032ef668-fc89-4da5-8491-04ff855ea078,e4b46cf7-40c8-4528-9e08-8486b1d38ceb,2026-07-25 04:36:56.347079,2026-07-25 04:44:01.347079,7b34971a-a3ad-4051-8e72-ee83b3f59011,83,tablet,true,true,425
98014c70-c23a-4e27-9e40-5472e195ed53,e4b46cf7-40c8-4528-9e08-8486b1d38ceb,2026-07-26 04:44:02.104759,2026-07-26 04:51:50.104759,d1218a1c-d92f-498a-b0f4-432ed37027e3,84,tablet,true,false,468
f437823f-6da6-436d-a9d3-562df41aa01a,e4b46cf7-40c8-4528-9e08-8486b1d38ceb,2026-07-26 04:51:50.369754,2026-07-26 04:54:50.369754,a0e0e27c-938d-4019-ac15-54fd2abbe6b5,84,phone,true,true,180
6c6775e9-f9e9-4c57-9c08-343171018683,e4b46cf7-40c8-4528-9e08-8486b1d38ceb,2026-07-31 04:54:50.828917,2026-07-31 04:59:04.828917,4fc45206-ab79-4dd5-b7bb-abbfaac873d7,85,phone,true,false,254
702aeefa-b7e9-4cd5-94a1-2a17c012ee46,e4b46cf7-40c8-4528-9e08-8486b1d38ceb,2026-07-31 04:59:05.086409,2026-07-31 05:02:11.086409,45155857-8d01-4a81-a125-5ec97f34e340,85,phone,true,false,186
399c848c-7a5b-4d19-9d14-9e4736ede2d2,e4b46cf7-40c8-4528-9e08-8486b1d38ceb,2026-07-31 05:02:11.853453,2026-07-31 05:06:32.853453,26257320-9d7f-49f5-bc99-16f8c6bde449,85,phone,true,false,261
ae848b72-459f-4fc8-b28c-545659ecb5e8,e4b46cf7-40c8-4528-9e08-8486b1d38ceb,2026-07-31 05:06:33.240142,2026-07-31 05:11:44.240142,cbf29775-08e0-449b-8d59-aad804b0b4f8,85,phone,true,true,311
c9974d99-886a-4430-8e84-946f491301aa,e4b46cf7-40c8-4528-9e08-8486b1d38ceb,2026-07-31 05:11:44.696495,2026-07-31 05:18:46.696495,ae74e684-9248-41fd-8105-f5d8ea236e23,86,phone,true,false,422
5c79963d-3f3b-42ca-b0d1-d8974804325e,e4b46cf7-40c8-4528-9e08-8486b1d38ceb,2026-07-31 05:18:46.755964,2026-07-31 05:21:30.755964,3780a216-c5a2-4d7f-b42a-fde4160e7857,86,phone,true,false,164
46f1e107-dbcc-4bff-a30b-61efb009b896,e4b46cf7-40c8-4528-9e08-8486b1d38ceb,2026-07-31 05:21:30.926049,2026-07-31 05:27:27.926049,8993e481-4149-45dc-b9c9-ad4a038e14a6,86,tablet,true,false,357
4d901c56-33d1-484f-841d-ef73f895dec4,e4b46cf7-40c8-4528-9e08-8486b1d38ceb,2026-07-31 05:27:28.069055,2026-07-31 05:33:48.069055,45dbca0c-f1be-4be9-a2bc-aec2616dbed1,86,desktop,true,false,380
5e529435-cc83-4eef-bda4-1af6354268e5,e4b46cf7-40c8-4528-9e08-8486b1d38ceb,2026-07-31 05:33:48.935187,2026-07-31 05:43:40.935187,d7d383c0-b8b2-49b8-a614-85d281ddc6e6,86,desktop,false,false,592
96e2aa4c-db5c-437c-a3fd-8ac05df1c97a,e4b46cf7-40c8-4528-9e08-8486b1d38ceb,2026-07-31 05:43:41.461522,2026-07-31 05:48:26.461522,9c64c894-1f87-4f39-8f03-75dd2ee1cb53,86,phone,true,true,285
d5a68b66-8c19-4705-985f-6b856217523c,e4b46cf7-40c8-4528-9e08-8486b1d38ceb,2026-07-31 05:48:26.851437,2026-07-31 05:52:56.851437,70f7c7f1-7b91-4eb1-9bf1-124d03d7383f,87,desktop,true,true,270
05993165-d9be-4c8a-ad50-d38ac3dc6033,e4b46cf7-40c8-4528-9e08-8486b1d38ceb,2026-07-31 05:52:57.713678,2026-07-31 05:55:38.713678,f892e32a-e0ff-43e2-bf93-6914e401fa4c,88,desktop,false,false,161
a1523443-c9ea-4473-9e32-502a66ea2fb8,e4b46cf7-40c8-4528-9e08-8486b1d38ceb,2026-07-31 05:55:39.117464,2026-07-31 06:01:46.117464,3cd3eb35-9cde-422a-8eab-172a67957591,88,tablet,true,false,367
16840fd7-f2e6-4457-829a-347ffcefeb28,e4b46cf7-40c8-4528-9e08-8486b1d38ceb,2026-07-31 06:01:46.182874,2026-07-31 06:05:44.182874,46891e46-4ab8-4106-8295-d79bff96448f,88,tablet,true,false,238
78ed9ca2-1d80-4d00-982a-744132cbfac3,e4b46cf7-40c8-4528-9e08-8486b1d38ceb,2026-07-31 06:05:44.243976,2026-07-31 06:15:03.243976,7529bacc-c97f-46af-858c-34669308dfed,88,tablet,false,false,559
7afd566e-ce9d-43bd-b82c-3a3577efc4ec,e4b46cf7-40c8-4528-9e08-8486b1d38ceb,2026-07-31 06:15:03.517207,2026-07-31 06:19:07.517207,f7df7d49-6138-4ed5-ba75-92b4bc46c7c3,88,tablet,false,false,244
38cb50d7-fc35-4446-92ef-ce86c301d7b8,e4b46cf7-40c8-4528-9e08-8486b1d38ceb,2026-07-31 06:19:08.169613,2026-07-31 06:27:20.169613,7ce91617-17ce-4206-a994-9ff85c755785,88,phone,true,true,492
0b98b0fd-c8ee-4269-a350-d1d44ee18991,e4b46cf7-40c8-4528-9e08-8486b1d38ceb,2026-07-31 06:27:20.483083,2026-07-31 06:33:46.483083,f90c6a3a-c65f-43b0-b3f4-3a829c16c1f5,89,phone,true,true,386
a668498e-91e2-4a21-bc3d-5b163f8207c8,e4b46cf7-40c8-4528-9e08-8486b1d38ceb,2026-07-31 06:33:46.73269,2026-07-31 06:41:05.73269,71712fa0-b252-4460-b2f1-7532beec6682,90,phone,true,true,439
bdeb7e2a-be07-41a0-8780-9bb0ba4ad2ec,e4b46cf7-40c8-4528-9e08-8486b1d38ceb,2026-07-31 06:41:06.305044,2026-07-31 06:46:18.305044,766428e6-2b14-4652-87fd-5b9961eacf21,91,tablet,true,true,312
89c0b762-fd55-4922-825d-3a9d51e1d35b,e4b46cf7-40c8-4528-9e08-8486b1d38ceb,2026-07-31 06:46:18.77575,2026-07-31 06:49:58.77575,b4c7259c-6a66-45ac-b8d4-2553607f9f4d,92,tablet,true,false,220
f041e78c-ed96-4432-8930-a8457c0848c7,e4b46cf7-40c8-4528-9e08-8486b1d38ceb,2026-07-31 06:49:59.422113,2026-07-31 06:55:20.422113,e4a93692-faa8-486d-9dea-adea84dccab8,92,tablet,true,false,321
05d489ef-e5bb-41d2-aaf6-d34a63088394,e4b46cf7-40c8-4528-9e08-8486b1d38ceb,2026-07-31 06:55:20.533891,2026-07-31 06:58:54.533891,60ca2656-70ff-4ad8-973e-7512cab0fc77,92,tablet,true,true,214
3b8c54ba-a2fc-4313-91c5-ecc46d6fa1cd,e4b46cf7-40c8-4528-9e08-8486b1d38ceb,2026-07-31 06:58:55.322788,2026-07-31 07:06:01.322788,81326fdd-2fbc-4ac2-b4d5-474729f96c14,93,tablet,true,false,426
bbbb9360-19a8-4e2d-a42b-fab899049e3e,e4b46cf7-40c8-4528-9e08-8486b1d38ceb,2026-07-31 07:06:02.011529,2026-07-31 07:11:46.011529,681f865a-61c7-461b-a148-a62fe6d420cf,93,tablet,true,true,344
a424e934-e994-4a5d-958a-59f556a6b900,e4b46cf7-40c8-4528-9e08-8486b1d38ceb,2026-07-31 07:11:46.71556,2026-07-31 07:16:19.71556,2ed74567-8d89-4ec1-ae04-412d51fb5d30,94,tablet,true,true,273
2b98b1b6-cd44-43ce-b41b-885e9c5fc863,e4b46cf7-40c8-4528-9e08-8486b1d38ceb,2026-07-31 07:16:19.871726,2026-07-31 07:17:17.871726,f9334ada-4759-4d88-aac0-12175829517f,95,tablet,false,false,58
097ff82e-278d-4cbc-9b04-3c7e4e945126,e4b46cf7-40c8-4528-9e08-8486b1d38ceb,2026-07-31 07:17:18.190484,2026-07-31 07:17:44.190484,2cdd7dcf-9181-4d9a-beee-16ebdf355337,95,tablet,false,false,26
fb493566-3898-4003-9709-b1103b38ba31,e4b46cf7-40c8-4528-9e08-8486b1d38ceb,2026-07-31 07:17:44.946972,2026-07-31 07:23:47.946972,54ce53a7-1b14-4aa4-bf05-d982e419fe58,95,desktop,true,false,363
fc105a27-ee3c-4a97-80f0-279878a49937,e4b46cf7-40c8-4528-9e08-8486b1d38ceb,2026-07-31 07:23:48.695568,2026-07-31 07:30:25.695568,ece7374b-0168-4f40-a22d-6a414819ec27,95,desktop,true,false,397
adbf31b4-a1ef-40d3-8778-a249f5659801,e4b46cf7-40c8-4528-9e08-8486b1d38ceb,2026-07-31 07:30:26.105116,2026-07-31 07:37:52.105116,a4d24371-b47f-4908-9edb-46594ada9c0f,95,desktop,true,false,446
cb782577-b1f0-483f-9db5-2380092b9f90,e4b46cf7-40c8-4528-9e08-8486b1d38ceb,2026-07-31 07:37:53.0383,2026-07-31 07:40:00.0383,718f60f6-5c33-4041-8b8b-faa102f62157,95,desktop,true,false,127
37018e3d-b5e0-4a4e-bc6e-102490e43216,e4b46cf7-40c8-4528-9e08-8486b1d38ceb,2026-07-31 07:40:00.426778,2026-07-31 07:44:38.426778,7b7681a1-763f-4fcd-9e80-04120de87669,95,desktop,true,true,278
923261f3-e627-455c-be73-a25a670b120b,e4b46cf7-40c8-4528-9e08-8486b1d38ceb,2026-08-02 07:44:39.266318,2026-08-02 07:51:23.266318,1b8288fe-2ef4-48bd-8c72-4e6f10810caf,96,desktop,false,false,404
27e78645-970e-4cb6-9d30-e8e1200ee901,e4b46cf7-40c8-4528-9e08-8486b1d38ceb,2026-08-02 07:51:24.228134,2026-08-02 07:54:40.228134,71f1cd90-fad6-45e6-a8ca-2a3e9dd1d821,96,desktop,true,true,196
4cd73e33-3d2a-400b-9fa1-d3b24cb0589a,e4b46cf7-40c8-4528-9e08-8486b1d38ceb,2026-08-03 07:54:40.8281,2026-08-03 08:04:16.8281,a0de5d19-9c1c-4b1e-ba88-8b17d5382820,97,desktop,true,false,576
f48545ea-53f7-46f0-8021-1bfaaa92b39a,e4b46cf7-40c8-4528-9e08-8486b1d38ceb,2026-08-03 08:04:16.886986,2026-08-03 08:10:55.886986,b29084df-f3c0-4998-aec2-4028e40b2868,97,desktop,true,false,399
38e5ab41-f7de-4908-b545-4d48e2572b00,e4b46cf7-40c8-4528-9e08-8486b1d38ceb,2026-08-03 08:10:56.299071,2026-08-03 08:18:27.299071,a0998cdd-0710-40b6-8cc0-25e78b4b1a7b,97,desktop,true,true,451
266133b9-b160-4c50-8a87-31037016d5d8,e4b46cf7-40c8-4528-9e08-8486b1d38ceb,2026-08-06 08:18:27.623329,2026-08-06 08:26:01.623329,046f798b-2882-4316-baef-2bc296953c41,98,desktop,true,true,454
68d509de-f93a-47c6-b96d-699bc9ba5395,e4b46cf7-40c8-4528-9e08-8486b1d38ceb,2026-08-07 08:26:01.658148,2026-08-07 08:30:03.658148,901a4245-007c-4ad5-a528-71ea78c26ab4,99,desktop,true,true,242
4261e3b3-0f69-465a-a7b4-e6ae5d188c59,e4b46cf7-40c8-4528-9e08-8486b1d38ceb,2026-08-07 08:30:04.319608,2026-08-07 08:37:48.319608,17cb033e-c72e-4726-9d91-258c912a653a,100,desktop,true,true,464
91ac1e96-f43c-4d57-b7cd-b2efcd6087c3,f6779161-bd97-4375-abc5-ec30b05de76f,2026-01-01 19:27:06,2026-01-01 19:29:11,d80245b2-99b7-4cb7-8494-34e4c5396576,1,phone,true,true,125
51ed9a30-41f7-4918-bf70-8f557f039496,f6779161-bd97-4375-abc5-ec30b05de76f,2026-01-01 19:29:11.857107,2026-01-01 19:31:38.857107,39744a86-1a64-4fe7-8466-3e5abd218a97,2,phone,true,false,147
e72e7a2a-0f34-4fbe-875d-9880e75d2aff,f6779161-bd97-4375-abc5-ec30b05de76f,2026-01-01 19:31:39.272809,2026-01-01 19:35:04.272809,577f82d1-7fc1-42b1-8f59-c03d4a81970c,2,phone,true,true,205
76ec4ea6-a55b-49be-95db-d9454db33f40,f6779161-bd97-4375-abc5-ec30b05de76f,2026-01-01 19:35:04.924444,2026-01-01 19:37:27.924444,934a498b-a0ff-4347-81eb-9051a9beba66,3,phone,false,false,143
872d0723-0635-47b9-b4d8-44fb5001856d,f6779161-bd97-4375-abc5-ec30b05de76f,2026-01-01 19:37:28.537091,2026-01-01 19:46:50.537091,90d8b77f-20b9-482c-ba0f-d972a2b473fe,3,desktop,false,false,562
bc6a53f3-32cd-49b0-aa65-05fe9f801b5a,f6779161-bd97-4375-abc5-ec30b05de76f,2026-01-01 19:46:50.9607,2026-01-01 19:50:16.9607,2f2d257d-5e8d-4620-924b-8201ffe742df,3,desktop,true,true,206
1a88a783-bbd2-49c1-b36b-06c28711f81b,f6779161-bd97-4375-abc5-ec30b05de76f,2026-01-01 19:50:17.236947,2026-01-01 19:56:12.236947,d5848f06-4412-4bb9-90eb-5adea3da1238,4,desktop,true,true,355
8d84029c-eb88-4254-98b7-fe83391c1830,f6779161-bd97-4375-abc5-ec30b05de76f,2026-01-01 19:56:12.807332,2026-01-01 20:00:04.807332,8db00ba8-64a4-4198-ac0a-3e593a22c49c,5,desktop,true,true,232
e64574cb-0687-4699-ba0e-83c03fbecc07,f6779161-bd97-4375-abc5-ec30b05de76f,2026-01-02 20:00:05.262799,2026-01-02 20:05:56.262799,c7583db4-6213-4be1-8e98-9228cd352ebf,6,desktop,true,true,351
d17f4875-8110-4393-906a-ac4022eecd63,f6779161-bd97-4375-abc5-ec30b05de76f,2026-01-02 20:05:56.357266,2026-01-02 20:12:31.357266,22a866c4-32ce-4945-8dc6-94f1a4944a70,7,desktop,true,true,395
a4e87588-5205-4cdb-a5ef-be8c167005da,f6779161-bd97-4375-abc5-ec30b05de76f,2026-01-02 20:12:31.815574,2026-01-02 20:22:22.815574,f1c8be06-459d-4813-a653-506a63378fae,8,desktop,false,false,591
aa065751-3ef9-4c51-b4dc-c4584a3011ca,f6779161-bd97-4375-abc5-ec30b05de76f,2026-01-02 20:22:23.415432,2026-01-02 20:28:46.415432,4e4ab30d-315f-4fcf-a20b-7e44e147b938,8,desktop,true,true,383
e8caf778-d8f7-40ec-8ab3-482918b012de,f6779161-bd97-4375-abc5-ec30b05de76f,2026-01-03 20:28:47.06074,2026-01-03 20:33:01.06074,5031e00f-f2ff-40a0-9eb1-51478c30732b,9,desktop,true,true,254
148f34c2-340d-4226-a59a-1f3da7801633,f6779161-bd97-4375-abc5-ec30b05de76f,2026-01-03 20:33:01.684833,2026-01-03 20:41:12.684833,1ecba4d3-0d0b-43b7-a8da-ec517f16c271,10,desktop,false,false,491
23cad2c9-479d-4d30-9311-109c51d3b53c,f6779161-bd97-4375-abc5-ec30b05de76f,2026-01-03 20:41:13.536363,2026-01-03 20:47:00.536363,3a280f07-a655-421c-a3e9-e6c999ad9903,10,desktop,true,true,347
c2bb9500-b568-42e1-871f-eb35549c216b,f6779161-bd97-4375-abc5-ec30b05de76f,2026-01-09 20:47:01.394398,2026-01-09 20:56:34.394398,e489cf53-d7fe-4582-b7d1-2a16f3da0407,11,tablet,true,true,573
72e21eb1-cd9b-4f71-a743-23b5f2a5a320,f6779161-bd97-4375-abc5-ec30b05de76f,2026-01-09 20:56:34.45361,2026-01-09 21:03:18.45361,8415fbc9-ce75-40b8-8e40-18ca074a3712,12,tablet,true,true,404
f6ad6742-e17c-4176-b852-a798fb363e1f,f6779161-bd97-4375-abc5-ec30b05de76f,2026-01-13 21:03:19.177828,2026-01-13 21:10:35.177828,1688851f-901e-4b95-aaf8-35c11d23ce96,13,tablet,true,true,436
2e455bf7-468b-4924-95e2-1d917749977b,f6779161-bd97-4375-abc5-ec30b05de76f,2026-01-14 21:10:35.915855,2026-01-14 21:13:45.915855,6535b03f-a2a5-434e-b2f8-0bb25f768c9d,14,tablet,true,false,190
a00687a4-c0ff-4b48-857e-613de88e942d,f6779161-bd97-4375-abc5-ec30b05de76f,2026-01-14 21:13:46.027424,2026-01-14 21:17:01.027424,b8ecf206-e7bc-4665-92b1-6e8de15a169a,14,tablet,true,true,195
96fa23ab-375c-4815-8490-d0ae67254b33,f6779161-bd97-4375-abc5-ec30b05de76f,2026-01-14 21:17:01.157668,2026-01-14 21:20:58.157668,608924ba-00fc-4fe8-a839-c196a685c13c,15,tablet,false,false,237
a3156e68-9ed0-4638-850c-cfaa922d0743,f6779161-bd97-4375-abc5-ec30b05de76f,2026-01-14 21:20:58.574147,2026-01-14 21:23:01.574147,344fa478-8a05-4443-94e4-60d10234a1ec,15,desktop,false,false,123
6fc7510a-0e80-456f-9301-09bff5a9d9ae,f6779161-bd97-4375-abc5-ec30b05de76f,2026-01-14 21:23:02.363772,2026-01-14 21:29:08.363772,45c604af-9f37-4839-a3c3-ab136d5333e5,15,desktop,true,true,366
9fd8de16-8b71-4e53-9e54-38e9497a7a35,f6779161-bd97-4375-abc5-ec30b05de76f,2026-01-14 21:29:08.549674,2026-01-14 21:34:27.549674,0e31050a-6ee5-47e3-b2b2-88cf8a8debf9,16,desktop,true,true,319
5118f077-3c1c-4c3c-847f-c64a975aaa04,f6779161-bd97-4375-abc5-ec30b05de76f,2026-01-14 21:34:28.272491,2026-01-14 21:38:55.272491,c9928de0-c3f6-4ed7-8fc6-c72b886320ae,17,tablet,true,true,267
f7af683d-b6e8-4e4e-b893-28b1150f1c1f,f6779161-bd97-4375-abc5-ec30b05de76f,2026-01-14 21:38:55.650674,2026-01-14 21:47:52.650674,5e46b636-5941-42fe-8103-7ace789f7c97,18,desktop,true,true,537
30ab2418-1437-4bcc-bf9e-8ab9180f4c13,f6779161-bd97-4375-abc5-ec30b05de76f,2026-01-14 21:47:52.871424,2026-01-14 21:52:42.871424,032dead7-074a-4d88-bd41-05c539c51188,19,desktop,true,true,290
4ed05c4c-5eac-4764-b61f-8f4957db2ba7,f6779161-bd97-4375-abc5-ec30b05de76f,2026-01-14 21:52:43.66386,2026-01-14 21:57:35.66386,b9d939d1-7cb2-4088-a618-3b7982e3abd8,20,desktop,true,true,292
b47d05ef-c149-402e-81c4-6357dd9edb6f,f6779161-bd97-4375-abc5-ec30b05de76f,2026-01-14 21:57:36.18111,2026-01-14 22:04:47.18111,f5bb2145-178d-4688-91e2-b3a8f4b06351,21,desktop,false,false,431
ca86ec0e-8cf4-4ae4-8ac7-e4b0facef60c,f6779161-bd97-4375-abc5-ec30b05de76f,2026-01-14 22:04:47.857215,2026-01-14 22:08:58.857215,371cdb4a-bfc1-40e4-9fd7-287aa301eb7e,21,desktop,true,false,251
81d3c8eb-c217-4c90-8064-cc36ca73caab,f6779161-bd97-4375-abc5-ec30b05de76f,2026-01-14 22:08:58.99295,2026-01-14 22:18:04.99295,dbad2fca-bdad-44a9-884b-ca7172bfafb2,21,desktop,true,false,546
b4eb0a33-e560-4be3-a901-b397c997b99e,f6779161-bd97-4375-abc5-ec30b05de76f,2026-01-14 22:18:05.089835,2026-01-14 22:22:50.089835,3581d66a-3bbd-4269-ac0d-9d5c7d0a9edf,21,desktop,true,true,285
16e16919-89a1-4cc0-8325-5b57a385a172,f6779161-bd97-4375-abc5-ec30b05de76f,2026-01-14 22:22:50.812646,2026-01-14 22:28:56.812646,c62c8d45-e40a-4b56-b106-8a082792d13e,22,desktop,true,true,366
621ec1de-b197-42f5-a1fa-47a78558c1f8,f6779161-bd97-4375-abc5-ec30b05de76f,2026-01-14 22:28:57.193243,2026-01-14 22:34:43.193243,4f42117f-56f8-4d43-8abb-54faab6d32ef,23,desktop,true,true,346
dd3acb0e-dfc9-4157-bb22-e16f960af2f3,f6779161-bd97-4375-abc5-ec30b05de76f,2026-01-14 22:34:43.353448,2026-01-14 22:41:56.353448,39e2568f-2028-46c9-bebb-869c12d775fb,24,desktop,true,true,433
8c80b058-1ac6-48cf-a4fb-755aad3c8e05,f6779161-bd97-4375-abc5-ec30b05de76f,2026-01-14 22:41:56.725501,2026-01-14 22:45:05.725501,c4d7376d-d14d-4192-84ea-c6dd4748b700,25,tablet,true,true,189
0daaf583-6e8a-404b-a91b-0e518443da11,f6779161-bd97-4375-abc5-ec30b05de76f,2026-01-14 22:45:06.616589,2026-01-14 22:53:29.616589,ed22257e-37d3-460f-ba8a-acc2b82efcb8,26,tablet,true,true,503
d9f3e35d-18f4-491b-8ae8-20fefa318e7f,f6779161-bd97-4375-abc5-ec30b05de76f,2026-02-02 22:53:29.751587,2026-02-02 22:56:45.751587,8d4c487d-51ee-4baf-8467-6d4fbc72a942,27,tablet,true,true,196
302dad0d-a299-413d-87ee-da214336f8f2,f6779161-bd97-4375-abc5-ec30b05de76f,2026-02-03 22:56:46.410609,2026-02-03 23:01:05.410609,9774c061-e161-4c7f-9147-f87f73fb910a,28,tablet,true,true,259
b5c4d780-3ee0-430a-b964-815ffacc8f59,f6779161-bd97-4375-abc5-ec30b05de76f,2026-02-05 23:01:05.697513,2026-02-05 23:05:12.697513,1f70f6f6-5f04-455c-9fcc-95f4a206980b,29,tablet,true,true,247
5489e3ed-e4f8-4b8b-853b-6521885d3f40,f6779161-bd97-4375-abc5-ec30b05de76f,2026-03-01 23:05:13.453352,2026-03-01 23:12:23.453352,52dfac4b-6f73-42f1-ad41-07bda932606f,30,tablet,true,true,430
189041f8-b002-4f3d-9b52-337611bdff4c,f6779161-bd97-4375-abc5-ec30b05de76f,2026-03-01 23:12:23.714911,2026-03-01 23:17:31.714911,9ba25ce5-dd53-4581-9de2-e62ca400d28e,31,desktop,false,false,308
b362b902-1a3a-42bc-8b03-1f6ddc69b407,f6779161-bd97-4375-abc5-ec30b05de76f,2026-03-01 23:17:32.249705,2026-03-01 23:22:22.249705,7d52eb13-c1d7-4efd-b0cb-8b76d29e9cf3,31,tablet,true,false,290
f9327dc7-e340-4078-874e-c7baefe663aa,f6779161-bd97-4375-abc5-ec30b05de76f,2026-03-01 23:22:23.03545,2026-03-01 23:30:29.03545,ea2e10f9-6de8-489b-a2b6-ac4fbc861f38,31,tablet,true,true,486
8b5f2135-0f4d-4c47-817f-53b2e7d556d8,f6779161-bd97-4375-abc5-ec30b05de76f,2026-03-02 23:30:29.795349,2026-03-02 23:39:22.795349,e39ba146-f1ab-4a36-a02d-2a972173f516,32,tablet,false,false,533
3d333379-a848-4806-a989-e5f19469f147,f6779161-bd97-4375-abc5-ec30b05de76f,2026-03-02 23:39:23.142597,2026-03-02 23:43:02.142597,02781fd5-1043-4e91-a1b9-e849a0846236,32,tablet,true,true,219
0dbeb935-96f6-4a50-80df-5ddd502d2f8c,f6779161-bd97-4375-abc5-ec30b05de76f,2026-03-02 23:43:02.40183,2026-03-02 23:45:12.40183,ea4fb2fa-2ba2-478f-a662-57b4bfa94769,33,tablet,true,true,130
c9925c23-b515-4351-8694-123418cd05d4,f6779161-bd97-4375-abc5-ec30b05de76f,2026-03-02 23:45:13.178754,2026-03-02 23:48:14.178754,9acef87c-65c8-43a4-b82b-3466e0ace233,34,tablet,true,true,181
6486bc70-ed9b-44c2-a427-6d6c63812dbb,f6779161-bd97-4375-abc5-ec30b05de76f,2026-03-02 23:48:14.632601,2026-03-02 23:53:33.632601,b3c172a8-71b4-4204-8fe5-bb6251f9c0d0,35,tablet,true,false,319
dfa2fbc7-b94d-4acb-ba6a-32999bdc9598,f6779161-bd97-4375-abc5-ec30b05de76f,2026-03-02 23:53:34.309195,2026-03-03 00:01:31.309195,c17d3695-9190-4c85-812e-dac70dd2d015,35,phone,true,true,477
0dde63c6-a0a3-4d4f-8000-c3a11b1d13cc,f6779161-bd97-4375-abc5-ec30b05de76f,2026-03-03 00:01:31.703514,2026-03-03 00:04:24.703514,2231e84a-2a26-4f32-8482-602abd2c106e,36,phone,true,false,173
afe4e31a-1121-40e2-ad2e-082141e4349c,f6779161-bd97-4375-abc5-ec30b05de76f,2026-03-03 00:04:25.671576,2026-03-03 00:08:37.671576,7a8fb9f0-d981-4df6-99a0-71011875ca70,36,desktop,true,false,252
f3e06e6a-33b1-42f8-aa6b-67106acd7b61,f6779161-bd97-4375-abc5-ec30b05de76f,2026-03-03 00:08:37.992225,2026-03-03 00:15:43.992225,8f061071-2df9-4c0c-969d-7f5c06b4f22e,36,desktop,true,true,426
9c7eb18d-9cb4-4fed-a7e0-babfb2670222,f6779161-bd97-4375-abc5-ec30b05de76f,2026-03-03 00:15:44.843282,2026-03-03 00:18:11.843282,9a6fe405-caa3-441e-828d-5f30087f9522,37,desktop,true,false,147
7c20bb93-27ab-4d88-b581-086f9d83b89b,f6779161-bd97-4375-abc5-ec30b05de76f,2026-03-03 00:18:12.143498,2026-03-03 00:20:38.143498,71b74bec-6e17-47eb-83e8-81abf79a4161,37,desktop,false,false,146
c0da0739-b28a-46be-a21a-072ee06ae697,f6779161-bd97-4375-abc5-ec30b05de76f,2026-03-03 00:20:38.73789,2026-03-03 00:25:23.73789,657638d5-879a-4f75-8e13-d10f8e84f359,37,desktop,true,true,285
f90c111e-88f6-4602-87e7-cbdbfb722d7e,f6779161-bd97-4375-abc5-ec30b05de76f,2026-03-03 00:25:23.966662,2026-03-03 00:31:39.966662,c767f592-03cc-4c52-8d3c-84946684c444,38,desktop,true,true,376
be78f8b3-b472-480c-9f95-fab1e5955f90,f6779161-bd97-4375-abc5-ec30b05de76f,2026-03-03 00:31:40.086759,2026-03-03 00:36:14.086759,3542d60c-dfc3-45da-ac5a-179e9e368d36,39,desktop,false,false,274
2962f00d-205f-4064-8824-1e07585ca1f1,f6779161-bd97-4375-abc5-ec30b05de76f,2026-03-03 00:36:15.043798,2026-03-03 00:43:35.043798,cd676550-5026-429e-be8e-e7dab6f132bd,39,desktop,false,false,440
498c4129-57b4-4507-be77-e5c3cfcee280,f6779161-bd97-4375-abc5-ec30b05de76f,2026-03-03 00:43:35.563424,2026-03-03 00:51:47.563424,487d8435-64d7-41f8-9094-1ed2c11017db,39,desktop,true,true,492
bf6f587d-aaef-455e-88a8-fa9820c91412,f6779161-bd97-4375-abc5-ec30b05de76f,2026-03-04 00:51:47.639919,2026-03-04 00:54:29.639919,21fa5fd3-8e42-4ae6-9145-4a0e94b1d28b,40,tablet,false,false,162
94841c3c-92e8-43b5-a5e4-ad2aeca35d05,f6779161-bd97-4375-abc5-ec30b05de76f,2026-03-04 00:54:30.349017,2026-03-04 01:02:06.349017,7e2b5d0d-1139-4d92-be56-dc788d194953,40,tablet,true,true,456
bf706d50-0fd5-49f9-b4cd-81aca86f1354,f6779161-bd97-4375-abc5-ec30b05de76f,2026-03-04 01:02:07.289791,2026-03-04 01:08:14.289791,7735d012-6003-4a94-83a3-9a1eac93e0ba,41,tablet,false,false,367
6c987e10-d526-4ce5-a966-c11af15fae5f,f6779161-bd97-4375-abc5-ec30b05de76f,2026-03-04 01:08:14.620374,2026-03-04 01:14:31.620374,1e3acc9f-008a-4ce9-a951-93deb75440fb,41,tablet,true,true,377
8cfbbdfd-361f-443f-a930-9040e635c105,f6779161-bd97-4375-abc5-ec30b05de76f,2026-03-04 01:14:32.345343,2026-03-04 01:18:57.345343,7687e361-c0db-41c9-9c7d-77d4bb989761,42,tablet,true,true,265
fcf795ab-31a5-4168-ad74-c71f36527eae,f6779161-bd97-4375-abc5-ec30b05de76f,2026-03-04 01:18:57.768397,2026-03-04 01:25:51.768397,d989b6e7-ec46-4a48-b81e-fee70affc574,43,tablet,true,true,414
d836732a-1b00-4bc0-9292-1d3a0509a308,f6779161-bd97-4375-abc5-ec30b05de76f,2026-03-05 01:25:52.033521,2026-03-05 01:29:27.033521,53197488-1476-46a0-b1c6-e337a7116ab2,44,desktop,true,true,215
1fa0238d-5d4e-45c6-9c6f-c7f99313a06a,f6779161-bd97-4375-abc5-ec30b05de76f,2026-03-05 01:29:27.620057,2026-03-05 01:35:28.620057,678abd70-b289-4897-85f2-d41db124f312,45,desktop,true,true,361
d8a601bc-97ef-4351-945c-44509ff84e7d,f6779161-bd97-4375-abc5-ec30b05de76f,2026-03-05 01:35:28.691333,2026-03-05 01:40:16.691333,1b208a70-969c-4e03-85d6-14e46d32b8c3,46,desktop,false,false,288
52ea88e0-a075-44a2-a608-315acc4f01f6,f6779161-bd97-4375-abc5-ec30b05de76f,2026-03-05 01:40:16.771311,2026-03-05 01:45:13.771311,8568f3e2-6d75-4a63-b081-23523d35055e,46,tablet,true,false,297
2b51cb17-21af-4b4b-a1ac-8e1661579cb1,f6779161-bd97-4375-abc5-ec30b05de76f,2026-03-05 01:45:13.957186,2026-03-05 01:52:13.957186,ff4bb71e-ce95-4f47-96da-bdaa3d504692,46,desktop,true,true,420
e02171f4-1025-4165-8d49-f544e5325539,f6779161-bd97-4375-abc5-ec30b05de76f,2026-03-05 01:52:14.449349,2026-03-05 01:58:03.449349,048f2275-2b09-44d4-96ef-32e04c457d83,47,tablet,true,true,349
4cab67e9-dfe9-46a3-8c29-40ddf43307ba,f6779161-bd97-4375-abc5-ec30b05de76f,2026-03-05 01:58:03.932158,2026-03-05 02:04:00.932158,246b9e5e-9c30-4069-abcd-8f9077adcc41,48,tablet,true,true,357
169020a8-7040-4766-9909-cac4e8af8db9,f6779161-bd97-4375-abc5-ec30b05de76f,2026-03-05 02:04:01.734688,2026-03-05 02:09:17.734688,31d000dd-a70b-48e8-a40f-d773e7109c93,49,desktop,false,false,316
9186b92a-933b-4333-8314-8759914487b1,f6779161-bd97-4375-abc5-ec30b05de76f,2026-03-05 02:09:18.572072,2026-03-05 02:17:17.572072,30e4b358-2876-49a9-9fe2-db8783b72e1f,49,desktop,true,false,479
36977d5c-2790-4875-9e9e-eee4c1a4430e,f6779161-bd97-4375-abc5-ec30b05de76f,2026-03-05 02:17:18.250975,2026-03-05 02:18:27.250975,154fdb0d-0a68-4311-919c-a1c0ce11eacb,49,desktop,false,false,69
2c3ee644-f26c-4485-85bb-999219fc451b,f6779161-bd97-4375-abc5-ec30b05de76f,2026-03-05 02:18:27.327015,2026-03-05 02:27:11.327015,97f9ded1-bad8-4673-95a4-e6ccc60af06d,49,desktop,true,false,524
d745a3e2-8165-48f2-9f80-dc956d7cf613,f6779161-bd97-4375-abc5-ec30b05de76f,2026-03-05 02:27:12.019928,2026-03-05 02:27:51.019928,8b093fde-97e2-45bb-bbbe-01ae3e5e8d78,49,desktop,false,false,39
140d6e73-b49c-42cf-b0f5-6b834d9c8144,f6779161-bd97-4375-abc5-ec30b05de76f,2026-03-05 02:27:51.03384,2026-03-05 02:35:50.03384,86f4f93e-aae1-492f-ba26-88afdbdb71db,49,desktop,true,false,479
477e538a-74da-42bf-85e6-ac67cc5ff4aa,f6779161-bd97-4375-abc5-ec30b05de76f,2026-03-05 02:35:50.159572,2026-03-05 02:41:25.159572,4e3b3285-3716-4918-be5a-a9149821d609,49,desktop,true,true,335
0b0f9e39-1c11-4613-adc9-885e9688d870,f6779161-bd97-4375-abc5-ec30b05de76f,2026-03-05 02:41:25.699813,2026-03-05 02:46:33.699813,b085b371-b8f7-493a-b8a2-ef8c7e56e711,50,desktop,true,true,308
44c40d48-74ea-441c-b38e-0842187c05e7,f6779161-bd97-4375-abc5-ec30b05de76f,2026-03-05 02:46:34.408393,2026-03-05 02:55:39.408393,8fcfda10-c27b-4cc8-a4ac-d9d8ceb33b04,51,tablet,false,false,545
b898b7ac-10be-4353-9035-e29d06492bcd,f6779161-bd97-4375-abc5-ec30b05de76f,2026-03-05 02:55:39.49119,2026-03-05 02:58:09.49119,b5a55f0b-0eaa-47c6-981a-ca65af0a3961,51,tablet,true,false,150
ea08decb-e981-4186-9703-a393cb1047c8,f6779161-bd97-4375-abc5-ec30b05de76f,2026-03-05 02:58:09.953567,2026-03-05 03:02:07.953567,e99cf15e-8a02-453e-93e8-e6a92dcd1033,51,tablet,false,false,238
cad3d654-2c09-4026-a48b-55a8d7380eb7,f6779161-bd97-4375-abc5-ec30b05de76f,2026-03-05 03:02:08.571217,2026-03-05 03:06:29.571217,afb7fd67-62d4-47c0-88ad-1204513c9f93,51,tablet,true,true,261
ec0bca77-1c5c-4afd-91c3-1f33c0073fbb,f6779161-bd97-4375-abc5-ec30b05de76f,2026-03-05 03:06:30.491641,2026-03-05 03:09:49.491641,02509a25-6e8c-4094-be26-3abdf5422f48,52,tablet,true,false,199
286a6ac0-e4d2-4670-b8c7-36ee800aa07c,f6779161-bd97-4375-abc5-ec30b05de76f,2026-03-05 03:09:49.562216,2026-03-05 03:17:27.562216,660a4bc6-8183-4fd8-9a64-eecea3e8e428,52,tablet,true,true,458
8435dda6-390a-4088-8a75-875888c30f4a,f6779161-bd97-4375-abc5-ec30b05de76f,2026-03-05 03:17:28.150759,2026-03-05 03:22:19.150759,b6d06745-07ba-4abd-8155-248b59292605,53,tablet,true,true,291
4eef76ea-8ee1-42ea-9ce9-ef1f325ebb36,f6779161-bd97-4375-abc5-ec30b05de76f,2026-03-05 03:22:19.9573,2026-03-05 03:26:14.9573,fe205904-7b20-4297-b366-441b68ddbeeb,54,tablet,true,true,235
930ca5ff-8019-4ba6-bb73-1eb64fbab2b9,f6779161-bd97-4375-abc5-ec30b05de76f,2026-03-05 03:26:15.040505,2026-03-05 03:32:29.040505,499e315f-ead6-4264-9fd5-a79ed59ddbfc,55,tablet,true,true,374
60f09bfe-909c-4b2a-8454-259abfaeac98,f6779161-bd97-4375-abc5-ec30b05de76f,2026-03-05 03:32:29.922468,2026-03-05 03:36:37.922468,dac79440-8734-4fc2-a991-8adddb426864,56,tablet,true,true,248
3953137e-04a8-4b2e-a8bf-0514e6e3cd0b,f6779161-bd97-4375-abc5-ec30b05de76f,2026-03-11 03:36:38.040628,2026-03-11 03:44:55.040628,d1447f81-cca9-40b0-8d0c-0c870c9ed067,57,tablet,true,true,497
2d84c197-005f-4a2c-8928-05acc4c47ea9,f6779161-bd97-4375-abc5-ec30b05de76f,2026-03-11 03:44:55.60119,2026-03-11 03:51:37.60119,777e18cb-0d98-46cd-b92d-85c1708c0031,58,tablet,true,true,402
ace1e28c-daf5-4db8-bc48-0d56ae7cf857,f6779161-bd97-4375-abc5-ec30b05de76f,2026-03-11 03:51:38.23277,2026-03-11 03:52:35.23277,ac4afc70-0b68-4700-a4a3-6b1d80886428,59,phone,false,false,57
94d06786-7650-49b4-b5e7-d68bc12495a0,f6779161-bd97-4375-abc5-ec30b05de76f,2026-03-11 03:52:36.221568,2026-03-11 03:57:49.221568,a3a02dac-19c9-4312-8b0d-01a3f2c93180,59,phone,true,false,313
785aef17-7ff2-4fd7-a03f-9b2e0f321d25,f6779161-bd97-4375-abc5-ec30b05de76f,2026-03-11 03:57:49.564464,2026-03-11 04:01:31.564464,77a382a1-e6f6-4057-96b9-a4a6ee2a736a,59,phone,true,true,222
98915427-7141-441f-83d5-20b15ea359bf,f6779161-bd97-4375-abc5-ec30b05de76f,2026-03-12 04:01:32.376408,2026-03-12 04:08:50.376408,260ddb9b-3e38-4d36-9d99-cef027601746,60,phone,true,false,438
d5e617b1-fb94-48b6-aed0-c6621cb9edbb,f6779161-bd97-4375-abc5-ec30b05de76f,2026-03-12 04:08:51.07058,2026-03-12 04:17:23.07058,4a327904-d949-4e87-b5a3-e34c8a68efb5,60,phone,false,false,512
c0b1c31a-3470-469f-ab13-f007a8e5963d,f6779161-bd97-4375-abc5-ec30b05de76f,2026-03-12 04:17:23.126447,2026-03-12 04:24:21.126447,d3291d99-a0a9-4280-a76b-898187fc2514,60,tablet,true,true,418
a2e37b1a-c79c-4c67-adc0-238fed0b2306,f6779161-bd97-4375-abc5-ec30b05de76f,2026-03-13 04:24:21.419485,2026-03-13 04:30:59.419485,dbff163c-f7ff-4520-82d7-8facaa00bfe1,61,tablet,true,true,398
3ce1f457-98e9-4c55-bb22-72d7980c8525,f6779161-bd97-4375-abc5-ec30b05de76f,2026-03-13 04:30:59.767453,2026-03-13 04:35:42.767453,bdfbf84e-cd5e-453c-a281-b6d8ecea9170,62,tablet,true,false,283
30344d43-0453-449f-8583-11cac657fe24,f6779161-bd97-4375-abc5-ec30b05de76f,2026-03-13 04:35:43.576418,2026-03-13 04:37:07.576418,7a4913f6-1939-4835-a3d6-4e7b164271c6,62,tablet,false,false,84
bbb81fcc-9b53-4551-b3d4-52ea82cb7ff6,f6779161-bd97-4375-abc5-ec30b05de76f,2026-03-13 04:37:08.233243,2026-03-13 04:44:33.233243,c31d703d-9189-4baf-9da7-be3a4944b90b,62,tablet,true,true,445
79b06740-2e58-45a5-a9a1-fd00b124160d,f6779161-bd97-4375-abc5-ec30b05de76f,2026-03-13 04:44:33.510563,2026-03-13 04:47:55.510563,d2301e2e-9b49-4f59-8100-63022033348c,63,desktop,true,false,202
861217a3-59b3-4619-b758-36f4be2735d6,f6779161-bd97-4375-abc5-ec30b05de76f,2026-03-13 04:47:55.543653,2026-03-13 04:53:02.543653,f00b18cd-37fd-4674-83c2-4d69ea0fc3a2,63,desktop,true,false,307
aeedb7cb-bb32-44af-ad32-c263eaf2a4f7,f6779161-bd97-4375-abc5-ec30b05de76f,2026-03-13 04:53:03.310035,2026-03-13 04:54:03.310035,4ec614b7-269a-4087-bba3-c85a77f03caf,63,desktop,false,false,60
73cb5994-ffec-48d4-b0b9-a5a4d2ba0fbf,f6779161-bd97-4375-abc5-ec30b05de76f,2026-03-13 04:54:03.8829,2026-03-13 04:58:20.8829,3c02f4eb-22ab-4be2-a372-56f7a66dbcaa,63,desktop,true,true,257
0ce0ecfb-a843-40ba-aee3-62a5c180bcee,f6779161-bd97-4375-abc5-ec30b05de76f,2026-03-13 04:58:21.874338,2026-03-13 05:03:06.874338,2a9b7db5-de3a-4497-9e3a-3f98c718c572,64,desktop,true,true,285
91df8636-c07d-4529-b414-9a8620004b1b,f6779161-bd97-4375-abc5-ec30b05de76f,2026-03-13 05:03:07.368564,2026-03-13 05:11:09.368564,307ce6a4-a0da-4571-9de0-b6ea7bd3ead0,65,desktop,true,false,482
3d444dff-5bc5-451a-9a24-d08caf2eb3c3,f6779161-bd97-4375-abc5-ec30b05de76f,2026-03-13 05:11:10.098356,2026-03-13 05:15:13.098356,8dacce72-b275-45c9-8143-beeb93288237,65,desktop,true,true,243
64358d01-8d31-410b-8d8c-58750852146c,f6779161-bd97-4375-abc5-ec30b05de76f,2026-03-14 05:15:13.439844,2026-03-14 05:24:41.439844,e32873ca-b0c2-48f7-8856-b6768e0a84c5,66,desktop,false,false,568
b449a0d9-612a-468f-aa0f-572b3c492851,f6779161-bd97-4375-abc5-ec30b05de76f,2026-03-14 05:24:42.365215,2026-03-14 05:30:29.365215,d192a479-01d2-4196-8cb9-3c679346b86d,66,tablet,true,false,347
e4ee1b0e-1b54-4fbb-83bc-03c2333a2644,f6779161-bd97-4375-abc5-ec30b05de76f,2026-03-14 05:30:29.913062,2026-03-14 05:37:25.913062,bbed67f6-207e-422c-b5fd-ff32893c9f48,66,tablet,true,false,416
3c8620fa-b47b-4eb4-a7de-7f0d80cb6c20,f6779161-bd97-4375-abc5-ec30b05de76f,2026-03-14 05:37:26.834854,2026-03-14 05:42:00.834854,a4637ed6-da5b-4f63-af17-179326bb3e9d,66,tablet,true,false,274
abcc6cb9-a9c5-4240-a136-c1eef18f87b9,f6779161-bd97-4375-abc5-ec30b05de76f,2026-03-14 05:42:00.912542,2026-03-14 05:45:25.912542,f1b86bdd-cfa6-4737-bd63-1b3fc2684049,66,tablet,true,false,205
520215f0-6957-43cb-aba5-7876d0114304,f6779161-bd97-4375-abc5-ec30b05de76f,2026-03-14 05:45:26.473573,2026-03-14 05:53:52.473573,5ffa29cb-9902-400a-b07a-859c8eba6dad,66,tablet,true,false,506
f3e63327-804b-42c9-97f3-e7af5483c8b8,f6779161-bd97-4375-abc5-ec30b05de76f,2026-03-14 05:53:52.852144,2026-03-14 05:58:43.852144,e9a3bf61-98ab-4630-8ddc-d929eaa4cf94,66,tablet,true,false,291
5146d7d3-b890-49a3-b0a9-406940c55246,f6779161-bd97-4375-abc5-ec30b05de76f,2026-03-14 05:58:44.631224,2026-03-14 06:06:03.631224,a7b58136-4278-404a-a2fc-eef37013374b,66,phone,true,true,439
0320af80-cea2-4fbd-b356-c227e9ea3868,f6779161-bd97-4375-abc5-ec30b05de76f,2026-03-25 06:06:04.615214,2026-03-25 06:12:24.615214,36428cf7-6c1c-4a3f-b1df-6e4d872ee66d,67,phone,true,true,380
b4843863-e03f-4a32-b54b-eeba8d54827c,f6779161-bd97-4375-abc5-ec30b05de76f,2026-03-25 06:12:25.037215,2026-03-25 06:16:04.037215,0801a93c-1c0c-48bb-a18a-4b08841132de,68,phone,true,false,219
295d0176-cfe2-4ec4-a463-7ee9a60dbdda,f6779161-bd97-4375-abc5-ec30b05de76f,2026-03-25 06:16:04.469013,2026-03-25 06:19:45.469013,f25b1b1b-d8db-4316-878d-534ee1b858d1,68,phone,true,false,221
0e74aa0b-3836-4e9f-ba1a-b57b91decdc6,f6779161-bd97-4375-abc5-ec30b05de76f,2026-03-25 06:19:45.776458,2026-03-25 06:24:23.776458,e4ccd7fc-89c4-4a5d-a915-7f3acfc3c762,68,phone,false,false,278
60bf725c-8df6-47ce-9555-c0a3b6f145fd,f6779161-bd97-4375-abc5-ec30b05de76f,2026-03-25 06:24:24.761944,2026-03-25 06:29:14.761944,22e9e8ca-d949-4a40-9412-1636129feead,68,phone,true,false,290
17ae89b1-b7ac-45b5-878f-17fc5c53dcb2,f6779161-bd97-4375-abc5-ec30b05de76f,2026-03-25 06:29:15.596981,2026-03-25 06:35:42.596981,98bea25f-4a06-4165-a7a0-1abcfc4d3423,68,phone,true,true,387
889ee086-152a-4875-88c4-af50194f0738,f6779161-bd97-4375-abc5-ec30b05de76f,2026-03-25 06:35:43.050103,2026-03-25 06:43:33.050103,dc9870ca-41d9-45fb-9b6e-af0cca3c93bd,69,phone,true,false,470
cfc4d377-db0d-4086-ac4d-f260d10b436d,f6779161-bd97-4375-abc5-ec30b05de76f,2026-03-25 06:43:33.804072,2026-03-25 06:47:18.804072,02c06d89-8499-4e47-9cf9-393fde9e8069,69,desktop,true,true,225
75b4957f-b03a-4790-9f8d-805908b3df6d,f6779161-bd97-4375-abc5-ec30b05de76f,2026-03-30 06:47:18.970416,2026-03-30 06:51:15.970416,c29b3dc3-d996-4467-ad46-6412963dad05,70,desktop,true,true,237
677627fd-cde6-4a2c-9c4a-da1da5b0b6a4,f6779161-bd97-4375-abc5-ec30b05de76f,2026-03-30 06:51:16.302726,2026-03-30 06:56:51.302726,713371b6-50d0-4803-a668-aa2b78a214ee,71,desktop,true,true,335
727756fd-cbff-4109-999f-99a6b26ffb4a,f6779161-bd97-4375-abc5-ec30b05de76f,2026-03-31 06:56:51.915529,2026-03-31 07:03:31.915529,f69d9b9a-59d5-4339-a8a6-08e73f76152c,72,desktop,false,false,400
b3530854-fc64-4ded-b57c-7e3a4a840ce6,f6779161-bd97-4375-abc5-ec30b05de76f,2026-03-31 07:03:31.976693,2026-03-31 07:12:20.976693,4a995753-acaa-4c04-87a4-ad402acb5762,72,desktop,true,true,529
06439a92-9586-45d9-bdfa-b4b0f9ca1a1d,f6779161-bd97-4375-abc5-ec30b05de76f,2026-03-31 07:12:21.863984,2026-03-31 07:15:06.863984,b45cf548-1139-433f-abda-50d55d12851c,73,phone,true,false,165
77f10c0d-b9ff-478e-8af4-a59f64ca2b1a,f6779161-bd97-4375-abc5-ec30b05de76f,2026-03-31 07:15:07.410876,2026-03-31 07:20:15.410876,ac99eb42-4042-4895-993c-1b7f3b1663fe,73,tablet,true,false,308
a1d1d3fd-0882-4479-8216-1f7bef1ede42,f6779161-bd97-4375-abc5-ec30b05de76f,2026-03-31 07:20:15.840921,2026-03-31 07:25:21.840921,267b5802-f7e6-4cec-8297-43d4d67ef7cc,73,tablet,true,false,306
97e66f03-27ef-4b96-8640-9b00c9c5db11,f6779161-bd97-4375-abc5-ec30b05de76f,2026-03-31 07:25:22.15319,2026-03-31 07:29:21.15319,bca97bf2-17ff-4c64-885a-f30e164ad73e,73,tablet,true,false,239
cda596b5-c66a-482e-9ad4-e4098ae21186,f6779161-bd97-4375-abc5-ec30b05de76f,2026-03-31 07:29:21.971135,2026-03-31 07:35:55.971135,f64b9d4e-84cf-40c6-8464-f8d5bb33af07,73,tablet,true,true,394
aff9aee0-3396-4042-a29a-ef7bfbb1c3bd,f6779161-bd97-4375-abc5-ec30b05de76f,2026-03-31 07:35:56.763065,2026-03-31 07:44:00.763065,06d005bb-1f8b-49fe-827b-034ba9891bf2,74,phone,true,true,484
29ebc020-77e8-4c1f-929f-2aa7a453a864,f6779161-bd97-4375-abc5-ec30b05de76f,2026-03-31 07:44:01.12222,2026-03-31 07:47:06.12222,9e5609d9-212b-4f3b-83eb-991cc83b9d4e,75,phone,true,true,185
9cf19070-f1ae-4cc4-ac85-93d7b7fb6fad,f6779161-bd97-4375-abc5-ec30b05de76f,2026-03-31 07:47:06.694914,2026-03-31 07:50:39.694914,d40d6da9-93fd-4cc7-a567-093106f34bc9,76,phone,false,false,213
70ead1fa-dc52-4625-940d-47e7ead89c37,f6779161-bd97-4375-abc5-ec30b05de76f,2026-03-31 07:50:40.371614,2026-03-31 07:58:02.371614,635e35f2-a9ca-4452-8fc8-f21b1a958192,76,phone,true,false,442
32d08a60-1b46-409e-9fc0-43bb3e2add03,f6779161-bd97-4375-abc5-ec30b05de76f,2026-03-31 07:58:02.745866,2026-03-31 08:05:40.745866,a7cb3390-8538-4ff7-9cf4-cfec39c3a8b7,76,phone,true,true,458
8e37d1fe-4233-41ef-b92d-cd5f6dabd348,f6779161-bd97-4375-abc5-ec30b05de76f,2026-03-31 08:05:41.181083,2026-03-31 08:10:23.181083,c9e4189c-ebcc-486f-ac4b-4bc33b734759,77,phone,false,false,282
f3b5ad19-9ce1-4a02-ac3f-1c86ed11b699,f6779161-bd97-4375-abc5-ec30b05de76f,2026-03-31 08:10:23.850997,2026-03-31 08:14:46.850997,2525f967-bc6a-4121-a16e-3e46ebf79125,77,phone,true,true,263
d9077bfa-76f5-4df5-b69a-a29194e7edcb,f6779161-bd97-4375-abc5-ec30b05de76f,2026-03-31 08:14:47.75414,2026-03-31 08:19:34.75414,dceda68e-319e-4c28-b895-89e7a36ce74d,78,phone,true,true,287
0176c4ba-4fbd-48d3-96ac-1761e3c410bc,f6779161-bd97-4375-abc5-ec30b05de76f,2026-03-31 08:19:35.666038,2026-03-31 08:25:09.666038,3e68328c-2130-48b6-a5ef-bfbac45da4af,79,phone,false,false,334
0c69482e-e4d9-4161-a7e9-d6b60804ea91,f6779161-bd97-4375-abc5-ec30b05de76f,2026-03-31 08:25:09.955525,2026-03-31 08:30:55.955525,83d60fac-93cc-4b7d-b9b5-5d82b537b2e1,79,phone,true,true,346
22013385-6127-4109-a3a5-f83831e8044e,f6779161-bd97-4375-abc5-ec30b05de76f,2026-03-31 08:30:56.340894,2026-03-31 08:35:01.340894,41ab55ca-0520-468e-8c6f-f8182dfc9bfc,80,phone,true,true,245
3d2f3b55-d895-4649-ae2d-061e96b8a917,f6779161-bd97-4375-abc5-ec30b05de76f,2026-03-31 08:35:01.885194,2026-03-31 08:40:04.885194,4ae2066c-9966-40a7-bed5-f6f928482a24,81,phone,true,true,303
0a8c20c2-0d6b-4b4d-9b4c-3c0f5e809c5a,f6779161-bd97-4375-abc5-ec30b05de76f,2026-03-31 08:40:05.042573,2026-03-31 08:44:41.042573,451182f8-3449-4762-8c32-861d9b55a3f8,82,phone,true,true,276
c86c823d-7c8c-4018-8cbf-063a0d10cb4b,f6779161-bd97-4375-abc5-ec30b05de76f,2026-04-01 08:44:41.493231,2026-04-01 08:52:13.493231,806274d6-37e0-4a5f-abb2-48751de6b0f1,83,phone,false,false,452
5e22abe6-5d4b-41b4-9aaf-e3e25964e36d,f6779161-bd97-4375-abc5-ec30b05de76f,2026-04-01 08:52:14.469609,2026-04-01 08:57:57.469609,57e6bd6d-e5dc-49f1-9843-d9f33ad9dcb1,83,phone,true,true,343
04054863-be27-42b0-8f26-010e4fdaaa94,f6779161-bd97-4375-abc5-ec30b05de76f,2026-04-12 08:57:57.649022,2026-04-12 09:02:30.649022,a03c6d0d-2107-4bad-a794-904f1a9e3947,84,desktop,true,false,273
32ff2edf-94ac-4bd9-8373-aef000656fcb,f6779161-bd97-4375-abc5-ec30b05de76f,2026-04-12 09:02:31.625821,2026-04-12 09:10:16.625821,2bef2496-1a8a-453d-9e36-94471f1c6b70,84,desktop,true,false,465
d5296d34-b606-4bf1-a3dd-d4b80a3a7a5d,f6779161-bd97-4375-abc5-ec30b05de76f,2026-04-12 09:10:16.74923,2026-04-12 09:15:54.74923,fe23d27b-986b-4563-a823-778c11a9c7c2,84,desktop,false,false,338
0685cc3a-095a-4f81-9c4a-c85e1278a581,f6779161-bd97-4375-abc5-ec30b05de76f,2026-04-12 09:15:55.543461,2026-04-12 09:22:23.543461,01b3178e-507f-4223-9b44-c6384a12885a,84,phone,true,false,388
097c9acc-b322-4062-9fac-265e9e775152,f6779161-bd97-4375-abc5-ec30b05de76f,2026-04-12 09:22:23.769558,2026-04-12 09:26:50.769558,36f08e9d-91e3-4aea-a97f-b1ab09a1ebb4,84,phone,true,false,267
e215e44a-20b7-4113-aca2-1c2449af9732,f6779161-bd97-4375-abc5-ec30b05de76f,2026-04-12 09:26:51.13571,2026-04-12 09:30:30.13571,410089b8-14d8-421c-b92f-2e545c15d58a,84,phone,false,false,219
47b48dc5-4e1f-4112-8285-46f946409f65,f6779161-bd97-4375-abc5-ec30b05de76f,2026-04-12 09:30:30.389479,2026-04-12 09:39:25.389479,b2883135-e239-4ff6-9e23-39d3a938dd1e,84,phone,false,false,535
4249517d-e0b5-47d2-9911-5f5f49312481,f6779161-bd97-4375-abc5-ec30b05de76f,2026-04-12 09:39:26.25842,2026-04-12 09:40:33.25842,34565b5c-626f-4643-b28e-a70fe00aeada,84,phone,false,false,67
965aaeb7-4108-4795-a67c-3b5b8b69ecf2,f6779161-bd97-4375-abc5-ec30b05de76f,2026-04-12 09:40:34.196628,2026-04-12 09:46:19.196628,d3939d7c-5a39-4013-802a-ff724a0f9798,84,phone,true,false,345
e09d5446-0e46-41dd-871c-f2cc68386468,f6779161-bd97-4375-abc5-ec30b05de76f,2026-04-12 09:46:19.602137,2026-04-12 09:53:55.602137,afa5a936-d8ae-4899-b5a0-0900ca15c384,84,desktop,true,false,456
eabfdd36-b663-4963-b318-9e337c27e7db,f6779161-bd97-4375-abc5-ec30b05de76f,2026-04-12 09:53:56.228325,2026-04-12 09:59:38.228325,985b0796-ac5e-4923-8d96-e732c9595819,84,desktop,false,false,342
2247f7e9-cf5d-41b5-a943-1d55afec63ec,f6779161-bd97-4375-abc5-ec30b05de76f,2026-04-12 09:59:38.95862,2026-04-12 10:02:17.95862,7011548c-369c-41a0-adf2-8f370099572f,84,tablet,true,false,159
46e3d2f9-4e62-4756-8168-97edd907e94e,f6779161-bd97-4375-abc5-ec30b05de76f,2026-04-12 10:02:18.93902,2026-04-12 10:10:27.93902,908eeba5-4cf6-45c6-9a31-be408f34f453,84,tablet,true,false,489
a1eaf205-3578-4970-ad36-834a0691cac3,f6779161-bd97-4375-abc5-ec30b05de76f,2026-04-12 10:10:28.419903,2026-04-12 10:19:39.419903,b5ffd8e7-946a-4083-a241-cc7224aef051,84,tablet,true,false,551
be395fe7-d1cc-4df4-bfc0-e57841fedbf5,f6779161-bd97-4375-abc5-ec30b05de76f,2026-04-12 10:19:39.823193,2026-04-12 10:22:14.823193,eaececf6-1d3f-4824-a453-9f61ea47099f,84,phone,true,false,155
e75d8bb9-3c9d-442a-ba13-ddef44a7c281,f6779161-bd97-4375-abc5-ec30b05de76f,2026-04-12 10:22:15.142148,2026-04-12 10:26:32.142148,9f9c29cb-1f6c-474e-baa2-3d1c76cbc547,84,tablet,true,true,257
1f656a05-9ba4-46ec-8191-fe76d0dbde57,f6779161-bd97-4375-abc5-ec30b05de76f,2026-04-12 10:26:32.783334,2026-04-12 10:30:11.783334,2e48c6e7-bcc1-4811-a4e8-c954ac3db2c3,85,desktop,true,true,219
116733ca-5dac-45ea-980f-124556e5ef3f,f6779161-bd97-4375-abc5-ec30b05de76f,2026-04-12 10:30:12.404727,2026-04-12 10:35:23.404727,7cbb6054-a07f-4139-847f-bd0139dd9161,86,desktop,false,false,311
59d1c107-9b08-4f9b-b1d6-64e79dcb3514,f6779161-bd97-4375-abc5-ec30b05de76f,2026-04-12 10:35:24.240819,2026-04-12 10:40:15.240819,ae1d18ef-6cf0-43d5-8607-68cbf7b59e97,86,desktop,true,false,291
996b373c-5a8c-41c0-9078-dd0ddf258a39,f6779161-bd97-4375-abc5-ec30b05de76f,2026-04-12 10:40:15.676661,2026-04-12 10:44:52.676661,70c87dc2-f75c-4df0-a37e-1bb7ad1a0c72,86,desktop,true,false,277
0ad6b98e-4f4e-47e1-9346-2e8078a63d98,f6779161-bd97-4375-abc5-ec30b05de76f,2026-04-12 10:44:53.126471,2026-04-12 10:47:53.126471,ddf33446-52af-4dc9-a421-157c291fd309,86,desktop,true,true,180
3918578e-f12d-4429-a24a-1667ba7db285,f6779161-bd97-4375-abc5-ec30b05de76f,2026-05-04 10:47:53.462753,2026-05-04 10:52:37.462753,ffc8aa8f-1244-4b50-b7a6-8580c516da5b,87,desktop,true,false,284
2ceb7189-4cc8-4f64-8c88-0c603bf272d2,f6779161-bd97-4375-abc5-ec30b05de76f,2026-05-04 10:52:37.765172,2026-05-04 10:57:44.765172,e8072803-e421-4c34-a757-16e530967933,87,desktop,true,false,307
d7842e01-082f-45e0-993e-364fc37ecf8b,f6779161-bd97-4375-abc5-ec30b05de76f,2026-05-04 10:57:45.593189,2026-05-04 11:01:52.593189,039bd0ea-4920-4263-a1df-e0dce9ec8864,87,desktop,true,true,247
b28c2525-1f98-49df-a897-e851acf7b65b,f6779161-bd97-4375-abc5-ec30b05de76f,2026-05-05 11:01:52.734052,2026-05-05 11:09:52.734052,c433f5a5-36d3-469b-834a-9426c3837e20,88,desktop,true,false,480
391ff913-606d-439c-841d-b419e1abecdf,f6779161-bd97-4375-abc5-ec30b05de76f,2026-05-05 11:09:53.427922,2026-05-05 11:16:12.427922,7a64593f-81dd-4e23-924c-8d9264ac8a31,88,tablet,false,false,379
077bcdc7-fa53-49a5-9247-0ef5bf15fa3e,f6779161-bd97-4375-abc5-ec30b05de76f,2026-05-05 11:16:13.093192,2026-05-05 11:21:20.093192,c71e3417-9e13-4774-84e3-581a33f93b85,88,tablet,true,false,307
8f7395d6-b943-4152-bdb1-e22a3229aa70,f6779161-bd97-4375-abc5-ec30b05de76f,2026-05-05 11:21:20.267322,2026-05-05 11:28:33.267322,a6d62aa7-c6c2-41cb-bd74-b4132a59c590,88,tablet,true,true,433
ee5a2328-b6a4-48b2-8ae8-86aeabbcd826,f6779161-bd97-4375-abc5-ec30b05de76f,2026-05-05 11:28:33.528718,2026-05-05 11:33:50.528718,6c01ad8b-0a31-43d5-ad59-f1ba1ef988b7,89,tablet,true,false,317
7d725c81-e3fb-4540-ae45-2c88ac1ca625,f6779161-bd97-4375-abc5-ec30b05de76f,2026-05-05 11:33:51.309811,2026-05-05 11:37:38.309811,6f63aef9-ea37-4b3d-9aa5-a1bca61f16d8,89,tablet,true,true,227
e5b05497-be75-46c3-84ad-265fa3bbc68b,f6779161-bd97-4375-abc5-ec30b05de76f,2026-05-05 11:37:38.64438,2026-05-05 11:41:58.64438,25fa409c-8763-4338-b983-b14c9079c43a,90,tablet,true,true,260
e9276716-ca4c-428f-abd9-4ce61fd76f9a,f6779161-bd97-4375-abc5-ec30b05de76f,2026-05-05 11:41:58.690414,2026-05-05 11:51:54.690414,2c48e3da-139c-46a5-a3f7-15c014a03a6a,91,tablet,false,false,596
3d9943a2-31ca-4284-80a8-ce82e271fd1f,f6779161-bd97-4375-abc5-ec30b05de76f,2026-05-05 11:51:55.551954,2026-05-05 11:56:26.551954,e684586b-53b0-40e5-9b31-155f61b5102c,91,tablet,true,false,271
da5025db-0d4c-4ba8-8ff5-187a58073213,f6779161-bd97-4375-abc5-ec30b05de76f,2026-05-05 11:56:26.628366,2026-05-05 11:59:20.628366,81e048ae-188a-4685-b9ca-0172e98f19b1,91,tablet,true,false,174
02e0e231-9ef4-4aa5-b10b-bcedf69d5f72,f6779161-bd97-4375-abc5-ec30b05de76f,2026-05-05 11:59:21.151796,2026-05-05 12:06:12.151796,07619689-7366-4b55-aa27-e44c7e4ddb18,91,tablet,true,false,411
83cc0406-4502-4986-9ca1-9e451b40ffa0,f6779161-bd97-4375-abc5-ec30b05de76f,2026-05-05 12:06:12.423284,2026-05-05 12:11:33.423284,7173bb9e-6cbd-4627-a107-fc2f89497afb,91,tablet,true,true,321
5d6360b7-e6c4-4d5a-a5c3-951463aff4cc,f6779161-bd97-4375-abc5-ec30b05de76f,2026-05-05 12:11:33.998452,2026-05-05 12:15:37.998452,36d961ac-f7f8-477a-8dcd-f1012f320a28,92,desktop,false,false,244
c7931b6a-8598-4ac3-95d9-05a074b9e6c2,f6779161-bd97-4375-abc5-ec30b05de76f,2026-05-05 12:15:38.604104,2026-05-05 12:20:31.604104,7b0915a5-962b-4b55-930f-83738f0d9751,92,tablet,true,true,293
d739662a-6eb8-4353-91b8-9c73c088ab22,f6779161-bd97-4375-abc5-ec30b05de76f,2026-05-05 12:20:32.125724,2026-05-05 12:24:48.125724,1ad252b8-4e80-4171-bc98-f418738c4800,93,tablet,true,false,256
971af25a-0ab4-4340-89dd-64b8eaf31efe,f6779161-bd97-4375-abc5-ec30b05de76f,2026-05-05 12:24:49.116923,2026-05-05 12:30:21.116923,ade6a9f5-ddc1-4c7d-a721-3d77401643fb,93,phone,false,false,332
445a5806-5670-411f-a839-733d8d93383b,f6779161-bd97-4375-abc5-ec30b05de76f,2026-05-05 12:30:21.546931,2026-05-05 12:36:36.546931,2c9d48fe-8b94-4017-bb07-83b09f177f25,93,phone,false,false,375
92723490-0ed0-47bc-a14f-60bc808255b7,f6779161-bd97-4375-abc5-ec30b05de76f,2026-05-05 12:36:37.120902,2026-05-05 12:43:53.120902,7cb39d3d-c443-415e-b593-d41e209a80da,93,phone,true,false,436
16057a98-881b-4f64-969d-336874966e87,f6779161-bd97-4375-abc5-ec30b05de76f,2026-05-05 12:43:53.546517,2026-05-05 12:48:50.546517,1841e972-5a6f-43cd-9791-0ebc39284bad,93,desktop,true,true,297
ba5243a1-e163-4e33-92a3-ed7ffb515ea1,f6779161-bd97-4375-abc5-ec30b05de76f,2026-05-05 12:48:51.15128,2026-05-05 12:52:58.15128,64dd0966-74b5-409f-9169-a718de9eacb1,94,desktop,false,false,247
41962970-4057-4639-9afb-33018ab497cf,f6779161-bd97-4375-abc5-ec30b05de76f,2026-05-05 12:52:58.474671,2026-05-05 12:53:40.474671,6d1789f3-44ce-49aa-8c16-c81d50c0c2f9,94,desktop,false,false,42
21cde81e-ee0a-4920-88a9-b777b35577da,f6779161-bd97-4375-abc5-ec30b05de76f,2026-05-05 12:53:40.91755,2026-05-05 12:55:47.91755,a56f9df3-2045-44fc-af73-6ad1cd58be85,94,desktop,true,true,127
d3aeaa28-125d-4578-b86d-8593f444558c,f6779161-bd97-4375-abc5-ec30b05de76f,2026-05-05 12:55:47.927392,2026-05-05 12:59:38.927392,99a2bf45-1136-41f8-9c93-ace19f0e13ef,95,desktop,true,false,231
702e627b-372a-436a-97e6-59497184b7c3,f6779161-bd97-4375-abc5-ec30b05de76f,2026-05-05 12:59:39.246759,2026-05-05 13:05:59.246759,1b4bdecb-b9a7-4ebc-b35b-62ea4f58ec4c,95,desktop,true,true,380
c63f8bfb-e71b-4e2f-a05e-0e5e32017d07,f6779161-bd97-4375-abc5-ec30b05de76f,2026-05-06 13:05:59.882931,2026-05-06 13:13:18.882931,43e383ef-8b26-4156-a3f6-08ef1bab3024,96,desktop,true,true,439
88b8b6e5-7cc2-43c5-ab68-f7e1df95a963,f6779161-bd97-4375-abc5-ec30b05de76f,2026-05-07 13:13:19.58085,2026-05-07 13:16:52.58085,6f6366f6-361e-4e5d-9930-29e5b56a4b9c,97,tablet,true,true,213
45e8c209-4788-4952-b7b7-639ddf455566,f6779161-bd97-4375-abc5-ec30b05de76f,2026-05-07 13:16:53.543339,2026-05-07 13:25:42.543339,7210ff66-dfaf-46ec-9736-5242b04ce87a,98,tablet,true,false,529
36a6d191-c2fb-4216-8b9d-a53f30e881de,f6779161-bd97-4375-abc5-ec30b05de76f,2026-05-07 13:25:42.778564,2026-05-07 13:30:53.778564,c2981084-2584-4850-b8d4-a0c62b5696dd,98,tablet,false,false,311
7abd687d-379e-40eb-8871-896da2c70781,f6779161-bd97-4375-abc5-ec30b05de76f,2026-05-07 13:30:53.809442,2026-05-07 13:37:08.809442,f9b7eb3e-f873-4161-8b25-a9a92312beab,98,desktop,true,false,375
b43888bd-64df-4b57-b665-5b84f140562f,f6779161-bd97-4375-abc5-ec30b05de76f,2026-05-07 13:37:09.802348,2026-05-07 13:42:02.802348,df72611c-b607-404c-9791-d62ea14d8aea,98,desktop,true,true,293
a239b6c3-7bb6-45f7-aaef-e14d77f99b8d,f6779161-bd97-4375-abc5-ec30b05de76f,2026-05-07 13:42:03.624042,2026-05-07 13:48:09.624042,cb34ff5a-8a92-43cd-82a7-ad23f252a69b,99,desktop,false,false,366
99eb49f9-6cbf-422a-9cd7-82aac1218e59,f6779161-bd97-4375-abc5-ec30b05de76f,2026-05-07 13:48:09.93654,2026-05-07 13:51:41.93654,9f7c2fd4-ff77-40bf-8266-dfd7fb8c9d3d,99,desktop,true,true,212
8e2df574-8a06-4a82-93f2-51054c6ab571,f6779161-bd97-4375-abc5-ec30b05de76f,2026-05-07 13:51:42.632917,2026-05-07 13:56:42.632917,6c2145ce-0eb8-4b6c-9ff0-b4561997374f,100,desktop,true,false,300
c4d88989-8fa3-40e4-85d4-a2a4c19057d2,f6779161-bd97-4375-abc5-ec30b05de76f,2026-05-07 13:56:43.165685,2026-05-07 14:04:01.165685,33643318-5c58-4cee-9b9c-5fbd92920cf0,100,tablet,true,false,438
8279550c-e360-445e-971e-54af6b907262,f6779161-bd97-4375-abc5-ec30b05de76f,2026-05-07 14:04:02.147748,2026-05-07 14:08:58.147748,415f6312-1d5b-496d-b039-13261c77616f,100,phone,true,false,296
b79e5e0a-35b3-450b-8501-b0bde611c178,f6779161-bd97-4375-abc5-ec30b05de76f,2026-05-07 14:08:59.111328,2026-05-07 14:17:46.111328,748a85da-d41d-4555-8971-0fe448fe4659,100,phone,true,true,527
3a48c8fe-0768-4bb9-8110-4dacceaebb04,f6d8fbfc-3da0-464e-8a79-747e35ff8e6a,2026-01-01 23:02:08,2026-01-01 23:10:51,ff11e975-99dc-440f-a9fa-5ac7e91900eb,1,tablet,true,true,523
ada12536-0e0f-4574-8bb5-a8d33ead884c,f6d8fbfc-3da0-464e-8a79-747e35ff8e6a,2026-01-01 23:10:51.539721,2026-01-01 23:14:04.539721,016c50bb-bf52-477f-a6a5-24843bafa34d,2,tablet,false,false,193
965d07c3-0e3d-4e8e-a9fd-b72b78a294b0,f6d8fbfc-3da0-464e-8a79-747e35ff8e6a,2026-01-01 23:14:04.689936,2026-01-01 23:19:45.689936,5f775edb-d5ef-4e50-be38-1b41666e8c20,2,phone,true,true,341
2db0bd36-bd2a-4279-924e-6369802e090b,f6d8fbfc-3da0-464e-8a79-747e35ff8e6a,2026-01-01 23:19:46.059159,2026-01-01 23:24:17.059159,6a7e3cea-32e4-4a06-9d36-9ee45bcebd6c,3,tablet,true,true,271
d7f63f5a-e35e-4def-a392-f2359885b260,f6d8fbfc-3da0-464e-8a79-747e35ff8e6a,2026-01-01 23:24:17.657021,2026-01-01 23:32:53.657021,cdfe9eeb-f8c2-4b85-9d82-db97694b56b0,4,desktop,true,true,516
859e1ef4-4d6f-4fab-86d1-7376f198a415,f6d8fbfc-3da0-464e-8a79-747e35ff8e6a,2026-01-01 23:32:53.918416,2026-01-01 23:35:34.918416,b0423e5b-7a2a-40e2-bcc3-78d92a14ace3,5,desktop,true,true,161
4722df3f-ffb2-4a29-b2db-20040cfa1e0a,f6d8fbfc-3da0-464e-8a79-747e35ff8e6a,2026-01-02 23:35:34.944575,2026-01-02 23:40:11.944575,a068bc8c-c74a-4bba-ac4f-9ddac857839d,6,desktop,true,true,277
8294b099-12c1-4941-9afc-a52d5f62a74c,f6d8fbfc-3da0-464e-8a79-747e35ff8e6a,2026-01-02 23:40:12.364032,2026-01-02 23:49:20.364032,d6506209-1e05-4c8b-b895-04d45e69b69d,7,tablet,true,true,548
2b5c9be1-8f94-4cb0-9a32-2cce8db9b9a2,f6d8fbfc-3da0-464e-8a79-747e35ff8e6a,2026-01-02 23:49:20.996023,2026-01-02 23:58:04.996023,2c45bfb6-81ce-48ef-bbad-e1329540b5ed,8,tablet,true,true,524
78dc45b4-ff9f-46f4-ae8a-8d664917a68e,f6d8fbfc-3da0-464e-8a79-747e35ff8e6a,2026-01-02 23:58:05.436474,2026-01-03 00:03:20.436474,ddac11d7-ddc9-4a89-90fb-bdca5caf026c,9,tablet,true,true,315
511ecfe0-a25a-4d20-916b-60b7f78e957e,f6d8fbfc-3da0-464e-8a79-747e35ff8e6a,2026-01-03 00:03:20.629699,2026-01-03 00:08:20.629699,2bebe8b1-16a9-4518-82ae-41dbfb2d70ec,10,tablet,true,true,300
1032fbda-2b13-42b4-be49-29d44dbd8e84,f6d8fbfc-3da0-464e-8a79-747e35ff8e6a,2026-01-04 00:08:21.16174,2026-01-04 00:14:07.16174,458c2492-5d30-49e2-a4e3-fdfa2615b34b,11,tablet,true,true,346
dc708a42-749e-4191-b9a2-825e923752bf,f6d8fbfc-3da0-464e-8a79-747e35ff8e6a,2026-01-04 00:14:07.211851,2026-01-04 00:19:50.211851,0680dbe3-d524-42dc-af24-1a58346ec655,12,tablet,true,true,343
e16630ff-0ce9-48b3-b913-e6109e03064d,f6d8fbfc-3da0-464e-8a79-747e35ff8e6a,2026-01-04 00:19:50.243081,2026-01-04 00:26:34.243081,e09ee729-bfd5-4ee6-8061-1c5bdf93188c,13,tablet,true,true,404
1688fc2a-6ad8-494c-a88f-719e1d4e8411,f6d8fbfc-3da0-464e-8a79-747e35ff8e6a,2026-01-04 00:26:34.438628,2026-01-04 00:32:25.438628,c38a986e-df00-480a-9f5f-93faf97ac1da,14,tablet,true,true,351
051c25f4-64a2-43fe-a4c5-023549e4e6e0,f6d8fbfc-3da0-464e-8a79-747e35ff8e6a,2026-01-06 00:32:25.662058,2026-01-06 00:39:13.662058,c3a8220a-ea54-464f-8d9c-fedf238d59f9,15,tablet,true,true,408
225343ec-daa9-419b-8535-ce301117dba4,f6d8fbfc-3da0-464e-8a79-747e35ff8e6a,2026-01-06 00:39:14.500336,2026-01-06 00:44:28.500336,68157266-33f5-45e5-ba4b-f37d173b172c,16,tablet,true,true,314
ca0ffd8e-26c1-4842-b015-3ed399064ed8,f6d8fbfc-3da0-464e-8a79-747e35ff8e6a,2026-01-07 00:44:29.223262,2026-01-07 00:46:56.223262,f58cf7c7-94d4-4b64-8231-af6ef00e03db,17,tablet,false,false,147
e1026b39-1a94-4ce0-a19c-0308d8282123,f6d8fbfc-3da0-464e-8a79-747e35ff8e6a,2026-01-07 00:46:56.631081,2026-01-07 00:50:58.631081,621620a8-2187-464a-ab62-ba8b8e96afe0,17,phone,true,true,242
c57834a9-0078-4728-966e-c2fe37079258,f6d8fbfc-3da0-464e-8a79-747e35ff8e6a,2026-01-07 00:50:59.286831,2026-01-07 00:59:17.286831,cd68d1dc-9759-41ea-99d6-e3983d1b1e6d,18,phone,false,false,498
8a759dae-bfa9-478b-9681-48043c40ec49,f6d8fbfc-3da0-464e-8a79-747e35ff8e6a,2026-01-07 00:59:18.227935,2026-01-07 01:03:03.227935,152151ef-6e4e-49be-8972-41ae056b25b9,18,desktop,true,true,225
7c204d0e-af04-4be2-917b-e996b597535e,f6d8fbfc-3da0-464e-8a79-747e35ff8e6a,2026-01-07 01:03:03.994541,2026-01-07 01:13:02.994541,edac129d-7414-4f99-812a-a9efbe0fff19,19,desktop,false,false,599
faf6e34c-fd52-44e3-955b-e75301b08c5e,f6d8fbfc-3da0-464e-8a79-747e35ff8e6a,2026-01-07 01:13:03.856315,2026-01-07 01:18:11.856315,45e55619-90af-41dd-816a-299de14e5be7,19,phone,true,true,308
ae5e67db-d242-44d0-9445-d0896c666b67,f6d8fbfc-3da0-464e-8a79-747e35ff8e6a,2026-01-07 01:18:11.930216,2026-01-07 01:23:28.930216,69a46848-07f4-4ba8-ac81-f6277c3bfb74,20,phone,true,true,317
212b637d-81ea-4517-a788-a54754ae0d69,f6d8fbfc-3da0-464e-8a79-747e35ff8e6a,2026-01-09 01:23:29.146725,2026-01-09 01:31:17.146725,9e083d73-247d-4213-a7e2-ff473ad86724,21,phone,true,true,468
6491186b-42ad-43c0-9c0f-78565b72a5b7,f6d8fbfc-3da0-464e-8a79-747e35ff8e6a,2026-01-29 01:31:17.209921,2026-01-29 01:39:27.209921,a6d77e5d-de98-4492-b925-4e3bf4b092f3,22,phone,true,false,490
d874897d-8b1b-4e55-aa2b-ad33151a61d7,f6d8fbfc-3da0-464e-8a79-747e35ff8e6a,2026-01-29 01:39:28.001942,2026-01-29 01:47:42.001942,733ed02a-9fe2-44d3-8e2b-adeba94ea990,22,phone,true,true,494
a79d891b-0d6c-4c1c-963b-87711d500ee2,f6d8fbfc-3da0-464e-8a79-747e35ff8e6a,2026-01-29 01:47:42.551813,2026-01-29 01:54:22.551813,292ed9e2-d28d-4a10-baf3-9882b5d5581a,23,desktop,true,true,400
127c5a99-b638-40b5-bbb9-a5e83e000325,f6d8fbfc-3da0-464e-8a79-747e35ff8e6a,2026-01-29 01:54:23.248384,2026-01-29 02:02:21.248384,cc0786dd-a842-4c8b-b9ec-25b292bf5077,24,desktop,true,true,478
b01ab76f-41fe-4b5d-abae-f3ea6ae6da09,f6d8fbfc-3da0-464e-8a79-747e35ff8e6a,2026-01-29 02:02:21.716089,2026-01-29 02:08:37.716089,9e1b6d5a-ae7a-4384-8bf5-e09967b9b632,25,desktop,false,false,376
17a391ae-1c47-4f92-adbe-8646e0ef322f,f6d8fbfc-3da0-464e-8a79-747e35ff8e6a,2026-01-29 02:08:37.821984,2026-01-29 02:16:24.821984,44656387-eb05-4145-82f7-5ce03eeb9a8f,25,desktop,true,true,467
dc7d240f-f0b0-4905-9606-460c2d06ceac,f6d8fbfc-3da0-464e-8a79-747e35ff8e6a,2026-01-29 02:16:25.289479,2026-01-29 02:22:48.289479,69c23d99-fe69-418b-ab88-6f4ef2d74713,26,desktop,false,false,383
71476ce8-62ce-48e3-bbe8-7eee9ec90a78,f6d8fbfc-3da0-464e-8a79-747e35ff8e6a,2026-01-29 02:22:48.675021,2026-01-29 02:26:38.675021,656487a6-ce02-4d99-b751-0690861f4ae8,26,desktop,true,false,230
58e4114e-9322-4fef-86ec-abd4c4bdcd3b,f6d8fbfc-3da0-464e-8a79-747e35ff8e6a,2026-01-29 02:26:39.17468,2026-01-29 02:31:11.17468,cdef6b94-5a42-41ce-bf03-a1fcb2f5e85c,26,desktop,true,true,272
0d99a4d7-a6fa-49cf-bc33-4f288a2b63de,f6d8fbfc-3da0-464e-8a79-747e35ff8e6a,2026-01-29 02:31:11.729714,2026-01-29 02:35:05.729714,2a463b5e-48b5-40b8-a444-ad022501808d,27,desktop,true,true,234
00230e31-db75-4ef1-b81e-9b80c255f375,f6d8fbfc-3da0-464e-8a79-747e35ff8e6a,2026-01-29 02:35:06.172499,2026-01-29 02:41:02.172499,fd92be99-cb67-4301-b74c-21725f7af83b,28,phone,true,true,356
57bcf597-af97-4990-af35-88db359d0e70,f6d8fbfc-3da0-464e-8a79-747e35ff8e6a,2026-01-29 02:41:02.254781,2026-01-29 02:44:44.254781,3ded8564-3df6-4bef-9ff6-5937df2371ea,29,desktop,true,true,222
58cee08e-b55a-474f-a1b0-4c8f207bf1ce,f6d8fbfc-3da0-464e-8a79-747e35ff8e6a,2026-01-29 02:44:44.331365,2026-01-29 02:45:49.331365,e17ec4fe-eee0-4b4e-ad85-3ad543119848,30,desktop,false,false,65
b7895d0d-43f5-439e-bf2c-ba0330256064,f6d8fbfc-3da0-464e-8a79-747e35ff8e6a,2026-01-29 02:45:49.598634,2026-01-29 02:52:18.598634,7445bee8-8b60-481f-a98a-d84dc0ed05e8,30,desktop,true,true,389
3c4eec16-1bdd-4842-85fe-2b6a155b2cdc,f6d8fbfc-3da0-464e-8a79-747e35ff8e6a,2026-02-12 02:52:18.642805,2026-02-12 02:58:03.642805,16578d7a-37ef-456a-af9a-d5271c15c176,31,desktop,true,true,345
913e4be1-ecd3-4e67-b74b-c8f8fc7048b8,f6d8fbfc-3da0-464e-8a79-747e35ff8e6a,2026-02-14 02:58:04.495866,2026-02-14 03:05:03.495866,ff51bef6-fb11-4d9f-8b8e-6fe5762f8e3d,32,desktop,true,true,419
0cff218f-2f5d-4c2f-84ff-ece4faa6a013,f6d8fbfc-3da0-464e-8a79-747e35ff8e6a,2026-02-15 03:05:04.337743,2026-02-15 03:12:39.337743,e3eff83d-9185-4de5-a190-35dc3a53215d,33,desktop,true,false,455
4c0575bb-167c-4e31-a98b-86276ba16399,f6d8fbfc-3da0-464e-8a79-747e35ff8e6a,2026-02-15 03:12:40.283729,2026-02-15 03:16:56.283729,fe160750-9e98-49bd-b800-9bf2c2b74539,33,desktop,true,true,256
241bb592-dd54-4b6f-b9b6-eeb579ee556d,f6d8fbfc-3da0-464e-8a79-747e35ff8e6a,2026-02-15 03:16:56.977709,2026-02-15 03:19:19.977709,7c02a8a3-6f5e-413f-bc39-8445ae56a7f5,34,desktop,true,false,143
ca2ade89-5310-4d24-a226-296a15eb32cb,f6d8fbfc-3da0-464e-8a79-747e35ff8e6a,2026-02-15 03:19:20.054195,2026-02-15 03:24:59.054195,8a2550d0-e774-4f2a-a12e-10a8564f0676,34,desktop,true,true,339
c22249f1-7de7-429f-b2eb-506f491de79e,f6d8fbfc-3da0-464e-8a79-747e35ff8e6a,2026-02-16 03:24:59.639083,2026-02-16 03:29:21.639083,8eaaf0bb-f3bb-434e-8333-960a2bc782fa,35,desktop,true,true,262
32d46a7b-c479-4626-b09d-40813b02c988,f6d8fbfc-3da0-464e-8a79-747e35ff8e6a,2026-02-16 03:29:21.777162,2026-02-16 03:32:47.777162,74f74136-8f55-4120-9d24-1bbb2cefd2ca,36,phone,true,true,206
732a7f90-04b3-4e60-9414-1b3a94e9b89a,f6d8fbfc-3da0-464e-8a79-747e35ff8e6a,2026-02-16 03:32:47.848002,2026-02-16 03:34:22.848002,6dc0cdfe-4e31-4004-9261-336254878e6d,37,desktop,false,false,95
d5218bd0-6bba-4bca-9721-8694df21bef3,f6d8fbfc-3da0-464e-8a79-747e35ff8e6a,2026-02-16 03:34:23.241387,2026-02-16 03:41:20.241387,bfa73e95-1a61-4855-95c1-822778a9cdd2,37,desktop,true,true,417
2488338f-c425-406f-a0b1-331560325078,f6d8fbfc-3da0-464e-8a79-747e35ff8e6a,2026-02-16 03:41:20.646902,2026-02-16 03:46:40.646902,5ab7fe18-6c6e-419a-8bfe-6b5dce9610ea,38,phone,true,false,320
4cbf44f3-35e0-469a-88b6-6add2b5a68db,f6d8fbfc-3da0-464e-8a79-747e35ff8e6a,2026-02-16 03:46:40.852025,2026-02-16 03:52:40.852025,a5182f05-18dc-4fbf-87b5-5c9615e92b69,38,phone,true,true,360
811b3fe1-348d-4b44-b413-493616cc64ad,f6d8fbfc-3da0-464e-8a79-747e35ff8e6a,2026-02-16 03:52:40.913063,2026-02-16 03:59:14.913063,97cf1e8b-9201-4ce5-a805-601ff9fb77d3,39,desktop,true,false,394
202d1c11-03ee-424a-87b7-e6a435aa2f7a,f6d8fbfc-3da0-464e-8a79-747e35ff8e6a,2026-02-16 03:59:15.203245,2026-02-16 04:04:23.203245,f58632f5-7123-4e7f-b416-2e212a2a6750,39,phone,true,true,308
306d5382-98b1-470e-bb7b-5f7847858132,f6d8fbfc-3da0-464e-8a79-747e35ff8e6a,2026-02-17 04:04:23.699147,2026-02-17 04:09:19.699147,303dde14-9588-4d0c-9cb6-42517fdf359d,40,phone,true,true,296
8d590df3-ecf1-411e-9ddf-721a9cb36799,f6d8fbfc-3da0-464e-8a79-747e35ff8e6a,2026-02-19 04:09:19.825589,2026-02-19 04:13:53.825589,a31e94f6-ff95-429c-b945-88a7f1767351,41,tablet,true,true,274
730415f5-27b9-45cd-95c8-8a3b562e3223,f6d8fbfc-3da0-464e-8a79-747e35ff8e6a,2026-02-20 04:13:54.04296,2026-02-20 04:18:57.04296,e5bb8fc1-7c62-4738-9b6b-76840bc34be9,42,tablet,true,true,303
853aca8e-824d-4917-826e-76e0a8b22e55,f6d8fbfc-3da0-464e-8a79-747e35ff8e6a,2026-02-21 04:18:57.501318,2026-02-21 04:24:01.501318,27a1b63b-8e8d-4f68-8e9a-c0e3825cf419,43,tablet,true,false,304
88ff5e21-572c-4e2e-82e4-4452adfffad1,f6d8fbfc-3da0-464e-8a79-747e35ff8e6a,2026-02-21 04:24:01.726437,2026-02-21 04:26:37.726437,ce66741d-f457-472a-9d21-e87f0b3567f9,43,tablet,true,false,156
5401d28d-85bc-4d4e-b96a-6a23638a3943,f6d8fbfc-3da0-464e-8a79-747e35ff8e6a,2026-02-21 04:26:38.280825,2026-02-21 04:30:59.280825,1fcd9a8d-6d41-4ca5-b918-73d7d6f20714,43,phone,true,false,261
da14a75a-9974-4da6-a44d-b81d1a9537a8,f6d8fbfc-3da0-464e-8a79-747e35ff8e6a,2026-02-21 04:30:59.782961,2026-02-21 04:35:32.782961,a1b961ca-1977-4c02-b806-7b213400df3a,43,phone,true,false,273
7553d83d-c087-4288-b595-17bb057e5ebc,f6d8fbfc-3da0-464e-8a79-747e35ff8e6a,2026-02-21 04:35:33.573298,2026-02-21 04:38:44.573298,dc82a727-7577-4dd5-8e53-e738958410a7,43,phone,false,false,191
719613d3-bdea-4bd6-ac33-b04c40b29f24,f6d8fbfc-3da0-464e-8a79-747e35ff8e6a,2026-02-21 04:38:44.64803,2026-02-21 04:42:04.64803,a8d61a6e-3e94-4477-8f0c-fd3e459200a3,43,phone,false,false,200
780a7016-a0df-4e9b-b6e8-87f32740f688,f6d8fbfc-3da0-464e-8a79-747e35ff8e6a,2026-02-21 04:42:04.890859,2026-02-21 04:50:42.890859,ced3e28d-7e6a-4f98-ba62-f67ed55cacd4,43,phone,true,true,518
fde80aa3-4fb5-4848-91da-d272bccfa644,f6d8fbfc-3da0-464e-8a79-747e35ff8e6a,2026-02-22 04:50:43.352683,2026-02-22 04:58:35.352683,065d6ff5-1fb0-4b9c-9e08-2b066d5b391d,44,phone,false,false,472
0dc525e1-6a22-4f25-859c-7b9e9169d3d0,f6d8fbfc-3da0-464e-8a79-747e35ff8e6a,2026-02-22 04:58:35.669151,2026-02-22 04:59:06.669151,2c74fc37-a2b8-4534-8a4d-f2f3e6cdf440,44,phone,false,false,31
aa9396d0-8c82-49db-82bf-a7b558f31c08,f6d8fbfc-3da0-464e-8a79-747e35ff8e6a,2026-02-22 04:59:06.921165,2026-02-22 05:05:12.921165,f46adeaa-87d6-4036-a7e5-6c223d89b467,44,tablet,true,true,366
5fec5385-5e22-43cc-bc6d-633188dfcaac,f6d8fbfc-3da0-464e-8a79-747e35ff8e6a,2026-02-22 05:05:12.947289,2026-02-22 05:11:15.947289,dd2966ae-0e82-4f8d-a886-fe3e78c8ce79,45,tablet,true,false,363
529bb868-f8b8-41ec-a59d-30a612ee2d3b,f6d8fbfc-3da0-464e-8a79-747e35ff8e6a,2026-02-22 05:11:16.698973,2026-02-22 05:14:36.698973,f2afa040-82c9-41a5-8331-77417af9ccf6,45,tablet,true,false,200
ce8c4649-9849-4233-9cbd-b6ced571657e,f6d8fbfc-3da0-464e-8a79-747e35ff8e6a,2026-02-22 05:14:37.382265,2026-02-22 05:23:19.382265,a3a6d00a-8eed-4f6c-bfc5-8198114d8209,45,tablet,false,false,522
30bd1c69-4ae1-4105-a0e1-c06a35a0122a,f6d8fbfc-3da0-464e-8a79-747e35ff8e6a,2026-02-22 05:23:19.794561,2026-02-22 05:26:38.794561,880b467b-4747-4141-a63d-b7ab4e5abe21,45,tablet,true,true,199
dd1b4fd2-9ef9-42e0-9a50-6b807cfb5ee5,f6d8fbfc-3da0-464e-8a79-747e35ff8e6a,2026-02-23 05:26:39.232404,2026-02-23 05:32:41.232404,21d0aca9-825e-47d4-9d62-3dc0f4db97e7,46,desktop,true,true,362
007dec69-6123-43df-98e5-004388de8006,f6d8fbfc-3da0-464e-8a79-747e35ff8e6a,2026-02-23 05:32:41.745581,2026-02-23 05:38:00.745581,cdc1df68-4578-4b62-b9e9-850ee5f101f1,47,phone,true,true,319
b6ee54a1-e5fa-4536-a33e-d8134ccf778d,f6d8fbfc-3da0-464e-8a79-747e35ff8e6a,2026-02-23 05:38:01.243498,2026-02-23 05:45:35.243498,6702335d-94db-4fe7-9ce9-78e79af43a56,48,phone,true,false,454
5914d6ba-824c-47f4-8ff7-19dbb6df0009,f6d8fbfc-3da0-464e-8a79-747e35ff8e6a,2026-02-23 05:45:36.058238,2026-02-23 05:48:07.058238,b7b5cfbf-5c92-4777-976c-d84fca74589b,48,phone,false,false,151
bd6c9bcf-237e-4ea1-966f-3717ffb3f06f,f6d8fbfc-3da0-464e-8a79-747e35ff8e6a,2026-02-23 05:48:07.565819,2026-02-23 05:51:51.565819,9cfbc95d-2d6c-4bff-92b5-fe500d007f96,48,phone,true,false,224
e13b9638-12a6-4d8d-abf7-a2cc8ff270cd,f6d8fbfc-3da0-464e-8a79-747e35ff8e6a,2026-02-23 05:51:52.028388,2026-02-23 05:56:16.028388,cf2e16eb-7bce-4fb2-8ade-427f223e50a4,48,tablet,true,false,264
ce6daf5e-e835-4742-bd95-9928137a83e5,f6d8fbfc-3da0-464e-8a79-747e35ff8e6a,2026-02-23 05:56:16.696099,2026-02-23 06:04:52.696099,3a71b188-7273-400d-9508-320a419bd57d,48,tablet,false,false,516
0dae9005-312a-4306-a03f-1f294ded5e92,f6d8fbfc-3da0-464e-8a79-747e35ff8e6a,2026-02-23 06:04:52.801666,2026-02-23 06:08:07.801666,afdd6e18-fb3a-4e77-b6fa-36627bbf3eaa,48,tablet,true,true,195
3dc99864-c55d-4080-9b85-200044c2923d,f6d8fbfc-3da0-464e-8a79-747e35ff8e6a,2026-02-23 06:08:08.029277,2026-02-23 06:17:51.029277,710a32f8-e20f-4d64-9590-5de001111b60,49,tablet,false,false,583
54111342-53dc-4d16-980a-d57f4885b65f,f6d8fbfc-3da0-464e-8a79-747e35ff8e6a,2026-02-23 06:17:51.572014,2026-02-23 06:23:14.572014,7da77350-0bf9-4e01-b6c0-701809763fae,49,tablet,true,true,323
a8a0702b-e131-4488-8fce-e63bcce85001,f6d8fbfc-3da0-464e-8a79-747e35ff8e6a,2026-02-23 06:23:14.730385,2026-02-23 06:27:41.730385,3f7cd111-559b-4bfd-bc24-7ce25f099574,50,tablet,true,true,267
e1db81df-9adc-447f-a9a4-9fe6a81380b2,f6d8fbfc-3da0-464e-8a79-747e35ff8e6a,2026-02-23 06:27:42.370302,2026-02-23 06:29:19.370302,4302facc-e32b-4de6-a71d-8ff4137d5246,51,tablet,false,false,97
1271c3ff-bc45-4ab6-9a38-793d6c61a890,f6d8fbfc-3da0-464e-8a79-747e35ff8e6a,2026-02-23 06:29:19.612351,2026-02-23 06:33:47.612351,d7775b91-7668-481d-91d6-9beaa24a5f71,51,tablet,true,true,268
987e4611-227b-4d9b-b331-aa148b512a3b,f6d8fbfc-3da0-464e-8a79-747e35ff8e6a,2026-02-23 06:33:47.954369,2026-02-23 06:36:50.954369,410cc7e2-feeb-4f36-a695-76f7b908f019,52,tablet,true,true,183
b8b6d6c4-7ab1-4d9a-801a-94773ecbbb85,f6d8fbfc-3da0-464e-8a79-747e35ff8e6a,2026-02-23 06:36:51.349163,2026-02-23 06:40:49.349163,5b89bd3d-cc7e-46be-abfb-39ddbc6f22d3,53,tablet,true,false,238
78647e9a-d555-488c-82a1-505e8c3eb28f,f6d8fbfc-3da0-464e-8a79-747e35ff8e6a,2026-02-23 06:40:49.882373,2026-02-23 06:43:15.882373,69c9094c-19b0-4cc4-a3ea-aa689289beb1,53,tablet,false,false,146
e0c2efcf-a3a2-4080-a189-80476d629d70,f6d8fbfc-3da0-464e-8a79-747e35ff8e6a,2026-02-23 06:43:16.004594,2026-02-23 06:51:38.004594,3c32465b-501b-4b41-9d1e-44917fc07b83,53,tablet,true,false,502
842b2386-6a8b-47d6-96f5-c418df0a7b22,f6d8fbfc-3da0-464e-8a79-747e35ff8e6a,2026-02-23 06:51:38.900722,2026-02-23 06:56:10.900722,4aa113a6-8062-46c3-be08-b88e2df61dfb,53,tablet,true,true,272
12b32c55-7df6-4fd9-95b0-2168ae3263ee,f6d8fbfc-3da0-464e-8a79-747e35ff8e6a,2026-02-25 06:56:11.778401,2026-02-25 06:58:45.778401,17f0c005-dca4-49f0-9670-d2ebe6237296,54,tablet,true,false,154
910fd6c7-7c12-4707-b28f-e2b6e84d8553,f6d8fbfc-3da0-464e-8a79-747e35ff8e6a,2026-02-25 06:58:46.757211,2026-02-25 07:02:07.757211,15045322-383d-4ec7-9d62-90a428dd9855,54,tablet,true,false,201
02ed3d82-5cec-4022-bbfd-31e50666febc,f6d8fbfc-3da0-464e-8a79-747e35ff8e6a,2026-02-25 07:02:08.454225,2026-02-25 07:05:22.454225,2a105851-2c36-4e78-95fb-8b61f502861b,54,tablet,true,true,194
ae2d46b6-08d5-4ecf-b63f-826180159c3a,f6d8fbfc-3da0-464e-8a79-747e35ff8e6a,2026-02-25 07:05:23.380023,2026-02-25 07:10:40.380023,c7079745-f2a0-41bf-95ce-f07dc98ed549,55,tablet,true,false,317
6fb9a67c-c2f7-47f9-ac0b-fc28552c8fb8,f6d8fbfc-3da0-464e-8a79-747e35ff8e6a,2026-02-25 07:10:40.795773,2026-02-25 07:19:18.795773,ad42bb7f-3906-46ff-a71b-6da4a14144ab,55,tablet,false,false,518
d38499ec-4147-4015-89e8-9284d79adb4a,f6d8fbfc-3da0-464e-8a79-747e35ff8e6a,2026-02-25 07:19:19.335708,2026-02-25 07:25:29.335708,e84728ee-8f8e-4bc7-a62c-0b7a9211fa47,55,tablet,true,true,370
323cf6e6-20ee-4f51-a992-2fa037b1009e,f6d8fbfc-3da0-464e-8a79-747e35ff8e6a,2026-02-25 07:25:29.643709,2026-02-25 07:29:07.643709,52972c69-689f-4a3c-aacd-2a48ab00db67,56,tablet,true,false,218
4bb8c69e-ebc5-4d76-98d5-0329115b7608,f6d8fbfc-3da0-464e-8a79-747e35ff8e6a,2026-02-25 07:29:08.171668,2026-02-25 07:32:23.171668,df8c9a5e-4b1d-4509-a17a-e24f3fd69cb7,56,tablet,true,true,195
06166dcf-2972-4b49-a90f-0101047f2b54,f6d8fbfc-3da0-464e-8a79-747e35ff8e6a,2026-02-25 07:32:23.231654,2026-02-25 07:35:59.231654,a5c3e598-0175-4d00-a606-fa413c21af3d,57,tablet,true,true,216
25755aa5-71a6-4f54-b758-08a414e39ea0,f6d8fbfc-3da0-464e-8a79-747e35ff8e6a,2026-02-25 07:35:59.968709,2026-02-25 07:40:02.968709,bee725a2-9d5d-4dc1-afb6-45ed591fdbc6,58,phone,true,true,243
24724e86-29a5-4c69-8b42-e986b711f77b,f6d8fbfc-3da0-464e-8a79-747e35ff8e6a,2026-02-26 07:40:03.232636,2026-02-26 07:44:20.232636,b3e92b60-7fde-4b79-a63c-899826d6154c,59,phone,true,true,257
a13f0953-c319-4fc9-8e01-8a5b7d2e24a6,f6d8fbfc-3da0-464e-8a79-747e35ff8e6a,2026-03-02 07:44:20.435486,2026-03-02 07:52:05.435486,0720b32b-018d-4cd6-b941-161324ee4e2a,60,phone,true,false,465
ba4cf10a-97e6-413f-a006-6bb80e8c71fc,f6d8fbfc-3da0-464e-8a79-747e35ff8e6a,2026-03-02 07:52:05.933953,2026-03-02 07:56:56.933953,1f3da63b-ca70-4ddf-91be-465ba85a481b,60,phone,true,true,291
f762fe2b-a65e-4459-a30d-fbf8924579de,f6d8fbfc-3da0-464e-8a79-747e35ff8e6a,2026-03-02 07:56:57.331465,2026-03-02 08:03:28.331465,f72f3eea-5122-4a57-b74d-7652536a42c6,61,phone,true,false,391
9446dc78-745b-470a-ae75-6f903d1677b3,f6d8fbfc-3da0-464e-8a79-747e35ff8e6a,2026-03-02 08:03:28.872239,2026-03-02 08:13:13.872239,93845f50-44c4-4614-bc47-259389b42a7f,61,phone,false,false,585
10f718d9-be43-4de2-8798-d1293d207721,f6d8fbfc-3da0-464e-8a79-747e35ff8e6a,2026-03-02 08:13:13.923964,2026-03-02 08:18:04.923964,a60e3b2f-d33b-47ca-a388-7722b9243857,61,phone,true,true,291
a2145b64-2d3a-46f1-bf66-c23a4e3f31db,f6d8fbfc-3da0-464e-8a79-747e35ff8e6a,2026-03-02 08:18:04.980655,2026-03-02 08:21:12.980655,9cc0419d-8041-4580-9ae0-67fb523458e1,62,phone,true,true,188
0f2c3787-ce5a-4278-a69d-1f4a250a0bdb,f6d8fbfc-3da0-464e-8a79-747e35ff8e6a,2026-03-05 08:21:13.906921,2026-03-05 08:26:20.906921,342998f8-3929-4491-93f2-f7c28847bbe3,63,phone,true,false,307
4766146d-7b1f-4042-b34b-4a41950e1a89,f6d8fbfc-3da0-464e-8a79-747e35ff8e6a,2026-03-05 08:26:21.539482,2026-03-05 08:33:31.539482,a4329e32-d6f8-42d6-8899-1633e0b24454,63,desktop,false,false,430
7b8c732d-402b-4c3a-b11d-4d124b744e66,f6d8fbfc-3da0-464e-8a79-747e35ff8e6a,2026-03-05 08:33:32.067926,2026-03-05 08:39:03.067926,dbe8e242-93c5-42bd-bc12-cc9825eac169,63,desktop,true,false,331
6e458642-bf94-4479-acb5-57efac32cbce,f6d8fbfc-3da0-464e-8a79-747e35ff8e6a,2026-03-05 08:39:03.286207,2026-03-05 08:45:50.286207,60bbf6c5-a526-410a-a109-fabcba789be3,63,desktop,true,false,407
cde43828-5092-4fb1-9152-f9fd0fd03b40,f6d8fbfc-3da0-464e-8a79-747e35ff8e6a,2026-03-05 08:45:50.982234,2026-03-05 08:50:37.982234,b70bd31a-7338-4268-a9e6-0dcefa77b08e,63,desktop,false,false,287
a897802c-4422-4590-b198-654b265d8108,f6d8fbfc-3da0-464e-8a79-747e35ff8e6a,2026-03-05 08:50:37.996005,2026-03-05 08:51:34.996005,d4d79ad4-879f-40b1-a9d1-f081707a8864,63,desktop,false,false,57
545a32c6-c2f2-4a09-a9a0-97bd76b1c508,f6d8fbfc-3da0-464e-8a79-747e35ff8e6a,2026-03-05 08:51:35.678105,2026-03-05 08:57:07.678105,8500c52c-d6d2-453c-b84f-acc94042ed0d,63,desktop,true,true,332
866cdbc9-f92e-4eca-b7b6-5e649d389959,f6d8fbfc-3da0-464e-8a79-747e35ff8e6a,2026-03-05 08:57:08.565158,2026-03-05 09:00:01.565158,26fd8adc-7dc9-4f36-a9e6-cd46ee354091,64,tablet,true,true,173
96650a8b-4242-4905-9a57-6d78063d5c8b,f6d8fbfc-3da0-464e-8a79-747e35ff8e6a,2026-03-05 09:00:02.265024,2026-03-05 09:06:44.265024,0097ccca-9bf3-4881-837f-4e724847e7d4,65,tablet,true,true,402
8f5a2357-1a0c-4af2-b0bc-b32c6f645962,f6d8fbfc-3da0-464e-8a79-747e35ff8e6a,2026-03-05 09:06:44.610169,2026-03-05 09:09:50.610169,d0f5055f-aef8-432e-998b-a95b217cfa13,66,tablet,false,false,186
d0646b47-d168-4d96-add3-8e529bdf7c98,f6d8fbfc-3da0-464e-8a79-747e35ff8e6a,2026-03-05 09:09:51.050493,2026-03-05 09:15:05.050493,66b9054a-897e-432f-a1a7-be8a5cb29585,66,tablet,true,false,314
0233b775-842f-447e-b15f-9615dbf0a8a7,f6d8fbfc-3da0-464e-8a79-747e35ff8e6a,2026-03-05 09:15:05.913764,2026-03-05 09:23:58.913764,42064f50-937b-43eb-a7b3-0e51bb9566a1,66,tablet,false,false,533
fb0a604a-781c-4a1b-8670-5522f3b44313,f6d8fbfc-3da0-464e-8a79-747e35ff8e6a,2026-03-05 09:23:59.320302,2026-03-05 09:30:19.320302,50ab5b41-9c81-48bc-9c92-ee4ad84545dd,66,tablet,false,false,380
7510ca53-9f13-4c14-806b-a08811a32818,f6d8fbfc-3da0-464e-8a79-747e35ff8e6a,2026-03-05 09:30:19.610365,2026-03-05 09:33:49.610365,33a255d6-4afa-47c9-b016-e567facfd3b7,66,tablet,false,false,210
81b153f1-c1a0-4420-a84d-daab0a5070c5,f6d8fbfc-3da0-464e-8a79-747e35ff8e6a,2026-03-05 09:33:50.288906,2026-03-05 09:42:13.288906,d952f890-0db8-4f0f-905c-8dd2f3404cec,66,tablet,true,false,503
33b926e3-24e7-4cdf-b617-f63175e3276f,f6d8fbfc-3da0-464e-8a79-747e35ff8e6a,2026-03-05 09:42:13.955326,2026-03-05 09:44:35.955326,d824f738-5a2c-4e5c-af4b-b7104c63fda3,66,tablet,false,false,142
0670887f-7ad2-43d3-888e-867889f8804e,f6d8fbfc-3da0-464e-8a79-747e35ff8e6a,2026-03-05 09:44:36.209555,2026-03-05 09:48:38.209555,805105c7-2745-4a6c-b0d4-dbf5cfa468d3,66,tablet,true,false,242
6852e558-89b1-404c-bf01-70b94be4cd94,f6d8fbfc-3da0-464e-8a79-747e35ff8e6a,2026-03-05 09:48:38.632169,2026-03-05 09:55:39.632169,94035362-13b1-48e1-a722-2e7ad6e913f8,66,tablet,true,false,421
903fcc29-682d-409d-a7cf-6256a64b668b,f6d8fbfc-3da0-464e-8a79-747e35ff8e6a,2026-03-05 09:55:40.084562,2026-03-05 10:01:55.084562,3e3cfe75-6d85-4823-bcc8-d5d1ffe46d23,66,tablet,true,true,375
eaa7bf48-fd3f-4833-bed6-4a4590681d53,f6d8fbfc-3da0-464e-8a79-747e35ff8e6a,2026-03-05 10:01:55.722835,2026-03-05 10:10:20.722835,962c02a2-ba9a-46e4-8673-ccb23ba68d3a,67,tablet,true,true,505
4008246e-3d9b-4ae6-bd44-2bcb858e58c9,f6d8fbfc-3da0-464e-8a79-747e35ff8e6a,2026-03-05 10:10:21.180921,2026-03-05 10:16:44.180921,6c32d6a5-fda4-4ff5-a90f-dfa070a19031,68,desktop,true,false,383
761f419a-7960-4108-bd27-1c1b0812d277,f6d8fbfc-3da0-464e-8a79-747e35ff8e6a,2026-03-05 10:16:44.311443,2026-03-05 10:21:14.311443,ed1067ff-13e6-4106-926b-615ff60ebefc,68,desktop,true,false,270
2a28e460-da13-4f3b-ab67-6d2c12dfe09a,f6d8fbfc-3da0-464e-8a79-747e35ff8e6a,2026-03-05 10:21:14.939883,2026-03-05 10:28:43.939883,cbfa1baa-6d9d-4c07-b61a-c0f7bb782918,68,desktop,true,true,449
b0880031-962d-41c7-9b00-41fb8ead7a28,f6d8fbfc-3da0-464e-8a79-747e35ff8e6a,2026-03-05 10:28:44.670653,2026-03-05 10:32:30.670653,e94a65c0-1525-44ba-b398-482a8d6c6de5,69,desktop,true,true,226
4ac39969-4ad9-486d-81fc-8ceb52458cd2,f6d8fbfc-3da0-464e-8a79-747e35ff8e6a,2026-03-05 10:32:31.342912,2026-03-05 10:40:08.342912,d7e08169-ac8a-401f-b6af-7786de3cf4f8,70,tablet,true,true,457
e78e8a70-1616-4807-9f16-2a8975b9ff55,f6d8fbfc-3da0-464e-8a79-747e35ff8e6a,2026-03-05 10:40:08.567682,2026-03-05 10:40:53.567682,a43a5953-72be-42aa-b740-d2c42c01a86a,71,phone,false,false,45
9e33b61c-4190-4b19-b759-583ade3bcee1,f6d8fbfc-3da0-464e-8a79-747e35ff8e6a,2026-03-05 10:40:53.939048,2026-03-05 10:45:41.939048,a080c555-3299-463d-9892-77b10e1b470f,71,phone,true,true,288
c72b2a46-9089-46d7-bb08-a2d9e9db2f34,f6d8fbfc-3da0-464e-8a79-747e35ff8e6a,2026-03-22 10:45:42.370795,2026-03-22 10:51:11.370795,749fb758-07c3-4b3b-8f0b-ea5084b88e3f,72,phone,true,false,329
29f3810c-3626-449b-92f0-f8750f400265,f6d8fbfc-3da0-464e-8a79-747e35ff8e6a,2026-03-22 10:51:11.491344,2026-03-22 10:56:35.491344,b7d3927c-0619-40cd-9fa5-8cb577c81a8e,72,phone,true,true,324
5cee8b99-058f-48bc-9942-9fe91bb826a5,f6d8fbfc-3da0-464e-8a79-747e35ff8e6a,2026-03-22 10:56:35.828941,2026-03-22 11:04:07.828941,f19c77a2-d5c3-4283-9968-a7daee7d3873,73,phone,true,false,452
09ed0446-b5ee-452d-8e51-ed4ef0959d0a,f6d8fbfc-3da0-464e-8a79-747e35ff8e6a,2026-03-22 11:04:08.477038,2026-03-22 11:09:27.477038,c472e2cc-4416-4eed-bc89-bebabe819f9e,73,phone,true,true,319
5536275a-6b23-4b0b-b5e7-66f09c074a2c,f6d8fbfc-3da0-464e-8a79-747e35ff8e6a,2026-03-23 11:09:27.768599,2026-03-23 11:11:56.768599,a11733e6-b591-4195-bcad-f5503b7264c4,74,phone,true,true,149
e230fa6d-412e-49a9-acd2-231a5dba85bb,f6d8fbfc-3da0-464e-8a79-747e35ff8e6a,2026-03-23 11:11:57.59327,2026-03-23 11:16:06.59327,055b7e3a-4f4f-4889-b113-b9835a3194f9,75,phone,true,true,249
e8578681-0af6-4f26-959c-d0c729cbd4b5,f6d8fbfc-3da0-464e-8a79-747e35ff8e6a,2026-03-23 11:16:07.003731,2026-03-23 11:24:36.003731,e5b3d5e9-b447-43aa-a32d-7fdb49540f81,76,desktop,true,true,509
c76329b9-829d-4af8-a117-e2e457f61fd9,f6d8fbfc-3da0-464e-8a79-747e35ff8e6a,2026-03-23 11:24:36.418984,2026-03-23 11:26:37.418984,1e1d49fe-6722-486a-ae0a-33131425c508,77,desktop,false,false,121
4d623b2c-9df2-4431-85b1-5dd98758207b,f6d8fbfc-3da0-464e-8a79-747e35ff8e6a,2026-03-23 11:26:37.946269,2026-03-23 11:31:24.946269,3acc5f18-f593-4aea-8052-59ef77a6ef0f,77,phone,true,true,287
8a8e54f8-e71d-4517-b58d-07dcc81ec3af,f6d8fbfc-3da0-464e-8a79-747e35ff8e6a,2026-03-23 11:31:25.882498,2026-03-23 11:35:21.882498,280b8db1-3741-47dd-9372-18cc617857cc,78,phone,true,false,236
7441c8ac-d5a9-469b-9fb3-b795e6a6692d,f6d8fbfc-3da0-464e-8a79-747e35ff8e6a,2026-03-23 11:35:22.110793,2026-03-23 11:39:05.110793,03a03cd2-9c3e-4c6a-bc0f-d8b0b7fdc94c,78,phone,true,false,223
8a92473f-a161-4e5e-8456-f86aff8b7829,f6d8fbfc-3da0-464e-8a79-747e35ff8e6a,2026-03-23 11:39:05.539776,2026-03-23 11:44:18.539776,3af19aa4-75da-4a0e-92ad-dc0531fa9e5b,78,phone,false,false,313
ab4b6054-c6aa-4f0c-a450-c2a97ff15efc,f6d8fbfc-3da0-464e-8a79-747e35ff8e6a,2026-03-23 11:44:19.144512,2026-03-23 11:50:19.144512,24e99b6e-6668-4baa-96e4-e120fa59338d,78,phone,true,true,360
2d6c862e-866f-4c2c-b250-0a29663a963e,f6d8fbfc-3da0-464e-8a79-747e35ff8e6a,2026-03-23 11:50:19.374637,2026-03-23 11:54:10.374637,0ac8469a-add4-46a2-b392-04b0497c3031,79,phone,true,true,231
a5fdff56-e72b-4363-bfd2-96b236f75ad0,f6d8fbfc-3da0-464e-8a79-747e35ff8e6a,2026-03-23 11:54:10.741155,2026-03-23 11:58:27.741155,2dd5b39e-051a-4624-aea4-fa5acb37e799,80,phone,true,true,257
b4f7e3cd-bad1-4f25-b965-0bea4e1004d4,f6d8fbfc-3da0-464e-8a79-747e35ff8e6a,2026-03-24 11:58:27.767302,2026-03-24 12:05:17.767302,e3b4f3af-77f8-40e9-9221-2bb0ed2d1e34,81,phone,true,false,410
6b8aab2c-9c62-4cdc-b732-04fc21205350,f6d8fbfc-3da0-464e-8a79-747e35ff8e6a,2026-03-24 12:05:18.125483,2026-03-24 12:10:32.125483,500b94af-7a10-42c7-be7d-30ca77756f09,81,desktop,false,false,314
24200aa6-50d5-42f3-92e5-260e79367950,f6d8fbfc-3da0-464e-8a79-747e35ff8e6a,2026-03-24 12:10:33.052006,2026-03-24 12:14:36.052006,8b8704af-0dc5-4ac5-bfcd-7b475fccabb8,81,desktop,true,true,243
a433d6be-481c-4c9e-bede-3f668651083f,f6d8fbfc-3da0-464e-8a79-747e35ff8e6a,2026-03-24 12:14:37.022366,2026-03-24 12:21:08.022366,8b845cb5-6ec5-4b91-9424-58c7159a2eac,82,desktop,true,true,391
dda63784-f793-4d6a-a690-cb5e125ff055,f6d8fbfc-3da0-464e-8a79-747e35ff8e6a,2026-03-24 12:21:08.234901,2026-03-24 12:24:46.234901,c03f56a2-6e29-48ef-a1d8-f6b44f7d2510,83,desktop,true,false,218
0f71d259-37e5-41d5-8b73-85bb96f1c6c4,f6d8fbfc-3da0-464e-8a79-747e35ff8e6a,2026-03-24 12:24:46.415459,2026-03-24 12:29:17.415459,038c8147-fa85-4c2f-ab64-2cfb88a31f35,83,desktop,true,false,271
bd36b906-82dd-4ec3-8254-05898590044d,f6d8fbfc-3da0-464e-8a79-747e35ff8e6a,2026-03-24 12:29:17.552374,2026-03-24 12:33:01.552374,3c155e5a-feff-41b0-8ed0-c2b7350f2d16,83,desktop,true,false,224
90dda68f-b50f-454f-b1e6-039457f23e5c,f6d8fbfc-3da0-464e-8a79-747e35ff8e6a,2026-03-24 12:33:02.396204,2026-03-24 12:37:30.396204,6ade483d-fdf1-462d-8b1f-5f4283a24959,83,phone,true,false,268
3527680d-6cd0-4f5f-8b7a-09e241705600,f6d8fbfc-3da0-464e-8a79-747e35ff8e6a,2026-03-24 12:37:30.656408,2026-03-24 12:43:53.656408,6d05d085-87f9-472c-9558-9ccc3e951d16,83,tablet,true,false,383
a2703e61-f8c6-4000-95d7-fb912d97ad50,f6d8fbfc-3da0-464e-8a79-747e35ff8e6a,2026-03-24 12:43:54.308902,2026-03-24 12:45:15.308902,4ee27ea8-d9a1-4b8e-934f-dc10b6f604f7,83,desktop,false,false,81
0bcde566-42ab-482f-80c4-f4c2f287c70a,f6d8fbfc-3da0-464e-8a79-747e35ff8e6a,2026-03-24 12:45:15.699637,2026-03-24 12:52:35.699637,6172c7a6-25b1-4fd1-83e8-e88c92e5a05a,83,desktop,false,false,440
c886dce5-e7ac-4aee-b157-9759546a2bae,f6d8fbfc-3da0-464e-8a79-747e35ff8e6a,2026-03-24 12:52:36.161341,2026-03-24 12:57:31.161341,916c28fc-9a8d-4113-b5d0-23c7217a37e2,83,desktop,true,true,295
c73c92bb-718f-47c9-9a7a-c3e35f4b7b4f,f6d8fbfc-3da0-464e-8a79-747e35ff8e6a,2026-04-03 12:57:31.505054,2026-04-03 13:05:05.505054,ac7eaafd-d48e-4c51-adf0-685e109262e7,84,desktop,false,false,454
625430d7-fb8f-4154-851d-ac97f05bbbfc,f6d8fbfc-3da0-464e-8a79-747e35ff8e6a,2026-04-03 13:05:05.693221,2026-04-03 13:14:00.693221,a608ee42-c9ef-4a3a-9cad-5cfb60c408a1,84,tablet,true,false,535
ac3af239-e488-4076-9b64-1b9117fd755a,f6d8fbfc-3da0-464e-8a79-747e35ff8e6a,2026-04-03 13:14:00.873056,2026-04-03 13:18:02.873056,927a9e7e-b789-408d-bc70-c59ae2b793a2,84,desktop,true,false,242
ed9255b7-47fa-4a24-a075-d1738901d676,f6d8fbfc-3da0-464e-8a79-747e35ff8e6a,2026-04-03 13:18:03.334376,2026-04-03 13:26:40.334376,138cc52b-894c-4c27-b635-6cf28210bcb3,84,desktop,true,true,517
8203d8db-6dc1-4e81-8ddb-130ec5dace4c,f6d8fbfc-3da0-464e-8a79-747e35ff8e6a,2026-04-03 13:26:40.341152,2026-04-03 13:33:47.341152,c3cc2545-3ca3-4093-b4b9-5475053f6171,85,tablet,false,false,427
29828385-e708-4f95-a6e0-c0a8bb53d8fe,f6d8fbfc-3da0-464e-8a79-747e35ff8e6a,2026-04-03 13:33:47.702163,2026-04-03 13:41:00.702163,aa4c36a9-f675-44ac-aada-15b05ffb251e,85,tablet,true,true,433
17b091d8-7be1-44aa-9313-66b14d82a791,f6d8fbfc-3da0-464e-8a79-747e35ff8e6a,2026-04-03 13:41:01.388127,2026-04-03 13:46:35.388127,6a3da8b3-9348-4685-aa4c-dc87bdae7209,86,tablet,true,false,334
1e5705e4-6cfa-41bc-b255-e87afb0e2f01,f6d8fbfc-3da0-464e-8a79-747e35ff8e6a,2026-04-03 13:46:35.460058,2026-04-03 13:51:20.460058,2a9b6103-7968-4449-82c4-de25704b5435,86,tablet,true,false,285
926e4a58-f90a-45af-a7bf-fdfec7acb456,f6d8fbfc-3da0-464e-8a79-747e35ff8e6a,2026-04-03 13:51:20.946651,2026-04-03 13:54:27.946651,7e16643a-9ccc-4b4a-9733-369f0a183e17,86,tablet,true,true,187
7838d662-0f89-4d41-8d3c-4cafa3d439d7,f6d8fbfc-3da0-464e-8a79-747e35ff8e6a,2026-04-03 13:54:28.61905,2026-04-03 13:58:06.61905,2164a804-4c39-49d2-8787-7f47dfc090ea,87,tablet,false,false,218
de4c8ddb-7dd6-46c1-9aa8-abccb3e19e2d,f6d8fbfc-3da0-464e-8a79-747e35ff8e6a,2026-04-03 13:58:06.941339,2026-04-03 14:02:10.941339,5b0a65b2-4408-4a8d-874d-5241b2af0080,87,tablet,true,false,244
f6558d3e-fbd6-4aa1-bd60-5ca505930139,f6d8fbfc-3da0-464e-8a79-747e35ff8e6a,2026-04-03 14:02:11.440997,2026-04-03 14:10:39.440997,f671917e-f3eb-4990-8aab-42801f2ec5f2,87,tablet,true,true,508
c603e85d-54e4-42f7-9253-c6e1eabfbf8e,f6d8fbfc-3da0-464e-8a79-747e35ff8e6a,2026-04-05 14:10:40.232206,2026-04-05 14:14:44.232206,b6708e4a-fa08-4f6e-9cd7-cc90bddea036,88,tablet,true,true,244
96f6b264-47c1-4629-b8c9-87d5990d48cf,f6d8fbfc-3da0-464e-8a79-747e35ff8e6a,2026-04-21 14:14:44.66859,2026-04-21 14:18:46.66859,03bfa8f8-412a-4ddb-8557-b5c7e63102a4,89,desktop,true,true,242
6cebfd30-b75e-44bf-bb54-db7996aca666,f6d8fbfc-3da0-464e-8a79-747e35ff8e6a,2026-04-22 14:18:47.51107,2026-04-22 14:24:23.51107,75f8d44c-71ad-48e6-9c17-e695e1259e1d,90,phone,true,false,336
d36d8230-e3f4-4f70-a4eb-1442fff5a1a8,f6d8fbfc-3da0-464e-8a79-747e35ff8e6a,2026-04-22 14:24:23.604979,2026-04-22 14:27:50.604979,fe24b2c7-74b8-4be1-9e73-0a7282049f54,90,phone,true,true,207
a0e21062-1b9e-483c-89bb-d67517bc4ad3,f6d8fbfc-3da0-464e-8a79-747e35ff8e6a,2026-04-22 14:27:51.04257,2026-04-22 14:34:37.04257,91bcc613-20c8-4174-bf11-bc63579b809f,91,phone,false,false,406
692b8326-c5fc-482a-96f3-8e46f21d26a7,f6d8fbfc-3da0-464e-8a79-747e35ff8e6a,2026-04-22 14:34:37.791102,2026-04-22 14:38:10.791102,e25e769d-3172-4a77-8c3d-11d56c4567ce,91,phone,true,true,213
5e67c2b3-0929-414b-88ef-e6595d35dc7e,f6d8fbfc-3da0-464e-8a79-747e35ff8e6a,2026-04-22 14:38:11.144076,2026-04-22 14:43:53.144076,0d81ad7b-8457-48f5-89b1-1299b8beb2bb,92,phone,true,true,342
c969bf6c-afef-41ea-939d-cc5faf56de14,f6d8fbfc-3da0-464e-8a79-747e35ff8e6a,2026-04-22 14:43:53.696656,2026-04-22 14:50:41.696656,9a749dbf-f3f0-4f95-a1c6-04c58dce61cf,93,phone,true,true,408
954db733-cb0f-4bc5-9e4e-9f5fb3e51d9f,f6d8fbfc-3da0-464e-8a79-747e35ff8e6a,2026-04-22 14:50:42.279398,2026-04-22 14:58:50.279398,7ef56105-a2e1-4885-8cc7-5584bbdceabc,94,phone,true,true,488
b7fd6fa7-e08d-42d7-bbad-8e74d0b1fb65,f6d8fbfc-3da0-464e-8a79-747e35ff8e6a,2026-04-22 14:58:51.027972,2026-04-22 15:06:07.027972,3b7e6c03-9fa7-4b38-ab78-2e455821a97f,95,phone,true,false,436
b06f1897-3b9c-4625-ae4f-f90e05c839b1,f6d8fbfc-3da0-464e-8a79-747e35ff8e6a,2026-04-22 15:06:07.404135,2026-04-22 15:10:16.404135,292a4de7-55dd-42c8-9d13-b9f9f5b82e28,95,phone,true,false,249
4480a648-1a57-4bbe-a18c-12e177842329,f6d8fbfc-3da0-464e-8a79-747e35ff8e6a,2026-04-22 15:10:17.388073,2026-04-22 15:15:38.388073,bf04c505-50a4-46d9-ab4b-374d12c2733e,95,phone,true,true,321
d55a509b-c5d9-45a4-8a56-891c6cee390b,f6d8fbfc-3da0-464e-8a79-747e35ff8e6a,2026-04-22 15:15:39.176053,2026-04-22 15:19:52.176053,6c88a45f-9e53-4e51-b55f-670d74961d8b,96,desktop,true,true,253
56342325-0942-4a55-9240-77911848211e,f6d8fbfc-3da0-464e-8a79-747e35ff8e6a,2026-04-22 15:19:52.783963,2026-04-22 15:24:36.783963,8f54d242-0889-49c5-9c79-cd086d1a86d0,97,desktop,true,true,284
f3ec5355-08cb-4e0a-b018-927afb58e7be,f6d8fbfc-3da0-464e-8a79-747e35ff8e6a,2026-05-14 15:24:37.643431,2026-05-14 15:31:30.643431,65d8cb10-d6f6-420b-81ee-f71d4b66dff0,98,desktop,true,false,413
1c857ddd-f431-459d-95a2-25aff5158ac2,f6d8fbfc-3da0-464e-8a79-747e35ff8e6a,2026-05-14 15:31:30.974261,2026-05-14 15:33:45.974261,95fe2c3a-7ff4-466e-b691-06750645dbd6,98,desktop,true,false,135
54158bf2-0d31-494a-a0c1-8d9bf96314c4,f6d8fbfc-3da0-464e-8a79-747e35ff8e6a,2026-05-14 15:33:46.678792,2026-05-14 15:38:01.678792,d749dae8-4c70-4a6b-8aef-0d8ed082df27,98,desktop,true,false,255
911d5853-349a-4e63-8ec2-e9d5583527cd,f6d8fbfc-3da0-464e-8a79-747e35ff8e6a,2026-05-14 15:38:02.276704,2026-05-14 15:40:51.276704,de8d3826-3b99-4765-9969-09e29f3a68c6,98,desktop,true,true,169
c84ec0fe-f903-4718-8253-a704b77e6389,f6d8fbfc-3da0-464e-8a79-747e35ff8e6a,2026-05-14 15:40:51.653589,2026-05-14 15:46:52.653589,856efade-1812-4431-97ed-f73e6ed8c5f5,99,desktop,true,false,361
e56d1183-411a-48c0-ba40-7f3147790649,f6d8fbfc-3da0-464e-8a79-747e35ff8e6a,2026-05-14 15:46:53.642412,2026-05-14 15:53:21.642412,95b13d03-38ed-4f89-a78a-a7e1b7da5d58,99,desktop,true,false,388
bda2f5fc-225f-4ba4-b896-6f7ddc80c360,f6d8fbfc-3da0-464e-8a79-747e35ff8e6a,2026-05-14 15:53:22.00965,2026-05-14 15:57:20.00965,b069f26a-0f4a-46d9-aef9-77c9ef225aaf,99,desktop,true,true,238
93682bc7-e6e9-4903-892e-249e5f389a5e,f6d8fbfc-3da0-464e-8a79-747e35ff8e6a,2026-05-14 15:57:20.340315,2026-05-14 16:00:33.340315,b6e6d9a8-fbd6-4b31-bbb0-b168e2cbc65f,100,desktop,true,false,193
3b2862d1-ffee-48dc-9be7-7039b2e75e10,f6d8fbfc-3da0-464e-8a79-747e35ff8e6a,2026-05-14 16:00:34.194127,2026-05-14 16:04:45.194127,72566a7a-c9c2-4e2e-bcfe-90d4ae6858b8,100,desktop,true,true,251
